Business Name,City,Postadres,Bezoekadres,Telephone,Website URL,Page URL
Aannemersbedrijf den Hollander,VOORSCHOTEN,Donklaan 76  2254 AD VOORSCHOTEN,Donklaan 76  2254 AD VOORSCHOTEN,071-5617309,//www.aannemervoorschoten.nl,https://www.bouwendnederland.nl/vereniging/lidbedrijf-zoeken
Anno Nu Groep B.V.,AMSTERDAM,Veemarkt 132  1019 DE AMSTERDAM,Veemarkt 132  1019 DE AMSTERDAM,020-8209095,//https://annonugroep.nl/,https://www.bouwendnederland.nl/vereniging/lidbedrijf-zoeken
BGVO B.V.,VELDHOVEN,Sint Willibrordusstraat 4  5502 BH VELDHOVEN,Sint Willibrordusstraat 4  5502 BH VELDHOVEN,040-2534598,//www.bgvo.nl,https://www.bouwendnederland.nl/vereniging/lidbedrijf-zoeken
Bumé Bouw en Onderhoud,WESTERVOORT,De Smidse 2  6931 KJ WESTERVOORT,De Smidse 2  6931 KJ WESTERVOORT,026-7410741,//www.bume.nl,https://www.bouwendnederland.nl/vereniging/lidbedrijf-zoeken
Jongbloed & Zn.,TILBURG,Ringbaan-Zuid 303  5025 SZ TILBURG,Ringbaan-Zuid 303  5025 SZ TILBURG,013-5421915,//www.jongbloedzn.nl,https://www.bouwendnederland.nl/vereniging/lidbedrijf-zoeken
Refracon B.V.,VELSEN-NOORD,Staalstraat 22  1951 JP VELSEN-NOORD,Staalstraat 22  1951 JP VELSEN-NOORD,06-37333459,//www.refracon.nl,https://www.bouwendnederland.nl/vereniging/lidbedrijf-zoeken
Schakel & Schrale b.v.,AMSTERDAM ZUIDOOST,Postbus 94595  1090 GN AMSTERDAM,Elsrijkdreef 207  1103 MJ AMSTERDAM ZUIDOOST,020-5745274,//www.schakel-schrale.nl,https://www.bouwendnederland.nl/vereniging/lidbedrijf-zoeken
24sixandsundays B.V.,HEEMSTEDE,Herenweg 133 a 2105 MG HEEMSTEDE,Herenweg 133 a 2105 MG HEEMSTEDE,,,https://www.bouwendnederland.nl/vereniging/lidbedrijf-zoeken
3Bouw B.V.,WATERINGEN,Westlandseweg 7  2291 PG WATERINGEN,Westlandseweg 7  2291 PG WATERINGEN,0174-296795,//www.3-bouw.nl,https://www.bouwendnederland.nl/vereniging/lidbedrijf-zoeken
A & S Bouw B.V.,LEIDEN,Postbus 39  2300 AA LEIDEN,Amphoraweg 16  B 2332 EE LEIDEN,071-5727886,//www.a-sbouw.nl,https://www.bouwendnederland.nl/vereniging/lidbedrijf-zoeken
A tot Z Bouwservice,Tüddern,Maaseikerweg 24  6123 BN HOLTUM,Cäcilienring 9  6130 AK Tüddern,046-4744520,//www.atotzbouwservice.nl,https://www.bouwendnederland.nl/vereniging/lidbedrijf-zoeken
A+R Bouw-& Timmerwerken B.V.,HAELEN,Windmolenbosweg 28  6081 PE HAELEN,Windmolenbosweg 28  6081 PE HAELEN,0475-593711,//www.aenrallround.nl,https://www.bouwendnederland.nl/vereniging/lidbedrijf-zoeken
A. Beverwijk en Zonen B.V.,BALKBRUG,Zwolseweg 31  7707 AA BALKBRUG,Zwolseweg 31 -33 7707 AA BALKBRUG,0523-656641,//www.beverwijkbouw.nl,https://www.bouwendnederland.nl/vereniging/lidbedrijf-zoeken
A. Bunnik B.V.,ALPHEN AAN DEN RIJN,A. van Leeuwenhoekweg 6  2408 AM ALPHEN AAN DEN RIJN,A. van Leeuwenhoekweg 6  2408 AM ALPHEN AAN DEN RIJN,0348-688447,//www.vandoorngroep.nl,https://www.bouwendnederland.nl/vereniging/lidbedrijf-zoeken
A. den Haan Contractors,OOSTVOORNE,Molendijk 4  3233 LN OOSTVOORNE,Langeweg 9  3233 LM OOSTVOORNE,0181-487320,//www.adenhaan.nl,https://www.bouwendnederland.nl/vereniging/lidbedrijf-zoeken
A. Hak Groep B.V.,TRICHT,Postbus 151  4190 CD GELDERMALSEN,Steenoven 2 -6 4196 HG TRICHT,0345-579211,//www.ahak.nl,https://www.bouwendnederland.nl/vereniging/lidbedrijf-zoeken
A. Jonkers Bouwbedrijf,PURMEREND,Einsteinstraat 83  1446 VE PURMEREND,Einsteinstraat 83  1446 VE PURMEREND,0299-461499,//www.bouwbedrijfjonkers.nl,https://www.bouwendnederland.nl/vereniging/lidbedrijf-zoeken
A. Jonkers Holding B.V.,PURMEREND,Einsteinstraat 83  1446 VE PURMEREND,Einsteinstraat 83  1446 VE PURMEREND,0299-461499,,https://www.bouwendnederland.nl/vereniging/lidbedrijf-zoeken
A. Maas Bouw B.V.,SOMEREN,Nieuwendijk 84  5712 EN SOMEREN,Nieuwendijk 84  5712 EN SOMEREN,0493-491419,//www.amaas.nl,https://www.bouwendnederland.nl/vereniging/lidbedrijf-zoeken
A. Mous Bestratingen,WITMARSUM,It Spul 2  8748 GL WITMARSUM,It Spul 2  8748 GL WITMARSUM,-0615061123,//www.amousbestratingen.nl,https://www.bouwendnederland.nl/vereniging/lidbedrijf-zoeken
A. Stam & Zonen B.V.,'S-GRAVENHAGE,Zilverstraat 136  2544 EL 'S-GRAVENHAGE,Zilverstraat 136  2544 EL 'S-GRAVENHAGE,070-3258166,//www.stam-zonen.nl,https://www.bouwendnederland.nl/vereniging/lidbedrijf-zoeken?page=2
A. van Dijk en Zonen Veenendaal B.V.,VEENENDAAL,Eenvoudlaan 5  3901 SN VEENENDAAL,Eenvoudlaan 5  3901 SN VEENENDAAL,0318-512000,,https://www.bouwendnederland.nl/vereniging/lidbedrijf-zoeken?page=2
A.A. Snijders en Zn. VOF,MONSTER,Vlotlaan 47  a 2681 RW MONSTER,Vlotlaan 47  a 2681 RW MONSTER,0174-242872,//www.aasnijders.nl,https://www.bouwendnederland.nl/vereniging/lidbedrijf-zoeken?page=2
A.A. van Bergeijk en Zonen,WIJK EN AALBURG,Polstraat 32  4261 BT WIJK EN AALBURG,Polstraat 32  4261 BT WIJK EN AALBURG,0416-691161,//www.aavanbergeijk.nl,https://www.bouwendnederland.nl/vereniging/lidbedrijf-zoeken?page=2
A.A.B.S. Bouw- en Timmerbedrijf vof,TYNAARLO,Meerweg 12  9482 TE TYNAARLO,Meerweg 12  9482 TE TYNAARLO,0592-544840,//www.aabsbouw.nl,https://www.bouwendnederland.nl/vereniging/lidbedrijf-zoeken?page=2
A.C. Borst Bouw B.V.,CASTRICUM,Postbus 333  1900 AH CASTRICUM,Castricummerwerf 1  1901 RW CASTRICUM,0251-658750,//www.acborst.nl,https://www.bouwendnederland.nl/vereniging/lidbedrijf-zoeken?page=2
A.C. Borst Bouw Projecten B.V.,CASTRICUM,Castricummer Werf 1  1901 RW CASTRICUM,Castricummer Werf 1  1901 RW CASTRICUM,,,https://www.bouwendnederland.nl/vereniging/lidbedrijf-zoeken?page=2
A.C. Borst Bouw Service en Onderhoud B.V.,CASTRICUM,Castricummer Werf 1  1901 RW CASTRICUM,Castricummer Werf 1  1901 RW CASTRICUM,,,https://www.bouwendnederland.nl/vereniging/lidbedrijf-zoeken?page=2
A.C. Borst Bouwgroep B.V.,CASTRICUM,Castricummer Werf 1  1901 RW CASTRICUM,Castricummer Werf 1  1901 RW CASTRICUM,,,https://www.bouwendnederland.nl/vereniging/lidbedrijf-zoeken?page=2
A.C. Borst Holding B.V.,CASTRICUM,Castricummer Werf 1  1901 RW CASTRICUM,Castricummer Werf 1  1901 RW CASTRICUM,0251-658750,//www.acborst.nl,https://www.bouwendnederland.nl/vereniging/lidbedrijf-zoeken?page=2
A.G. van Bladeren Aannemingsbedrijf B.V.,AMSTERDAM,Helicopterstraat 10  1059 CG AMSTERDAM,Helicopterstraat 10  1059 CG AMSTERDAM,020-6155560,//www.bladeren.nl,https://www.bouwendnederland.nl/vereniging/lidbedrijf-zoeken?page=2
A.H. van Beek B.V.,WEZEP,Rondweg 5  8091 XA WEZEP,Rondweg 5  8091 XA WEZEP,038-3761630,//ahvanbeekbv.nl,https://www.bouwendnederland.nl/vereniging/lidbedrijf-zoeken?page=2
A.J. Bessels Holding en Management BV,WILP GLD,Enkweg 5 A 7384 CP WILP GLD,Enkweg 5 A 7384 CP WILP GLD,0571-261439,//www.besselsbouw.nl,https://www.bouwendnederland.nl/vereniging/lidbedrijf-zoeken?page=2
A.J. Spuijbroek B.V.,WAALWIJK,Cartografenweg 42  5141 MT WAALWIJK,Cartografenweg 42  5141 MT WAALWIJK,0416-341062,//www.ajspuijbroek.nl,https://www.bouwendnederland.nl/vereniging/lidbedrijf-zoeken?page=2
A.J. van Hilst B.V.,WAALWIJK,Postbus 102  5140 AC WAALWIJK,Schutweg 18  5145 NP WAALWIJK,0416-333908,//www.bouwbedrijfvanhilst.nl,https://www.bouwendnederland.nl/vereniging/lidbedrijf-zoeken?page=2
A.J.M. aan de Stegge Beheer B.V.,ENTER,Postbus 38  7468 ZG ENTER,Vonderweg 6  7468 DC ENTER,0547-381774,//www.presolidhome.nl,https://www.bouwendnederland.nl/vereniging/lidbedrijf-zoeken?page=2
A.P. van Leur Renovatie Werken B.V.,UTRECHT,Nautilusweg 16  3542 AV UTRECHT,Nautilusweg 16  3542 AV UTRECHT,030-2413513,//www.vanleurgroep.nl,https://www.bouwendnederland.nl/vereniging/lidbedrijf-zoeken?page=2
A.S.J. Reijrink Beheer B.V.,HAGHORST,Postbus 205  5080 AE HILVARENBEEK,Lage Haghorst 15  5089 NC HAGHORST,013-5169321,//www.reyrink.nl,https://www.bouwendnederland.nl/vereniging/lidbedrijf-zoeken?page=2
AA Glashandel,LIJNDEN,Madridstraat 9  1175 RK LIJNDEN,Madridstraat 9  1175 RK LIJNDEN,020-6164331,//www.aaglashandel.nl,https://www.bouwendnederland.nl/vereniging/lidbedrijf-zoeken?page=2
Aalberts Beheer & Onderhoud B.V.,LOOSDRECHT,Postbus 18  1230 AA LOOSDRECHT,Nieuw Loosdrechtsedijk 105  1231 KN LOOSDRECHT,035-5888777,//www.aalbertsbouw.nl,https://www.bouwendnederland.nl/vereniging/lidbedrijf-zoeken?page=2
Aalberts Bouw B.V.,LOOSDRECHT,Postbus 18  1230 AA LOOSDRECHT,Nieuw Loosdrechtsedijk 105  1231 KN LOOSDRECHT,035-5888777,//www.aalbertsbouw.nl,https://www.bouwendnederland.nl/vereniging/lidbedrijf-zoeken?page=3
Aalberts Bouw Zeist B.V.,ZEIST,Postbus 1095  3700 BB ZEIST,Huis Ter Heideweg 11  3705 MA ZEIST,030-2677722,//www.aalbertsbouw.nl,https://www.bouwendnederland.nl/vereniging/lidbedrijf-zoeken?page=3
Aalberts Bouwgroep B.V.,LOOSDRECHT,Postbus 18  1230 AA LOOSDRECHT,Postbus 18  1230 AA LOOSDRECHT,088-7888888,//www.aalbertsbouw.nl,https://www.bouwendnederland.nl/vereniging/lidbedrijf-zoeken?page=3
Aalberts Materieel B.V.,LOOSDRECHT,Postbus 18  1230 AA LOOSDRECHT,Nieuw Loosdrechtsedijk 105  1231 KN LOOSDRECHT,035-5888777,//www.aalbertsbouw.nl,https://www.bouwendnederland.nl/vereniging/lidbedrijf-zoeken?page=3
Aalberts Ontwikkeling B.V.,LOOSDRECHT,Postbus 18  1230 AA LOOSDRECHT,Nieuw Loosdrechtsedijk 105  1231 KN LOOSDRECHT,035-5888777,//www.aalbertsbouwgroep.nl,https://www.bouwendnederland.nl/vereniging/lidbedrijf-zoeken?page=3
AalesBouwWilnis B.V.,Wilnis,Herenweg 89  3648 CB WILNIS,Herenweg 89  3648 CB Wilnis,-15820255,//www.aalesbouwwilnis.nl,https://www.bouwendnederland.nl/vereniging/lidbedrijf-zoeken?page=3
Aan de Oever Bouw en Industrie,MEDEMBLIK,Randweg 11 C 1671 GG MEDEMBLIK,Randweg 11 C 1671 GG MEDEMBLIK,0227-745075,//www.aan-de-oever.nl,https://www.bouwendnederland.nl/vereniging/lidbedrijf-zoeken?page=3
Aan de Stegge Presolid Home B.V.,ENTER,Postbus 38  7468 ZG ENTER,Vonderweg 6  7468 DC ENTER,0547-383434,//www.presolidhome.nl,https://www.bouwendnederland.nl/vereniging/lidbedrijf-zoeken?page=3
Aanemersbedrijf Pompstra,KOLLUMERZWAAG,Harm Smidswei 26  9298 RD KOLLUMERZWAAG,Harm Smidswei 26  9298 RD KOLLUMERZWAAG,0511-441860,,https://www.bouwendnederland.nl/vereniging/lidbedrijf-zoeken?page=3
Aanemingsmaatschappij Van Gelder B.V. (KLM) regio Noord Amsterdam,AMSTERDAM,Pier Afrika 8  1013 BK AMSTERDAM,Pier Afrika 8  1013 BK AMSTERDAM,,,https://www.bouwendnederland.nl/vereniging/lidbedrijf-zoeken?page=3
Aann.bedr. A.C. de Groot bv,MEERKERK,Postbus 32  4230 BA MEERKERK,Steenstraat 10  4231 DR MEERKERK,0183-351557,//www.acdegroot.nl,https://www.bouwendnederland.nl/vereniging/lidbedrijf-zoeken?page=3
Aann.bedr. Van de Welle en van Drongelen B.V.,OOLTGENSPLAAT,Dorpsweg 15  3257 LB OOLTGENSPLAAT,Dorpsweg 15  3257 LB OOLTGENSPLAAT,0187-631568,//www.vanderwelle-vandrongelen.nl,https://www.bouwendnederland.nl/vereniging/lidbedrijf-zoeken?page=3
Aann.Bedrijf Haafkes Deventer B.V.,DEVENTER,Schonenvaardersstraat 1 A 7418 CC DEVENTER,Schonenvaardersstraat 1 A 7418 CC DEVENTER,0570-623671,//www.haafkesveldwachter.nl,https://www.bouwendnederland.nl/vereniging/lidbedrijf-zoeken?page=3
Aann.bedrijf Klapwijk Krimpen B.V.,KRIMPEN AAN DE LEK,Molendijk 38  2931 SC KRIMPEN AAN DE LEK,Molendijk 38  2931 SC KRIMPEN AAN DE LEK,0180-895070,//www.klapwijkbv.nl,https://www.bouwendnederland.nl/vereniging/lidbedrijf-zoeken?page=3
Aann.bedrijf N. van Duin & Zn. B.V.,NOORDWIJK ZH,Keyserswey 33  2201 CW NOORDWIJK ZH,Keyserswey 33  2201 CW NOORDWIJK ZH,071-3611400,//www.nvanduin.nl,https://www.bouwendnederland.nl/vereniging/lidbedrijf-zoeken?page=3
Aann.bedrijf W.G.M. Sanders,NIJMEGEN,Heiweg 171 -171a 6533 PB NIJMEGEN,Heiweg 171 -171a 6533 PB NIJMEGEN,024-3554155,//www.wgmsanders.nl,https://www.bouwendnederland.nl/vereniging/lidbedrijf-zoeken?page=3
Aann.mij. H.M. van Scheppingen B.V.,MIJDRECHT,Constructieweg 72  3641 SP MIJDRECHT,Constructieweg 72  3641 SP MIJDRECHT,0297-285379,//www.vanscheppingenbouw.nl,https://www.bouwendnederland.nl/vereniging/lidbedrijf-zoeken?page=3
Aann.mij. Hofman-Maasdijk B.V.,MAASDIJK,Honderdland 950  2676 LV MAASDIJK,Honderdland 950  2676 LV MAASDIJK,0174-524000,//www.hofman-maasdijk.nl,https://www.bouwendnederland.nl/vereniging/lidbedrijf-zoeken?page=3
Aanneembedrijf Infrawest B.V.,'S-GRAVENHAGE,Laan van Wateringse Veld 560  2548 CL 'S-GRAVENHAGE,Laan van Wateringse Veld 560  2548 CL 'S-GRAVENHAGE,,,https://www.bouwendnederland.nl/vereniging/lidbedrijf-zoeken?page=3
Aannemer Frans Balemans B.V.,BREDA,Zinkstraat 63  4823 AC BREDA,Zinkstraat 63  4823 AC BREDA,076-5420400,//www.fransbalemans.nl,https://www.bouwendnederland.nl/vereniging/lidbedrijf-zoeken?page=3
Aannemer M. Jansen B.V.,OVERLOON,Baansestraat 7  5825 BW OVERLOON,Baansestraat 7  5825 BW OVERLOON,0478-642482,//www.aannemerjansen.nl,https://www.bouwendnederland.nl/vereniging/lidbedrijf-zoeken?page=4
Aannemer Velten Enter B.V.,ENTER,Rijssenseweg 27  7468 AA ENTER,Rijssenseweg 27  7468 AA ENTER,0547-381351,//www.bouwbedrijfvelten.nl,https://www.bouwendnederland.nl/vereniging/lidbedrijf-zoeken?page=4
Aannemer Volendam B.V.,EDAM,Postbus 7  1130 AA VOLENDAM,Energiestraat 10  1135 GD EDAM,0299-700250,//www.aannemervolendambv.nl,https://www.bouwendnederland.nl/vereniging/lidbedrijf-zoeken?page=4
Aannemer Wagenaar,NOORD-SCHARWOUDE,Dokter Wilminkstraat 27  1723 XN NOORD-SCHARWOUDE,Dokter Wilminkstraat 27  1723 XN NOORD-SCHARWOUDE,,,https://www.bouwendnederland.nl/vereniging/lidbedrijf-zoeken?page=4
Aannemer- en timmerbedrijf Michielsen B.V.,TILBURG,Watermanstraat 18  5015 TE TILBURG,Watermanstraat 18  5015 TE TILBURG,013-5430833,//www.michielsenbv.nl,https://www.bouwendnederland.nl/vereniging/lidbedrijf-zoeken?page=4
Aannemers Combinatie Well,WELL LB,'t Zand 25 a 5855 BW WELL LB,'t Zand 25 a 5855 BW WELL LB,0478-502755,//www.acwell.nl,https://www.bouwendnederland.nl/vereniging/lidbedrijf-zoeken?page=4
Aannemers- & Bouwbedrijf J. van Dijk,KAMERIK,Van Teylingenweg 164  3471 GJ KAMERIK,Van Teylingenweg 164  3471 GJ KAMERIK,0348-400284,//www.jvdbouw.eu,https://www.bouwendnederland.nl/vereniging/lidbedrijf-zoeken?page=4
Aannemers- en Agr. bedrijf Gebr. v/d Netten van Stigt B.V.,ZOELMOND,Schaardijkseweg 25  4111 PA ZOELMOND,Schaardijkseweg 25  4111 PA ZOELMOND,0345-501930,//www.nettenstigt.nl,https://www.bouwendnederland.nl/vereniging/lidbedrijf-zoeken?page=4
Aannemers- en Tegelzettersbedrijf Clabbers B.V.,TEGELEN,Postbus 3137  5930 AC TEGELEN,Parallelweg 14  5931 PM TEGELEN,077-3730766,,https://www.bouwendnederland.nl/vereniging/lidbedrijf-zoeken?page=4
Aannemers- en Timmerbedrijf Roozemond BV,STAVENISSE,Voorstraat 3  4696 BJ STAVENISSE,Voorstraat 3  4696 BJ STAVENISSE,0166-697004,//www.roozemondbv.nl,https://www.bouwendnederland.nl/vereniging/lidbedrijf-zoeken?page=4
Aannemers- en Wegenbouwbedrijf Versluys & Zoon B.V.,BODEGRAVEN,Postbus 47  2410 AA BODEGRAVEN,Dammekant 89 -91 2411 CB BODEGRAVEN,0172-619235,//www.versluysgroep.nl,https://www.bouwendnederland.nl/vereniging/lidbedrijf-zoeken?page=4
Aannemers- en Wegenbouwbedrijf Versluys en Zoon B.V.,BODEGRAVEN,Postbus 47  2410 AA BODEGRAVEN,Dammekant 89 -91 2411 CB BODEGRAVEN,0172-619235,//www.versluysgroep.nl,https://www.bouwendnederland.nl/vereniging/lidbedrijf-zoeken?page=4
Aannemersbedrijf  Mesu BV,CULEMBORG,Plantijnweg 5  4104 BC CULEMBORG,Plantijnweg 5  4104 BC CULEMBORG,0345-513395,//http://www.mesubouw.nl,https://www.bouwendnederland.nl/vereniging/lidbedrijf-zoeken?page=4
Aannemersbedrijf A. & M. Hersmis B.V.,RIJEN,Trees Kinstraat 11  5122 CM RIJEN,Trees Kinstraat 11  5122 CM RIJEN,0161-240851,//www.aannemersbedrijf-hersmis.nl,https://www.bouwendnederland.nl/vereniging/lidbedrijf-zoeken?page=4
Aannemersbedrijf A. Fekken B.V.,SCHARSTERBRUG,Scharren 2  8517 HN SCHARSTERBRUG,Scharren 2  8517 HN SCHARSTERBRUG,0513-414815,//www.afekken.nl,https://www.bouwendnederland.nl/vereniging/lidbedrijf-zoeken?page=4
Aannemersbedrijf A. Schouten B.V.,BENSCHOP,Benedeneind Zuidzijde 313  3405 CL BENSCHOP,Benedeneind Zuidzijde 313  3405 CL BENSCHOP,0348-451773,//www.aschouten.nl,https://www.bouwendnederland.nl/vereniging/lidbedrijf-zoeken?page=4
Aannemersbedrijf A. van Ooijen en Zn. BV,WOERDEN,Parallelweg-west 1  3448 SB WOERDEN,Parallelweg-west 1  3448 SB WOERDEN,0348-413104,//www.van-ooijen.com,https://www.bouwendnederland.nl/vereniging/lidbedrijf-zoeken?page=4
Aannemersbedrijf A. van Rooijen v.o.f.,WESTKAPELLE,Koudorpstraat 39  4361 BS WESTKAPELLE,Koudorpstraat 39  4361 BS WESTKAPELLE,0118-571267,//www.aannemersbedrijfvanrooijen.nl,https://www.bouwendnederland.nl/vereniging/lidbedrijf-zoeken?page=4
Aannemersbedrijf A.A. Antonissen B.V.,ZANDVOORT,Haarlemmerstraat 12  2042 NC ZANDVOORT,Haarlemmerstraat 12  2042 NC ZANDVOORT,,,https://www.bouwendnederland.nl/vereniging/lidbedrijf-zoeken?page=4
Aannemersbedrijf A.G.J.C. van Breda B.V.,SASSENHEIM,Industriekade 30  2172 HW SASSENHEIM,Industriekade 30  2172 HW SASSENHEIM,0252-212455,//www.agjcvanbreda.nl,https://www.bouwendnederland.nl/vereniging/lidbedrijf-zoeken?page=4
Aannemersbedrijf A.M.J. op `t Hoog en Zn. B.V.,HAGHORST,Wilhelminadijk 7  5089 NT HAGHORST,Wilhelminadijk 7  5089 NT HAGHORST,013-5133614,//www.opthoog.nl,https://www.bouwendnederland.nl/vereniging/lidbedrijf-zoeken?page=5
Aannemersbedrijf Adams & Zonen B.V.,BENNEKOM,Harnsedijkje 2  6721 MX BENNEKOM,Harnsedijkje 2  6721 MX BENNEKOM,,,https://www.bouwendnederland.nl/vereniging/lidbedrijf-zoeken?page=5
Aannemersbedrijf André Goesinne,TUITJENHORN,Plaatjes 10  1834 HA SINT PANCRAS,De Dijken 23 B 1747 EE TUITJENHORN,,,https://www.bouwendnederland.nl/vereniging/lidbedrijf-zoeken?page=5
Aannemersbedrijf Arts B.V.,DRUTEN,Kerkeland 8  6651 KN DRUTEN,Kerkeland 8  6651 KN DRUTEN,0487-512416,//www.artsaannemersbedrijf.nl,https://www.bouwendnederland.nl/vereniging/lidbedrijf-zoeken?page=5
Aannemersbedrijf B. Bon B.V.,Eemnes,Vogelkersberg 14 D 3755 BN EEMNES,Vogelkersberg 14 D 3755 BN Eemnes,035-5315913,//www.bbonbv.nl,https://www.bouwendnederland.nl/vereniging/lidbedrijf-zoeken?page=5
Aannemersbedrijf B. de Nijs-Soffers B.V.,HOOGERHEIDE,Postbus 183  4630 AD HOOGERHEIDE,Kooiweg 20  4631 SZ HOOGERHEIDE,0164-660000,//www.bouwgroepdenijssoffers.nl,https://www.bouwendnederland.nl/vereniging/lidbedrijf-zoeken?page=5
Aannemersbedrijf Bastianen B.V.,TILBURG,Meibeek 13  5032 RJ TILBURG,Meibeek 13  5032 RJ TILBURG,013-4634238,//www.bastianen.nl,https://www.bouwendnederland.nl/vereniging/lidbedrijf-zoeken?page=5
Aannemersbedrijf Batterink,DEDEMSVAART,Moerheimstraat 87  7701 CC DEDEMSVAART,Moerheimstraat 87  7701 CC DEDEMSVAART,0523-638335,,https://www.bouwendnederland.nl/vereniging/lidbedrijf-zoeken?page=5
Aannemersbedrijf Beckers B.V.,MELICK,Waterschei 16  6074 ET MELICK,Waterschei 16  6074 ET MELICK,0475-532898,//www.beckers-aannemersbedrijf.nl,https://www.bouwendnederland.nl/vereniging/lidbedrijf-zoeken?page=5
Aannemersbedrijf Berende B.V.,RAAMSDONK,Luiten Ambachtstraat 6  4944 AT RAAMSDONK,Luiten Ambachtstraat 6  4944 AT RAAMSDONK,0162-513346,//www.berende.nl,https://www.bouwendnederland.nl/vereniging/lidbedrijf-zoeken?page=5
Aannemersbedrijf Berger & Zeldenrijk B.V.,KOCKENGEN,Nijverheidsweg 3  3628 GD KOCKENGEN,Nijverheidsweg 3  3628 GD KOCKENGEN,0346-241630,//www.bergerenzeldenrijk.nl,https://www.bouwendnederland.nl/vereniging/lidbedrijf-zoeken?page=5
Aannemersbedrijf Bergman B.V.,HELVOIRT,Parallelweg 6 a 5268 AW HELVOIRT,Parallelweg 6 a 5268 AW HELVOIRT,0411-643600,//www.bouwbedrijfbergman.nl,https://www.bouwendnederland.nl/vereniging/lidbedrijf-zoeken?page=5
Aannemersbedrijf Berkhof & Molenmakersbedrijf Berkhof,ZWARTEBROEK,Wolfsesteeg 9  3785 LN ZWARTEBROEK,Wolfsesteeg 9  3785 LN ZWARTEBROEK,0342-462757,//www.aannemersbedrijfberkhof.nl,https://www.bouwendnederland.nl/vereniging/lidbedrijf-zoeken?page=5
Aannemersbedrijf Bert Brinkman B.V.,NIEUWLEUSEN,Middeldijk 6  7711 CB NIEUWLEUSEN,Middeldijk 6  7711 CB NIEUWLEUSEN,0529-483355,//www.bertbrinkmanbv.nl,https://www.bouwendnederland.nl/vereniging/lidbedrijf-zoeken?page=5
Aannemersbedrijf Biglaar B.V.,GEESTEREN OV,Gelpollenweg 6  7678 RJ GEESTEREN OV,Gelepollenweg 6  7678 RJ GEESTEREN OV,0546-632278,//www.biglaar.nl,https://www.bouwendnederland.nl/vereniging/lidbedrijf-zoeken?page=5
Aannemersbedrijf Blesbouw,OUDEHASKE,Baalder 9  8465 RP OUDEHASKE,Baalder 9  8465 RP OUDEHASKE,0513-677128,//www.blesbouw.nl,https://www.bouwendnederland.nl/vereniging/lidbedrijf-zoeken?page=5
Aannemersbedrijf Boon & Teeuwen,UTRECHT,Hugo de Grootstraat 38  3581 XW UTRECHT,Hugo de Grootstraat 38  3581 XW UTRECHT,030-2340176,//www.boonenteeuwen.nl,https://www.bouwendnederland.nl/vereniging/lidbedrijf-zoeken?page=5
Aannemersbedrijf Borst B.V.,HATTEM,Hilsdijk 83  8051 KC HATTEM,Hilsdijk 83  8051 KC HATTEM,038-3388640,//www.aannemersbedrijfborst.nl,https://www.bouwendnederland.nl/vereniging/lidbedrijf-zoeken?page=5
Aannemersbedrijf Botermans B.V.,GILZE,Nieuwstraat 80 a 5126 CG GILZE,Nieuwstraat 80 a 5126 CG GILZE,0161-451445,//www.nickvanhoek.nl,https://www.bouwendnederland.nl/vereniging/lidbedrijf-zoeken?page=5
Aannemersbedrijf Bout & Zn B.V.,HUIZEN,Industrieweg 9 A 1271 AJ HUIZEN,Industrieweg 9 A 1271 AJ HUIZEN,035-5252229,//www.aannemerbout.nl,https://www.bouwendnederland.nl/vereniging/lidbedrijf-zoeken?page=5
Aannemersbedrijf Bouwteam Aalsmeer B.V.,AALSMEER,Aalsmeerderweg 157A  1432 CK AALSMEER,Aalsmeerderweg 157  1432 CK AALSMEER,065-3536838,//www.bouwteamaalsmeer.nl,https://www.bouwendnederland.nl/vereniging/lidbedrijf-zoeken?page=6
Aannemersbedrijf Braak Velsen B.V.,VELSEN-NOORD,Duinvlietstraat 102  1951 XE VELSEN-NOORD,Duinvlietstraat 102  1951 XE VELSEN-NOORD,0251-211825,//www.braak.nl,https://www.bouwendnederland.nl/vereniging/lidbedrijf-zoeken?page=6
Aannemersbedrijf Bramer B.V.,VRIEZENVEEN,Postbus 53  7670 AB VRIEZENVEEN,Almeloseweg 36  7671 RD VRIEZENVEEN,0546-562555,//www.bramerbv.nl,https://www.bouwendnederland.nl/vereniging/lidbedrijf-zoeken?page=6
Aannemersbedrijf Brouwer V.O.F.,STOUTENBURG,Hessenweg 139  3835 PH STOUTENBURG,Hessenweg 139  3835 PH STOUTENBURG,033-4942587,//www.aannemer-corbrouwer.nl,https://www.bouwendnederland.nl/vereniging/lidbedrijf-zoeken?page=6
Aannemersbedrijf Bruco,SINT PANCRAS,Benedenweg 37  1834 AJ SINT PANCRAS,Benedenweg 37  1834 AJ SINT PANCRAS,072-5121007,//www.brucobouw.nl,https://www.bouwendnederland.nl/vereniging/lidbedrijf-zoeken?page=6
Aannemersbedrijf Bruining B.V.,STADSKANAAL,Steenhouwer 23  9502 EV STADSKANAAL,Steenhouwer 23  9502 EV STADSKANAAL,0599-613626,//www.bruiningbv.nl,https://www.bouwendnederland.nl/vereniging/lidbedrijf-zoeken?page=6
Aannemersbedrijf Buiting,BRAAMT,Braamweg 3  7047 CB BRAAMT,Braamweg 3  7047 CB BRAAMT,0314-681729,//www.aannemersbedrijfbuiting.nl,https://www.bouwendnederland.nl/vereniging/lidbedrijf-zoeken?page=6
Aannemersbedrijf Bussman Winterswijk B.V.,WINTERSWIJK,Postbus 278  7100 AG WINTERSWIJK,Snelliusstraat 10 - 7102 ED WINTERSWIJK,0543-512170,//www.bussmanbouw.nl,https://www.bouwendnederland.nl/vereniging/lidbedrijf-zoeken?page=6
Aannemersbedrijf C. van Dillen en Zoon B.V.,CULEMBORG,Postbus 538  4100 AM CULEMBORG,Industrieweg 8  4104 AR CULEMBORG,0345-509060,//www.cvandillen.nl,https://www.bouwendnederland.nl/vereniging/lidbedrijf-zoeken?page=6
Aannemersbedrijf C.H.M. de Kort B.V.,HALSTEREN,Koningsspil 5  4661 TW HALSTEREN,Koningsspil 5  4661 TW HALSTEREN,0164-684291,//www.dekortbv.nl,https://www.bouwendnederland.nl/vereniging/lidbedrijf-zoeken?page=6
Aannemersbedrijf C.J. de Boer B.V.,ZOETERWOUDE,Energieweg 24  2382 NK ZOETERWOUDE,Energieweg 24  2382 NK ZOETERWOUDE,071-5899217,//www.cjdeboer.nl,https://www.bouwendnederland.nl/vereniging/lidbedrijf-zoeken?page=6
Aannemersbedrijf C.J. Dudok,TERHEIJDEN,Bredaseweg 59  4844 CK TERHEIJDEN,Bredaseweg 59  4844 CK TERHEIJDEN,076-5931602,//www.cjdudok.nl,https://www.bouwendnederland.nl/vereniging/lidbedrijf-zoeken?page=6
Aannemersbedrijf C.J. Entius,NOORD-SCHARWOUDE,De Wuijver 10  1723 LJ NOORD-SCHARWOUDE,De Wuijver 10  1723 LJ NOORD-SCHARWOUDE,0226-313084,//www.bouwbedrijfentius.nl,https://www.bouwendnederland.nl/vereniging/lidbedrijf-zoeken?page=6
Aannemersbedrijf Capelle B.V.,OOSTERLAND,Kerkstraat 4  4307 AP OOSTERLAND,Kerkstraat 4  4307 AP OOSTERLAND,011-1641433,//www.bouwbedrijfcapelle.nl,https://www.bouwendnederland.nl/vereniging/lidbedrijf-zoeken?page=6
Aannemersbedrijf Cees van der Zande B.V.,FIJNAART,Bedrijvenweg 1  4793 SK FIJNAART,Bedrijvenweg 1  4793 SK FIJNAART,0168-462636,//www.ceesvanderzande.nl,https://www.bouwendnederland.nl/vereniging/lidbedrijf-zoeken?page=6
Aannemersbedrijf Comfy,GELDROP,Sluisstraat 20  5666 AL GELDROP,Sluisstraat 20  5666 AL GELDROP,040-2571832,//www.aannemersbedrijfcomfy.nl,https://www.bouwendnederland.nl/vereniging/lidbedrijf-zoeken?page=6
Aannemersbedrijf Cor Lange B.V.,VENHORST,Langstraat 17 aannemersbedrijf Cor Lange VOF 5428 NA venhorst,5428 NA VENHORST,35-2554,//www.corlange.nl,https://www.bouwendnederland.nl/vereniging/lidbedrijf-zoeken?page=6
Aannemersbedrijf D. Louman B.V.,LIJNDEN,Hoofdweg 131  1175 KN LIJNDEN,Hoofdweg 131  1175 KN LIJNDEN,0235-551513,//www.dlouman.nl,https://www.bouwendnederland.nl/vereniging/lidbedrijf-zoeken?page=6
Aannemersbedrijf D. Nagelhout B.V.,HATTEM,Populierenlaan 10  8051 DA HATTEM,Populierenlaan 10  8051 DA HATTEM,038-4442266,,https://www.bouwendnederland.nl/vereniging/lidbedrijf-zoeken?page=6
Aannemersbedrijf D. Teerenstra B.V.,HEILOO,Nijverheidsweg 19 B 1851 NW HEILOO,Nijverheidsweg 19 B 1851 NW HEILOO,0251-670037,//www.dannyteerenstra.nl,https://www.bouwendnederland.nl/vereniging/lidbedrijf-zoeken?page=6
Aannemersbedrijf D.A. van Gilst v.o.f.,GOES,Albert Plesmanweg 2 a 4462 GC GOES,Albert Plesmanweg 2 a 4462 GC GOES,0113-216677,,https://www.bouwendnederland.nl/vereniging/lidbedrijf-zoeken?page=7
Aannemersbedrijf De Boer B.V.,SOEST,Oude Utrechtseweg 37  3768 CA SOEST,Oude Utrechtseweg 37  3768 CA SOEST,035-6035277,//www.aannemersbedrijfdeboer.nl,https://www.bouwendnederland.nl/vereniging/lidbedrijf-zoeken?page=7
Aannemersbedrijf de Boorder en Koreman B.V.,ALKMAAR,Herculesstraat 10  1812 PG ALKMAAR,Herculesstraat 10  1812 PG ALKMAAR,072-5403594,//www.deboorderenkoreman.nl,https://www.bouwendnederland.nl/vereniging/lidbedrijf-zoeken?page=7
Aannemersbedrijf De Bouwhorst B.V.,HEERENVEEN,Businesspark Friesland-West 19 A 8447 SL HEERENVEEN,Businesspark Friesland-West 19 a 8447 SL HEERENVEEN,0513-689186,//www.bouwhorst.nl,https://www.bouwendnederland.nl/vereniging/lidbedrijf-zoeken?page=7
Aannemersbedrijf De Bruijne B.V.,HELLEVOETSLUIS,Marconiweg 14  3225 LV HELLEVOETSLUIS,Marconiweg 14  3225 LV HELLEVOETSLUIS,0181-312533,//www.debruijnebv.nl,https://www.bouwendnederland.nl/vereniging/lidbedrijf-zoeken?page=7
Aannemersbedrijf de Groen B.V.,MAASTRICHT,Heerderdwarsstraat 30  6224 LT MAASTRICHT,Heerderdwarsstraat 30  6224 LT MAASTRICHT,043-4092929,//www.degroenbv.nl,https://www.bouwendnederland.nl/vereniging/lidbedrijf-zoeken?page=7
Aannemersbedrijf De Hek B.V.,GIESSENBURG,Bovenkerkseweg 50 b 3381 KC GIESSENBURG,Bovenkerkseweg 50 b 3381 KC GIESSENBURG,0184-651737,//www.dehekbv.nl,https://www.bouwendnederland.nl/vereniging/lidbedrijf-zoeken?page=7
Aannemersbedrijf De Kramer,DRIEBRUGGEN,Burgemeester Doormanstraat 44  3465 KE DRIEBRUGGEN,Burgemeester Doormanstraat 44  3465 KE DRIEBRUGGEN,0348-501395,//http://www.de-kramer.nl/,https://www.bouwendnederland.nl/vereniging/lidbedrijf-zoeken?page=7
Aannemersbedrijf De Wal B.V.,DRACHTEN,Noorderdwarsvaart 109  9201 KH DRACHTEN,Noorderdwarsvaart 109  9201 KH DRACHTEN,0512-513944,//www.aannnemersbedrijfdewal.nl,https://www.bouwendnederland.nl/vereniging/lidbedrijf-zoeken?page=7
Aannemersbedrijf De Wit IJsselstein B.V.,MONTFOORT,Achthoven Oost 6  3417 PD MONTFOORT,Achthoven Oost 6  3417 PD MONTFOORT,0348-471857,//www.dewitbouw.nl,https://www.bouwendnederland.nl/vereniging/lidbedrijf-zoeken?page=7
Aannemersbedrijf De Zeeuw B.V.,GROOT AMMERS,Achterland 33  2964 LA GROOT AMMERS,Achterland 33  2964 LA GROOT AMMERS,0184-601474,//www.dezeeuwbv.nl,https://www.bouwendnederland.nl/vereniging/lidbedrijf-zoeken?page=7
Aannemersbedrijf DeJong,MEERSSEN,Weerterveld 12  6231 ND MEERSSEN,Weerterveld 12  6231 ND MEERSSEN,043-3642391,//www.dejongmeerssen.nl,https://www.bouwendnederland.nl/vereniging/lidbedrijf-zoeken?page=7
Aannemersbedrijf Den Dubbelden B.V.,NOORDWIJK ZH,De Hooge Krocht 16  2201 TX NOORDWIJK ZH,De Hooge Krocht 16  2201 TX NOORDWIJK ZH,071-5174688,//www.dendubbelden.nl,https://www.bouwendnederland.nl/vereniging/lidbedrijf-zoeken?page=7
Aannemersbedrijf Dick de Boer B.V.,HOORN NH,Neutronweg 6  1627 LG HOORN NH,Neutronweg 6  1627 LG HOORN NH,0229-218820,//www.ddbhoorn.nl,https://www.bouwendnederland.nl/vereniging/lidbedrijf-zoeken?page=7
Aannemersbedrijf Dille-Jacobs v.o.f.,HEEZE,Leenderweg 6  5591 JE HEEZE,Leenderweg 6  5591 JE HEEZE,040-2240210,,https://www.bouwendnederland.nl/vereniging/lidbedrijf-zoeken?page=7
Aannemersbedrijf Dons en Troost B.V.,STAPHORST,Weth Buitenhuisstraat 5  7951 SJ STAPHORST,Weth. Buitenhuisstraat 5  7951 SJ STAPHORST,0522-462055,//www.dons-troost.nl,https://www.bouwendnederland.nl/vereniging/lidbedrijf-zoeken?page=7
Aannemersbedrijf Duvekot Vrouwenpolder B.V.,VROUWENPOLDER,Dorpsdijk 7 -9 4354 AA VROUWENPOLDER,Dorpsdijk 7 -9 4354 AA VROUWENPOLDER,0118-591586,//www.duvekotbouw.nl,https://www.bouwendnederland.nl/vereniging/lidbedrijf-zoeken?page=7
Aannemersbedrijf E.J.P. Fennis,EEMNES,Ruizendaallaan 110  3755 SB EEMNES,Ruizendaallaan 110  3755 SB EEMNES,-0625087905,//www.ejpfennis.nl,https://www.bouwendnederland.nl/vereniging/lidbedrijf-zoeken?page=7
Aannemersbedrijf E.Q.M. Calis & Zonen B.V.,LAREN NH,Torenlaan 33  1251 HG LAREN NH,Torenlaan 33  1251 HG LAREN NH,035-5387903,//www.eqmcalisenzonen.nl,https://www.bouwendnederland.nl/vereniging/lidbedrijf-zoeken?page=7
Aannemersbedrijf Ebbers B.V.,GIESBEEK,Uitmaat 4  6987 ER GIESBEEK,Uitmaat 4  6987 ER GIESBEEK,0313-631474,//www.ebbersgiesbeek.nl,https://www.bouwendnederland.nl/vereniging/lidbedrijf-zoeken?page=7
Aannemersbedrijf Eijgermans Van Graafeijland B.V.,WATERINGEN,Heulweg 24 a 2291 BZ WATERINGEN,Heulweg 24 a 2291 BZ WATERINGEN,0174-292106,//www.eijgermans.nl,https://www.bouwendnederland.nl/vereniging/lidbedrijf-zoeken?page=8
Aannemersbedrijf Eikenaar B.V.,ZWOLLE,Curieweg 14  8013 RA ZWOLLE,Curieweg 14  8013 RA ZWOLLE,038-4601981,//www.aannemersbedrijfeikenaar.nl,https://www.bouwendnederland.nl/vereniging/lidbedrijf-zoeken?page=8
Aannemersbedrijf en Adviesburo Beenhakker-Traas B.V.,'S-HEER ARENDSKERKE,Korte Achterweg 24  4458 BG 'S-HEER ARENDSKERKE,Korte Achterweg 24  4458 BG 'S-HEER ARENDSKERKE,0113-561430,//www.beenhakker-traas.nl,https://www.bouwendnederland.nl/vereniging/lidbedrijf-zoeken?page=8
Aannemersbedrijf Evertsen,ZWOLLE,Baileystraat 16  8013 RV ZWOLLE,Baileystraat 16  8013 RV ZWOLLE,038-4528444,//www.evertsenbouw.nl,https://www.bouwendnederland.nl/vereniging/lidbedrijf-zoeken?page=8
Aannemersbedrijf F. Bijl & Zonen B.V.,SCHIEDAM,Fokkerstraat 487  3125 BD SCHIEDAM,Fokkerstraat 487  3125 BD SCHIEDAM,010-4620280,//www.aannemerbijl.nl,https://www.bouwendnederland.nl/vereniging/lidbedrijf-zoeken?page=8
Aannemersbedrijf F. Michielsen,HUIJBERGEN,Jeneverbes 2  4635 BN HUIJBERGEN,Jeneverbes 2  4635 BN HUIJBERGEN,0164-642377,,https://www.bouwendnederland.nl/vereniging/lidbedrijf-zoeken?page=8
Aannemersbedrijf F. Willemse B.V.,SCHIEDAM,Postbus 626  3100 AP SCHIEDAM,Couwenhovenstraat 11  3113 AA SCHIEDAM,010-4261568,//www.fwillemse.nl,https://www.bouwendnederland.nl/vereniging/lidbedrijf-zoeken?page=8
Aannemersbedrijf Feld b.v.,NIBBIXWOUD,Wijzend 52 a 1688 JB NIBBIXWOUD,Wijzend 52 a 1688 JB NIBBIXWOUD,0229-572477,//www.feldaannemersbedrijf.nl,https://www.bouwendnederland.nl/vereniging/lidbedrijf-zoeken?page=8
Aannemersbedrijf Fennis v.o.f.,HILVERSUM,Rozenstraat 82  1214 BW HILVERSUM,Rozenstraat 82  1214 BW HILVERSUM,06-53671191,//www.aannemersbedrijf-fennis.eu,https://www.bouwendnederland.nl/vereniging/lidbedrijf-zoeken?page=8
Aannemersbedrijf Fokker B.V.,NIEUWER TER AA,Wilhelminastraat 7 A 3626 AL NIEUWER TER AA,Wilhelminastraat 7 A 3626 AL NIEUWER TER AA,0294-230880,//www.aannemersbedrijffokker.nl,https://www.bouwendnederland.nl/vereniging/lidbedrijf-zoeken?page=8
Aannemersbedrijf G. Aartman en Zn.,LEIMUIDEN,Waaier 58  2451 VW LEIMUIDEN,Waaier 58  2451 VW LEIMUIDEN,0172-508282,,https://www.bouwendnederland.nl/vereniging/lidbedrijf-zoeken?page=8
Aannemersbedrijf G. de Wilde B.V.,VAASSEN,Deventerstraat 124  8171 AH VAASSEN,Deventerstraat 124  8171 AH VAASSEN,0578-571431,//www.aannemersbedrijf-dewilde.nl,https://www.bouwendnederland.nl/vereniging/lidbedrijf-zoeken?page=8
Aannemersbedrijf G. Groot B.V.,SPANBROEK,Wuiver 19  1715 EB SPANBROEK,Wuiver 19  1715 EB SPANBROEK,0226-351342,//www.ggrootbv.nl,https://www.bouwendnederland.nl/vereniging/lidbedrijf-zoeken?page=8
Aannemersbedrijf G.B. van Hoek B.V.,RIJSWIJK ZH,Cort van der Lindenstr 3  2288 EV RIJSWIJK ZH,Cort van der Lindenstr 3  2288 EV RIJSWIJK ZH,015-2513030,//www.gbvanhoek.nl,https://www.bouwendnederland.nl/vereniging/lidbedrijf-zoeken?page=8
Aannemersbedrijf G.F. van den Brink B.V.,DE HEURNE,Nellisstraat 3  7095 AG DE HEURNE,Nellisstraat 3  7095 AG DE HEURNE,0315-652105,//www.gfvandenbrink.nl,https://www.bouwendnederland.nl/vereniging/lidbedrijf-zoeken?page=8
Aannemersbedrijf G.K. Visbeen & Co B.V.,VIJFHUIZEN,Nieuwemeerdijk 370  1171 NW BADHOEVEDORP,IJweg 501 G 2141 CL VIJFHUIZEN,023-5551775,//www.visbeen-bouw.nl,https://www.bouwendnederland.nl/vereniging/lidbedrijf-zoeken?page=8
Aannemersbedrijf G.W. Juffer en Zn. B.V.,KAMPEN,Hagenkade 2 -1 8261 ED KAMPEN,Hagenkade 2 -1 8261 ED KAMPEN,038-3314324,,https://www.bouwendnederland.nl/vereniging/lidbedrijf-zoeken?page=8
Aannemersbedrijf Gebr. Corsten,TILBURG,Bernard Leenestraat 43  5026 CA TILBURG,Bernard Leenestraat 43  5026 CA TILBURG,013-5421784,//www.gebrcorsten.nl,https://www.bouwendnederland.nl/vereniging/lidbedrijf-zoeken?page=8
Aannemersbedrijf Gebr. Heusschen B.V.,CADIER EN KEER,Raadhuisplein 4  6267 CW CADIER EN KEER,Raadhuisplein 4  6267 CW CADIER EN KEER,043-4072187,//www.aannemerheusschen.nl,https://www.bouwendnederland.nl/vereniging/lidbedrijf-zoeken?page=8
Aannemersbedrijf Gebr. Horstink b.v.,TWELLO,Johan Willem Frisostraat 15  7391 DJ TWELLO,Johan Willem Frisostraat 15  7391 DJ TWELLO,0571-271483,//www.horstink-twello.nl,https://www.bouwendnederland.nl/vereniging/lidbedrijf-zoeken?page=8
Aannemersbedrijf Gebr. Kooijman bv,ZWANENBURG,Leeweg 2  1161 AB ZWANENBURG,Leeweg 2  1161 AB ZWANENBURG,071-5899319,//www.gkbv.nl,https://www.bouwendnederland.nl/vereniging/lidbedrijf-zoeken?page=9
Aannemersbedrijf Gebr. Meijerink B.V.,ENSCHEDE,Meijerinksweg 40  7524 AM ENSCHEDE,Meijerinksweg 40  7524 AM ENSCHEDE,053-4355864,//www.aannemer-meijerink.nl,https://www.bouwendnederland.nl/vereniging/lidbedrijf-zoeken?page=9
Aannemersbedrijf Gebr. Min B.V.,EGMOND AAN DEN HOEF,Krommedijk 3 A 1934 PP EGMOND AAN DEN HOEF,Krommedijk 3 A 1934 PP EGMOND AAN DEN HOEF,072-5896244,//www.min-infra.nl,https://www.bouwendnederland.nl/vereniging/lidbedrijf-zoeken?page=9
Aannemersbedrijf Gebr. van Muijen B.V.,HEERHUGOWAARD,de Overtoom 2  1703 RE HEERHUGOWAARD,de Overtoom 2  1703 RE HEERHUGOWAARD,0226-725410,//www.vanmuijenbetonbouw.nl,https://www.bouwendnederland.nl/vereniging/lidbedrijf-zoeken?page=9
Aannemersbedrijf Gebroeders Luiking B.V.,DIDAM,Lichtenhorststraat 5  6942 GS DIDAM,Lichtenhorststraat 5  6942 GS DIDAM,0316-223204,//www.luiking.nl,https://www.bouwendnederland.nl/vereniging/lidbedrijf-zoeken?page=9
Aannemersbedrijf Gebroeders Van Werven B.V.,KAMPEN,Dieselstraat 8 a 8263 AE KAMPEN,Dieselstraat 8 a 8263 AE KAMPEN,038-3327380,//www.aannemersbedrijfgebroedersvanwerven.nl,https://www.bouwendnederland.nl/vereniging/lidbedrijf-zoeken?page=9
Aannemersbedrijf Geert Kruisselbrink,WINTERSWIJK WOOLD,Langediek 3  7108 AS WINTERSWIJK WOOLD,Langediek 3  7108 AS WINTERSWIJK WOOLD,0453-562537,//www.gk-bouw.nl,https://www.bouwendnederland.nl/vereniging/lidbedrijf-zoeken?page=9
Aannemersbedrijf Geldof BV,MIDDELBURG,Postbus 8120  4330 EC MIDDELBURG,Kleverskerkseweg 22  4338 PM MIDDELBURG,0118-591588,//www.geldof.org,https://www.bouwendnederland.nl/vereniging/lidbedrijf-zoeken?page=9
Aannemersbedrijf Gerard  Borst B.V.,DEN HELDER,Kortevliet 36  1786 PL DEN HELDER,Kortevliet 36  1786 PL DEN HELDER,0223-637429,//www.gerardborst.nl,https://www.bouwendnederland.nl/vereniging/lidbedrijf-zoeken?page=9
Aannemersbedrijf Gerwers Tilligte BV,TILLIGTE,Damweg 22  7634 PC TILLIGTE,Damweg 22  7634 PC TILLIGTE,0541-221444,//www.gerwers.nl,https://www.bouwendnederland.nl/vereniging/lidbedrijf-zoeken?page=9
Aannemersbedrijf Geven B.V.,ASTEN,Molenakkers 7  5721 WR ASTEN,Molenakkers 7  5721 WR ASTEN,0493-693773,//www.gevenaannemersbedrijf.nl,https://www.bouwendnederland.nl/vereniging/lidbedrijf-zoeken?page=9
Aannemersbedrijf Giant Works,NUNSPEET,Oosterlaan 73  8072 BT NUNSPEET,Oosterlaan 73  8072 BT NUNSPEET,,,https://www.bouwendnederland.nl/vereniging/lidbedrijf-zoeken?page=9
Aannemersbedrijf Gosseling Ter Horst B.V.,ENSCHEDE,Kopersteden 17  7547 TJ ENSCHEDE,Kopersteden 17  7547 TJ ENSCHEDE,053-4281740,//www.gosseling-terhorst.nl,https://www.bouwendnederland.nl/vereniging/lidbedrijf-zoeken?page=9
Aannemersbedrijf Groenewegen B.V.,BERGSCHENHOEK,Weg en Bos 78  2661 GZ BERGSCHENHOEK,Weg en Bos 78  2661 GZ BERGSCHENHOEK,010-5219328,//www.bouwbedrijfgroenewegen.nl,https://www.bouwendnederland.nl/vereniging/lidbedrijf-zoeken?page=9
Aannemersbedrijf Groenewegen B.V.,MAASLAND,Het Ambacht 6  3155 AK MAASLAND,Het Ambacht 6  3155 AK MAASLAND,010-5917566,//www.groenewegenbouw.nl,https://www.bouwendnederland.nl/vereniging/lidbedrijf-zoeken?page=9
Aannemersbedrijf Grondman C.V.,BADHOEVEDORP,Badhoevelaan 90  1171 DE BADHOEVEDORP,Badhoevelaan 90  1171 DE BADHOEVEDORP,020-6592170,,https://www.bouwendnederland.nl/vereniging/lidbedrijf-zoeken?page=9
Aannemersbedrijf Groot,AMSTERDAM,Vaartstraat 32 -hs 1075 RP AMSTERDAM,Vaartstraat 32 -hs 1075 RP AMSTERDAM,020-8451195,//www.aannemersbedrijfgroot.nl,https://www.bouwendnederland.nl/vereniging/lidbedrijf-zoeken?page=9
Aannemersbedrijf H. Bouman VOF,WIJK EN AALBURG,De Kroon 20  4261 TX WIJK EN AALBURG,De Kroon 20  4261 TX WIJK EN AALBURG,0416-695344,//www.h-bouman.nl,https://www.bouwendnederland.nl/vereniging/lidbedrijf-zoeken?page=9
Aannemersbedrijf H. Heimensen B.V.,PUTTEN,Handelsweg 28  3881 LS PUTTEN,Handelsweg 28  3881 LS PUTTEN,,,https://www.bouwendnederland.nl/vereniging/lidbedrijf-zoeken?page=9
Aannemersbedrijf H. Schuitemaker B.V.,ENTER,Fleuweweg 2 b 7468 AG ENTER,Fleuweweg 2 b 7468 AG ENTER,0547-381577,//www.schuitemakerbouw.nl,https://www.bouwendnederland.nl/vereniging/lidbedrijf-zoeken?page=9
Aannemersbedrijf H. van den Born B.V.,RENKUM,Kerkstraat 12  A 6871 BK RENKUM,Kerkstraat 12  A 6871 BK RENKUM,0317-312243,//www.bornbouw.nl,https://www.bouwendnederland.nl/vereniging/lidbedrijf-zoeken?page=10
Aannemersbedrijf H. van der Donk,ZALTBOMMEL,Nonnenstraat 36  5301 BK ZALTBOMMEL,Nonnenstraat 36  5301 BK ZALTBOMMEL,0418-512396,//http://www.aannemerzaltbommel.nl,https://www.bouwendnederland.nl/vereniging/lidbedrijf-zoeken?page=10
Aannemersbedrijf H. van der Ham,WOERDEN,Utrechtsestraatweg 1  3445 AL WOERDEN,Utrechtsestraatweg 1  3445 AL WOERDEN,,,https://www.bouwendnederland.nl/vereniging/lidbedrijf-zoeken?page=10
Aannemersbedrijf H. van Rijswijck B.V.,EINDHOVEN,Postbus 175  5600 AD EINDHOVEN,Lucas Gasselstraat 6  5613 LB EINDHOVEN,040-2116046,//www.vanrijswijck.nl,https://www.bouwendnederland.nl/vereniging/lidbedrijf-zoeken?page=10
Aannemersbedrijf H.A. Leemans B.V.,VRIEZENVEEN,Postbus 161  7670 AD VRIEZENVEEN,Oosteinde 115  7671 AV VRIEZENVEEN,0546-559500,//www.leemansgroep.nl,https://www.bouwendnederland.nl/vereniging/lidbedrijf-zoeken?page=10
Aannemersbedrijf H.C. Koldewijn & Zn.,HUIZEN,Ambachtsweg 10  1271 AM HUIZEN,Ambachtsweg 10  1271 AM HUIZEN,035-5266815,//www.hc-koldewijn.nl,https://www.bouwendnederland.nl/vereniging/lidbedrijf-zoeken?page=10
Aannemersbedrijf H.C.J. van den Broek B.V.,BREDA,Kapelstraat 111  4817 NX BREDA,Kapelstraat 107 A 4817 NX BREDA,076-5876653,//www.vdbroekbouw.nl,https://www.bouwendnederland.nl/vereniging/lidbedrijf-zoeken?page=10
Aannemersbedrijf H.J. van der Meijden,ZALTBOMMEL,Oenselsestraat 26  5301 EP ZALTBOMMEL,Oenselsestraat 20 -22 5301 EP ZALTBOMMEL,0418-512497,,https://www.bouwendnederland.nl/vereniging/lidbedrijf-zoeken?page=10
Aannemersbedrijf H.J.Ruiterkamp B.V.,VORDEN,Lindeseweg 26  7251 NS VORDEN,Lindeseweg 26  7251 NS VORDEN,0575-556631,//www.ruiterkamp.nl,https://www.bouwendnederland.nl/vereniging/lidbedrijf-zoeken?page=10
Aannemersbedrijf Haarman BV,HARFSEN,Lochemseweg 107  7217 RA HARFSEN,Lochemseweg 107  7217 RA HARFSEN,0573-431400,//www.aannemersbedrijfhaarman.nl,https://www.bouwendnederland.nl/vereniging/lidbedrijf-zoeken?page=10
Aannemersbedrijf Haex B.V.,WEERT,Peelterbaan 4  6002 NK WEERT,Peelterbaan 4  6002 NK WEERT,0495-750505,//www.haexbv.eu,https://www.bouwendnederland.nl/vereniging/lidbedrijf-zoeken?page=10
Aannemersbedrijf Heetebrij B.V.,NIEUWLEUSEN,Meeleweg 78  7711 EP NIEUWLEUSEN,Meeleweg 78  7711 EP NIEUWLEUSEN,0529-481527,//www.heetebrij.nl,https://www.bouwendnederland.nl/vereniging/lidbedrijf-zoeken?page=10
Aannemersbedrijf Hennie van Boven BV,DEN DUNGEN,Flaas 6  5275 HH DEN DUNGEN,Flaas 6  5275 HH DEN DUNGEN,073-5941600,//www.hennievanboven.nl,https://www.bouwendnederland.nl/vereniging/lidbedrijf-zoeken?page=10
Aannemersbedrijf Het Tanthof B.V.,DELFT,Tanthofdreef 13  2623 EW DELFT,Tanthofdreef 13  2623 EW DELFT,015-2621616,//www.hettanthof.nl,https://www.bouwendnederland.nl/vereniging/lidbedrijf-zoeken?page=10
Aannemersbedrijf Hollander,VALTHERMOND,Noorderdiep 180  7876 CJ VALTHERMOND,Noorderdiep 180  7876 CJ VALTHERMOND,0599-661692,//www.hollander-bv.nl,https://www.bouwendnederland.nl/vereniging/lidbedrijf-zoeken?page=10
Aannemersbedrijf Hopman Mijdrecht B.V.,MIJDRECHT,Herenweg 174  3648 CN WILNIS,Rendementsweg 7 A 3641 SK MIJDRECHT,0297-282629,//www.hopmanbouw.nl,https://www.bouwendnederland.nl/vereniging/lidbedrijf-zoeken?page=10
Aannemersbedrijf Houtepen B.V.,GOIRLE,Zandschelstraat 1 -01 5051 HK GOIRLE,Zandschelstraat 1 -01 5051 HK GOIRLE,013-5349032,//www.houtepenbv.nl,https://www.bouwendnederland.nl/vereniging/lidbedrijf-zoeken?page=10
Aannemersbedrijf Houwer-Jansen B.V.,OLDEBERKOOP,Molenhoek 4  8421 PH OLDEBERKOOP,Molenhoek 4  8421 PH OLDEBERKOOP,0516-451419,//www.houwerjansen.nl,https://www.bouwendnederland.nl/vereniging/lidbedrijf-zoeken?page=10
Aannemersbedrijf J&R Bouw Dongen,DONGEN,De Slof 21  5107 RH DONGEN,De Slof 21  5107 RH DONGEN,0162-386921,//www.jrbouwdongen.nl,https://www.bouwendnederland.nl/vereniging/lidbedrijf-zoeken?page=10
Aannemersbedrijf J. Bijleveld B.V.,KOUDEKERK AAN DEN RIJN,Artesiaplantsoen 5 a 2396 XJ KOUDEKERK AAN DEN RIJN,Artesiaplantsoen 5 a 2396 XJ KOUDEKERK AAN DEN RIJN,071-3412309,//www.bijleveldbv.nl,https://www.bouwendnederland.nl/vereniging/lidbedrijf-zoeken?page=10
Aannemersbedrijf J. de Jager,STRIJEN,Nieuwe Haven 8  3291 GA STRIJEN,Nieuwe Haven 8  3291 GA STRIJEN,078-6741739,//www.jagerbouw.nl,https://www.bouwendnederland.nl/vereniging/lidbedrijf-zoeken?page=11
Aannemersbedrijf J. de Olde B.V.,SINT JANSKLOOSTER,Kadoelen 24 a 8326 BB SINT JANSKLOOSTER,Kadoelen 24 a 8326 BB SINT JANSKLOOSTER,0527-246800,//www.jacdeolde.nl,https://www.bouwendnederland.nl/vereniging/lidbedrijf-zoeken?page=11
Aannemersbedrijf J. Hardam V.O.F.,ALBLASSERDAM,Oost Kinderdijk 209  2953 CL ALBLASSERDAM,Oost Kinderdijk 209  2953 CL ALBLASSERDAM,078-6912483,,https://www.bouwendnederland.nl/vereniging/lidbedrijf-zoeken?page=11
Aannemersbedrijf J. Stekelenburg B.V.,NIEUWEGEIN,De Liesbosch 5  3439 LB NIEUWEGEIN,De Liesbosch 5  3439 LB NIEUWEGEIN,030-6992346,,https://www.bouwendnederland.nl/vereniging/lidbedrijf-zoeken?page=11
Aannemersbedrijf J. Stil,SCHALKWIJK,Provincialeweg 5  3998 JE SCHALKWIJK,Provincialeweg 5  3998 JE SCHALKWIJK,,,https://www.bouwendnederland.nl/vereniging/lidbedrijf-zoeken?page=11
Aannemersbedrijf J. ter Horst B.V.,ALMELO,Plesmanweg 14  7602 PE ALMELO,Plesmanweg 14  7602 PE ALMELO,0546-488588,//www.jterhorst.nl,https://www.bouwendnederland.nl/vereniging/lidbedrijf-zoeken?page=11
Aannemersbedrijf J. van der Meij bv,VELSEN-NOORD,Concordiastraat 18  1951 AS VELSEN-NOORD,Concordiastraat 18  1951 AS VELSEN-NOORD,0251-220319,//www.jvandermeij.nl,https://www.bouwendnederland.nl/vereniging/lidbedrijf-zoeken?page=11
Aannemersbedrijf J. van Zaanen,ILPENDAM,Purmerdijk 4 i 1452 AE ILPENDAM,Purmerdijk 4 i 1452 AE ILPENDAM,020-4360691,,https://www.bouwendnederland.nl/vereniging/lidbedrijf-zoeken?page=11
Aannemersbedrijf J.A. Roetgerink & Zn. B.V.,GOOR,Borghoeksweg 36  7471 LA GOOR,Borghoeksweg 36  7471 LA GOOR,0547-272622,//www.roetgerinkgoor.nl,https://www.bouwendnederland.nl/vereniging/lidbedrijf-zoeken?page=11
Aannemersbedrijf J.A. van Gisbergen B.V.,HOOGE MIERDE,De Luther 1 -3 5095 AC HOOGE MIERDE,De Luther 1 -3 5095 AC HOOGE MIERDE,013-5091259,//www.vangisbergen.nl,https://www.bouwendnederland.nl/vereniging/lidbedrijf-zoeken?page=11
Aannemersbedrijf J.C. Straver,ALMKERK,Melkweg 3  4286 CE ALMKERK,Melkweg 3  4286 CE ALMKERK,0183-402419,,https://www.bouwendnederland.nl/vereniging/lidbedrijf-zoeken?page=11
Aannemersbedrijf J.C. van Kooten B.V.,WEESP,Hogeweijselaan 221  B 1382 JL WEESP,Hogeweijselaan 221 B 1382 JL WEESP,0294-417498,//www.jcvankooten.nl,https://www.bouwendnederland.nl/vereniging/lidbedrijf-zoeken?page=11
Aannemersbedrijf J.C. van Osnabrugge B.V.,VOORSCHOTEN,Starrenburglaan 3  2251 AG VOORSCHOTEN,Starrenburglaan 3  2251 AG VOORSCHOTEN,071-5615792,//www.osnabruggebv.nl,https://www.bouwendnederland.nl/vereniging/lidbedrijf-zoeken?page=11
Aannemersbedrijf J.C. Vinke en Zoon,MIDDELBURG,Nachtegaalstraat 1  4335 CG MIDDELBURG,Nachtegaalstraat 1  4335 CG MIDDELBURG,0118-613762,//www.aannemersbedrijfvinke.nl,https://www.bouwendnederland.nl/vereniging/lidbedrijf-zoeken?page=11
Aannemersbedrijf J.F. Goesten en Zn. B.V.,KERKDRIEL,Industriestraat 2  5331 HW KERKDRIEL,Industriestraat 2  5331 HW KERKDRIEL,0418-631306,//www.aannemersbedrijfgoesten.nl,https://www.bouwendnederland.nl/vereniging/lidbedrijf-zoeken?page=11
Aannemersbedrijf J.G. Visser B.V.,LEEUWARDEN,Einsteinweg 3  8912 AP LEEUWARDEN,Einsteinweg 3  8912 AP LEEUWARDEN,058-2123343,//www.jgvisser.nl,https://www.bouwendnederland.nl/vereniging/lidbedrijf-zoeken?page=11
Aannemersbedrijf J.G.M. Wesselink B.V.,WEERSELO,Bornsestraat 4  7595 LG WEERSELO,Bornsestraat 4  7595 LG WEERSELO,0541-661265,//www.aannemersbedrijfwesselink.nl,https://www.bouwendnederland.nl/vereniging/lidbedrijf-zoeken?page=11
Aannemersbedrijf J.M. Putter,UITGEEST,Molenwerf 12 A 1911 DB UITGEEST,Molenwerf 12 A 1911 DB UITGEEST,0251-312500,//www.putter.nl,https://www.bouwendnederland.nl/vereniging/lidbedrijf-zoeken?page=11
Aannemersbedrijf J.Th. Schröder B.V.,WASSENAAR,Hangarweg 12  2241 TZ WASSENAAR,Hangarweg 12  2241 TZ WASSENAAR,070-5115997,//www.aannemersbedrijf-schroder.nl,https://www.bouwendnederland.nl/vereniging/lidbedrijf-zoeken?page=11
Aannemersbedrijf Jaap Rasenberg B.V.,BREDA,Nieuwe Bredase Baan 8  4825 BP BREDA,Nieuwe Bredase Baan 8  4825 BP BREDA,076-5151123,//www.jaaprasenbergbouw.nl,https://www.bouwendnederland.nl/vereniging/lidbedrijf-zoeken?page=11
Aannemersbedrijf Jac. Ton,SEROOSKERKE WALCHEREN,Vlasstraat 6  4353 EC SEROOSKERKE WALCHEREN,Vlasstraat 6  4353 EC SEROOSKERKE WALCHEREN,0118-592449,//www.jacton.nl,https://www.bouwendnederland.nl/vereniging/lidbedrijf-zoeken?page=12
Aannemersbedrijf Jan Oosterhout B.V.,WIJCHEN,Bijsterhuizen 51 -15 6604 LX WIJCHEN,Bijsterhuizen 51 -15 6604 LX WIJCHEN,024-6413268,//www.janoosterhoutbv.nl,https://www.bouwendnederland.nl/vereniging/lidbedrijf-zoeken?page=12
Aannemersbedrijf Jan Selten B.V.,UDEN,Postbus 358  5400 AJ UDEN,Patersweg 2  5406 XJ UDEN,0413-262417,//www.selten.nl,https://www.bouwendnederland.nl/vereniging/lidbedrijf-zoeken?page=12
Aannemersbedrijf Jansen Gaanderen BV,GAANDEREN,Westerbroekstraat 12  7011 EX GAANDEREN,Westerbroekstraat 12  7011 EX GAANDEREN,0315-324413,//www.jansengaanderen.nl,https://www.bouwendnederland.nl/vereniging/lidbedrijf-zoeken?page=12
Aannemersbedrijf Janssen & Zn. V.O.F.,LANDGRAAF,Postbus 32080  6370 JB LANDGRAAF,Groenstraat 14  6374 JR LANDGRAAF,045-5312512,//www.janssenbouw.com,https://www.bouwendnederland.nl/vereniging/lidbedrijf-zoeken?page=12
Aannemersbedrijf Jaspers Faijer,ALMELO,Graslaan 2  7604 PT ALMELO,Graslaan 2  7604 PT ALMELO,0546-785546,//www.aannemersbedrijfjaspersfaijer.nl,https://www.bouwendnederland.nl/vereniging/lidbedrijf-zoeken?page=12
Aannemersbedrijf Jeroen Koks,ALPHEN NB,Belsebaan 12  5131 PH ALPHEN NB,Belsebaan 12  5131 PH ALPHEN NB,013-5078420,//www.koks-b-i.nl,https://www.bouwendnederland.nl/vereniging/lidbedrijf-zoeken?page=12
Aannemersbedrijf Johan Huijbrechts BV,KLEIN ZUNDERT,Ettensebaan 15  4882 TA KLEIN ZUNDERT,Ettensebaan 17 a 4882 TA KLEIN ZUNDERT,076-5976677,//www.johanhuijbrechts.nl,https://www.bouwendnederland.nl/vereniging/lidbedrijf-zoeken?page=12
Aannemersbedrijf JT1 bouw v.o.f.,VALKENBURG LB,Kloosterweg 1  6301 WK VALKENBURG LB,Wehryweg  3  6301 GA VALKENBURG LB,06-12959166,//www.jt1bouw.nl,https://www.bouwendnederland.nl/vereniging/lidbedrijf-zoeken?page=12
Aannemersbedrijf Kanbouw,Elst,Industrieweg 24  6662 PA ELST,Industrieweg  24  6662 PA Elst,0481-745094,//www.kanbouw.nl,https://www.bouwendnederland.nl/vereniging/lidbedrijf-zoeken?page=12
Aannemersbedrijf Kappert Doetinchem B.V.,DOETINCHEM,Zaagmolenpad 103 a 7008 AH DOETINCHEM,Zaagmolenpad 103 a 7008 AH DOETINCHEM,0314-391108,//www.kappertdoetinchem.nl,https://www.bouwendnederland.nl/vereniging/lidbedrijf-zoeken?page=12
Aannemersbedrijf Keizer,EMST,Stationsweg 37  8166 KA EMST,Stationsweg 37  8166 KA EMST,0578-662196,//www.aannemersbedrijfkeizer.nl,https://www.bouwendnederland.nl/vereniging/lidbedrijf-zoeken?page=12
Aannemersbedrijf Keizer v.o.f.,KAMPERLAND,Het Rip 8  4493 RL KAMPERLAND,Het Rip 8  4493 RL KAMPERLAND,0113-376100,//www.keizer-bouw.nl,https://www.bouwendnederland.nl/vereniging/lidbedrijf-zoeken?page=12
Aannemersbedrijf Kemperman B.V.,RHEDEN,Postbus 110  6990 AC RHEDEN,Veerweg 59  6991 GL RHEDEN,026-4953289,//www.aannemersbedrijfkemperman.nl,https://www.bouwendnederland.nl/vereniging/lidbedrijf-zoeken?page=12
Aannemersbedrijf Kerstens B.V.,ZUNDERT,Meirseweg 50  4881 MJ ZUNDERT,Meirseweg 50  4881 MJ ZUNDERT,,,https://www.bouwendnederland.nl/vereniging/lidbedrijf-zoeken?page=12
Aannemersbedrijf Ketler B.V.,VEENDAM,Ommelanderwijk 14  9644 TL VEENDAM,Ommelanderwijk 14  9644 TL VEENDAM,0598-618151,//www.ketlerbv.nl,https://www.bouwendnederland.nl/vereniging/lidbedrijf-zoeken?page=12
Aannemersbedrijf Klaver & Zn.,ENSCHEDE,Seizoensweg 64  7532 SL ENSCHEDE,Seizoensweg 64  7532 SL ENSCHEDE,053-4315109,//www.bouwenmetklaver.nl,https://www.bouwendnederland.nl/vereniging/lidbedrijf-zoeken?page=12
Aannemersbedrijf Klein Kranenbarg B.V.,RUURLO,Groenloseweg 23  7261 RM RUURLO,Groenloseweg 23  7261 RM RUURLO,0573-452014,//www.betonpoeren.nl,https://www.bouwendnederland.nl/vereniging/lidbedrijf-zoeken?page=12
Aannemersbedrijf Kock Teunissen V.O.F.,WEHL,Kolkakker 17  7031 LD WEHL,Kolkakker 17  7031 LD WEHL,0314-844135,//www.kockteunissen.nl,https://www.bouwendnederland.nl/vereniging/lidbedrijf-zoeken?page=12
Aannemersbedrijf Koen Meijer B.V.,VEENDAM,Transportweg 32  9645 KX VEENDAM,Transportweg 32  9645 KX VEENDAM,0598-627999,//www.koenmeijer.nl,https://www.bouwendnederland.nl/vereniging/lidbedrijf-zoeken?page=12
Aannemersbedrijf Koole v.o.f.,DE LIER,De Hondert Margen 1  2678 AC DE LIER,De Hondert Margen 1  2678 AC DE LIER,0174-523269,//www.koolegrondwerken.nl,https://www.bouwendnederland.nl/vereniging/lidbedrijf-zoeken?page=13
Aannemersbedrijf Kormelink,RIETMOLEN,Postbus 175  7480 AD HAAKSBERGEN,'t Halt 2  7165 BV RIETMOLEN,0545-221281,//www.kormelinkbouw.nl,https://www.bouwendnederland.nl/vereniging/lidbedrijf-zoeken?page=13
Aannemersbedrijf Kranen B.V.,HETEREN,P v M Gelderland Oranje 6  6666 LV HETEREN,P v M Gelderland Oranje 6  6666 LV HETEREN,026-3195770,//www.bouwgroepkranen.nl,https://www.bouwendnederland.nl/vereniging/lidbedrijf-zoeken?page=13
Aannemersbedrijf Krimp B.V.,MIJDRECHT,Ondernemingsweg 2  3641 RZ MIJDRECHT,Ondernemingsweg 2b  3641 RZ MIJDRECHT,0297-289230,//www.krimp.nl,https://www.bouwendnederland.nl/vereniging/lidbedrijf-zoeken?page=13
Aannemersbedrijf Kroom B.V.,AALSMEER,Schinkeldijkje 10  1432 CE AALSMEER,Schinkeldijkje 10  1432 CE AALSMEER,020-6475784,//www.kroombv.nl,https://www.bouwendnederland.nl/vereniging/lidbedrijf-zoeken?page=13
Aannemersbedrijf Kuilboer en de Boer B.V.,ALKMAAR,Hamsterkoog 11 E 1822 CD ALKMAAR,Hamsterkoog 11 E 1822 CD ALKMAAR,072-5317249,//www.kuilboerendeboer.nl,https://www.bouwendnederland.nl/vereniging/lidbedrijf-zoeken?page=13
Aannemersbedrijf Kuipers B.V.,LANGEVEEN,Vermolenweg 55 a 7679 TW LANGEVEEN,Vermolenweg 55 a 7679 TW LANGEVEEN,0546-681777,//www.aannemersbedrijf-kuipers.nl,https://www.bouwendnederland.nl/vereniging/lidbedrijf-zoeken?page=13
Aannemersbedrijf L.D. van Dijk B.V.,BRIELLE,Wellerondom 8  3231 XV BRIELLE,Maarland Zuidzijde 43  3231 CJ BRIELLE,06-44110026,//www.ldvandijk.nl,https://www.bouwendnederland.nl/vereniging/lidbedrijf-zoeken?page=13
Aannemersbedrijf Laarakkers-Wijnhoven,WANROIJ,Lampersveldpad 5  5446 BS Wanroij,Lampersveldpad 5  5446 BS WANROIJ,0485-471402,//www.laarakkers-wijnhoven.nl,https://www.bouwendnederland.nl/vereniging/lidbedrijf-zoeken?page=13
Aannemersbedrijf Lagerberg B.V.,LEIDEN,Zoeterwoudseweg 21 a1 2321 GM LEIDEN,Zoeterwoudseweg 21 a1 2321 GM LEIDEN,0653873957-0653873957,//www.lagerbergbouw.nl,https://www.bouwendnederland.nl/vereniging/lidbedrijf-zoeken?page=13
Aannemersbedrijf Lamein B.V.,SAPPEMEER,de Vosholen 2 C 9611 KR SAPPEMEER,Vosholen 2 C 9611 KR SAPPEMEER,0598-323848,//www.lamein.com,https://www.bouwendnederland.nl/vereniging/lidbedrijf-zoeken?page=13
Aannemersbedrijf Legemaat & Van Elst B.V.,WOUDENBERG,Zeisterweg 55  3931 ME WOUDENBERG,Zeisterweg 55  3931 ME WOUDENBERG,033-2861569,//www.legemaatvanelst.nl,https://www.bouwendnederland.nl/vereniging/lidbedrijf-zoeken?page=13
Aannemersbedrijf Leguit en Roos B.V.,MONNICKENDAM,'t Prooyen 1  1141 VD MONNICKENDAM,'t Prooyen 1  1141 VD MONNICKENDAM,0299-651301,//www.leguitenroos.nl,https://www.bouwendnederland.nl/vereniging/lidbedrijf-zoeken?page=13
Aannemersbedrijf Leon Dumoulin B.V.,Simpelveld,Vossenstraat 3 a 6286 BW WITTEM,Molsberg 96  6369GP Simpelveld,043-4511496,//www.leondumoulin.nl,https://www.bouwendnederland.nl/vereniging/lidbedrijf-zoeken?page=13
Aannemersbedrijf Lindeloof bv,HELLEVOETSLUIS,Christiaan Huygensweg 31  3225 LD HELLEVOETSLUIS,Christiaan Huygensweg 31  3225 LD HELLEVOETSLUIS,0181-331050,//www.lindeloof.nl,https://www.bouwendnederland.nl/vereniging/lidbedrijf-zoeken?page=13
Aannemersbedrijf Lipke B.V.,ELBURG,Uiterwaardenstraat 15  8081 HJ ELBURG,Uiterwaardenstraat 15  8081 HJ ELBURG,031-3476100,,https://www.bouwendnederland.nl/vereniging/lidbedrijf-zoeken?page=13
Aannemersbedrijf Littel B.V.,Rumpt,Lageveldweg 5 a 4156 JK RUMPT,Lageveldweg 5 a 4156 JK Rumpt,43-072616,//www.aannemersbedrijflittel.nl,https://www.bouwendnederland.nl/vereniging/lidbedrijf-zoeken?page=13
Aannemersbedrijf M. de  Bruijn,SCHERPENZEEL GLD,Vlieterweg 112  3925 GD SCHERPENZEEL GLD,Vlieterweg 112  3925 GD SCHERPENZEEL GLD,033-2584123,,https://www.bouwendnederland.nl/vereniging/lidbedrijf-zoeken?page=13
Aannemersbedrijf M. Duinmaijer B.V.,DE RIJP,M.C. van Voordenstraat 2  1483 GB DE RIJP,M.C. van Voordenstraat 2  1483 GB DE RIJP,0299-673487,//www.duinmaijer.nl,https://www.bouwendnederland.nl/vereniging/lidbedrijf-zoeken?page=13
Aannemersbedrijf M. Hofman V.O.F.,VALKENBURG LB,Postbus 101  6300 AC VALKENBURG LB,De Valkenberg 11  6301 PM VALKENBURG LB,043-6012449,//www.math-hofmanvof.nl,https://www.bouwendnederland.nl/vereniging/lidbedrijf-zoeken?page=13
Aannemersbedrijf M. Hurkmans en Zn. BV,SOMEREN,Kanaalstraat 105  5711 EG SOMEREN,Kanaalstraat 105  5711 EG SOMEREN,0493-498498,//www.hurkmansbv.nl,https://www.bouwendnederland.nl/vereniging/lidbedrijf-zoeken?page=14
Aannemersbedrijf M. Vierwind B.V.,PUTTEN,Halvinkhuizerweg 29  3882 BE PUTTEN,Halvinkhuizerweg 29  3882 BE PUTTEN,0341-354295,//www.vierwind.nl,https://www.bouwendnederland.nl/vereniging/lidbedrijf-zoeken?page=14
Aannemersbedrijf M.P. Drijvers B.V.,'S-HERTOGENBOSCH,Postbus 250  5201 AG 'S-HERTOGENBOSCH,Deutersestraat 9  5223 GV 'S-HERTOGENBOSCH,073-6215192,//www.aannemerdrijvers.nl,https://www.bouwendnederland.nl/vereniging/lidbedrijf-zoeken?page=14
Aannemersbedrijf Maarten van Hoeven,BREUKELEN UT,Kortrijk 19  3621 LZ BREUKELEN UT,Kortrijk 19  3621 LZ BREUKELEN UT,0346-243750,//www.aannemersbedrijf-vanhoeven.nl,https://www.bouwendnederland.nl/vereniging/lidbedrijf-zoeken?page=14
Aannemersbedrijf Maas B.V.,LANGEWEG,Hazeldonk 5  4772 PA LANGEWEG,Hazeldonk 5  4772 PA LANGEWEG,0168-820990,//www.maasbv.eu,https://www.bouwendnederland.nl/vereniging/lidbedrijf-zoeken?page=14
Aannemersbedrijf Maessen Boekoel B.V.,SWALMEN,Boven Boukoul 15 b 6071 AA SWALMEN,Boven Boukoul 15  B 6071 AA SWALMEN,0475-501269,//www.maessenboekoel.nl,https://www.bouwendnederland.nl/vereniging/lidbedrijf-zoeken?page=14
Aannemersbedrijf Marcel Snijders,SCHIPLUIDEN,Abtswoude 66  2636 EE SCHIPLUIDEN,Abtswoude 66  2636 EE SCHIPLUIDEN,010-4742790,,https://www.bouwendnederland.nl/vereniging/lidbedrijf-zoeken?page=14
Aannemersbedrijf Meijer B.V.,ZEGVELD,Prunuslaan 8  3474 HA ZEGVELD,Prunuslaan 8  3474 HA ZEGVELD,0348-691572,//www.hmeijer.net,https://www.bouwendnederland.nl/vereniging/lidbedrijf-zoeken?page=14
Aannemersbedrijf Menkhorst B.V.,GAANDEREN,Pinnedijk 24  7011 JG GAANDEREN,Pinnedijk 24  7011 JG GAANDEREN,0315-298292,//www.menkhorstbv.nl,https://www.bouwendnederland.nl/vereniging/lidbedrijf-zoeken?page=14
Aannemersbedrijf Mesu B.V.,MIDDELBURG,Wilgenhoekweg 40  4333 RG MIDDELBURG,Wilgenhoekweg 40  4333 RG MIDDELBURG,0118-613098,//http://www.mesubv.nl,https://www.bouwendnederland.nl/vereniging/lidbedrijf-zoeken?page=14
Aannemersbedrijf Meutstege en Zoon B.V.,LAREN GLD,Lindenbergsdijk 5 a 7245 PD LAREN GLD,Lindenbergsdijk 5 a 7245 PD LAREN GLD,0573-401670,//www.bouwbedrijf-meutstege.nl,https://www.bouwendnederland.nl/vereniging/lidbedrijf-zoeken?page=14
Aannemersbedrijf Molenkamp B.V.,HOORN NH,Johan Messchaertstraat 30  A 1623 LK HOORN NH,Johan Messchaertstraat 30  A 1623 LK HOORN NH,0229-298084,//www.aannemersbedrijfmolenkamp.nl,https://www.bouwendnederland.nl/vereniging/lidbedrijf-zoeken?page=14
Aannemersbedrijf Mosterman B.V.,NES AMELAND,Achterdijken 74  9163 JV NES AMELAND,Achterdijken 74  9163 JV NES AMELAND,0519-543434,//www.mostermanbouw.nl,https://www.bouwendnederland.nl/vereniging/lidbedrijf-zoeken?page=14
Aannemersbedrijf Mulder B.V.,KOCKENGEN,Ruwielsekade 7  3628 EJ KOCKENGEN,Ruwielsekade 7  3628 EJ KOCKENGEN,0346-242320,//www.aannemersbedrijfmulder.nl,https://www.bouwendnederland.nl/vereniging/lidbedrijf-zoeken?page=14
Aannemersbedrijf Munster B.V.,HENGELO OV,Topaasstraat 28  7554 TH HENGELO OV,Topaasstraat 28  7554 TH HENGELO OV,074-2911260,//www.bouwbedrijfmunster.nl,https://www.bouwendnederland.nl/vereniging/lidbedrijf-zoeken?page=14
Aannemersbedrijf Musters B.V.,ROTTERDAM,Carnisselaan 61 b 3083 HB ROTTERDAM,Carnisselaan 61 b 3083 HB ROTTERDAM,010-4810165,//www.mustersbv.nl,https://www.bouwendnederland.nl/vereniging/lidbedrijf-zoeken?page=14
Aannemersbedrijf N.P. Bakker,HOOGWOUD,Westerboekelweg 7  1718 MJ HOOGWOUD,Wester Boekelweg 7  1718 MJ HOOGWOUD,0226-353020,//www.npbakker.nl,https://www.bouwendnederland.nl/vereniging/lidbedrijf-zoeken?page=14
Aannemersbedrijf Naboma,BERGSCHENHOEK,Poldermolen 24  2661 LC BERGSCHENHOEK,Poldermolen 24  2661 LC BERGSCHENHOEK,010-5214506,//www.aannemersbedrijfnaboma.nl,https://www.bouwendnederland.nl/vereniging/lidbedrijf-zoeken?page=14
Aannemersbedrijf Nagelhout Woudsend B.V.,WOUDSEND,Vosseleane 39  8551 PZ WOUDSEND,Vosseleane 39  8551 PZ WOUDSEND,0514-591255,//www.nagelhoutwoudsend-bv.nl/,https://www.bouwendnederland.nl/vereniging/lidbedrijf-zoeken?page=14
Aannemersbedrijf Niehof B.V.,LATTROP BREKLENKAMP,Disseroltweg 52  7635 NG LATTROP BREKLENKAMP,Disseroltweg 52  7635 NG LATTROP BREKLENKAMP,0541-554922,//www.niehofbv.nl,https://www.bouwendnederland.nl/vereniging/lidbedrijf-zoeken?page=14
Aannemersbedrijf Nijland,AALTEN,Gendringseweg 29  7122 ME AALTEN,Gendringseweg 29  7122 ME AALTEN,0543-461274,//www.aannemer-nijland.nl,https://www.bouwendnederland.nl/vereniging/lidbedrijf-zoeken?page=15
Aannemersbedrijf Noord,Amsterdam,Paasheuvelweg 15  1105 BE AMSTERDAM,Paasheuvelweg 15  1105BE Amsterdam,06-26142447,,https://www.bouwendnederland.nl/vereniging/lidbedrijf-zoeken?page=15
Aannemersbedrijf O.K. Bouwprojecten B.V.,LEKKERKERK,Tiendweg West 28  2941 ER LEKKERKERK,Tiendweg West 28  2941 ER LEKKERKERK,0180-665192,//www.okbouwprojecten.nl,https://www.bouwendnederland.nl/vereniging/lidbedrijf-zoeken?page=15
Aannemersbedrijf Oskam B.V.,UTRECHT,Mesonweg 11  3542 AL UTRECHT,Mesonweg 11  3542 AL UTRECHT,030-6666666,//www.oskam.nl,https://www.bouwendnederland.nl/vereniging/lidbedrijf-zoeken?page=15
Aannemersbedrijf Oude Moleman,ROSSUM OV,Pierikspad 3 a 7596 KD ROSSUM OV,Pierikspad 3 a 7596 KD ROSSUM OV,0541-625325,//www.oudemoleman.nl,https://www.bouwendnederland.nl/vereniging/lidbedrijf-zoeken?page=15
Aannemersbedrijf Ouwerkerk B.V.,BERKEL EN RODENRIJS,Spoorhaven 35  2651 AV BERKEL EN RODENRIJS,Spoorhaven 35  2651 AV BERKEL EN RODENRIJS,010-4378716,//www.aannemersbedrijfouwerkerk.nl,https://www.bouwendnederland.nl/vereniging/lidbedrijf-zoeken?page=15
Aannemersbedrijf P. de Jong B.V.,EMMEN,Handelsweg 6  7826 TC EMMEN,Handelsweg 6  7826 TC EMMEN,0591-627922,//www.pdejong.nl,https://www.bouwendnederland.nl/vereniging/lidbedrijf-zoeken?page=15
Aannemersbedrijf P. de Visser Werkendam B.V.,WERKENDAM,Bruningsstraat 20  4251 LA WERKENDAM,Bruningsstraat 20  4251 LA WERKENDAM,0183-501877,//www.pdevisser.nl,https://www.bouwendnederland.nl/vereniging/lidbedrijf-zoeken?page=15
Aannemersbedrijf P. Heemskerk BV,REEUWIJK,Reewal 12  2811 PT REEUWIJK,Reewal 12  2811 PT REEUWIJK,0182-392279,//www.p-heemskerk.nl,https://www.bouwendnederland.nl/vereniging/lidbedrijf-zoeken?page=15
Aannemersbedrijf P. Kaal B.V.,GROESBEEK,Hulsbroek 15  6562 JG GROESBEEK,Hulsbroek 15  6562 JG GROESBEEK,024-3975700,//www.aannemersbedrijfkaal.nl,https://www.bouwendnederland.nl/vereniging/lidbedrijf-zoeken?page=15
Aannemersbedrijf P. Martens B.V.,YSSELSTEYN LB,Agrobaan 11  5813 EB YSSELSTEYN LB,Agrobaan 11  5813 EB YSSELSTEYN LB,0478-541760,//www.martensaannemer.nl,https://www.bouwendnederland.nl/vereniging/lidbedrijf-zoeken?page=15
Aannemersbedrijf P. van Hulst B.V.,DUIZEL,Postbus 68  5520 AB EERSEL,Ganzestaartsedijk 15  5525 KC DUIZEL,0497-512806,//www.pvanhulstbv.nl,https://www.bouwendnederland.nl/vereniging/lidbedrijf-zoeken?page=15
Aannemersbedrijf P. van Leeuwen B.V.,MEERKERK,Energieweg 1  4231 DJ MEERKERK,Energieweg 1  4231 DJ MEERKERK,0183-352332,//www.pvanleeuwen.nl,https://www.bouwendnederland.nl/vereniging/lidbedrijf-zoeken?page=15
Aannemersbedrijf P.F. van Zuiden B.V.,TJERKWERD,Van Panhuijsweg 1 a 8765 LH TJERKWERD,Van Panhuijsweg 1 a 8765 LH TJERKWERD,0515-573716,//www.aannemersbedrijfpfvanzuiden.nl,https://www.bouwendnederland.nl/vereniging/lidbedrijf-zoeken?page=15
Aannemersbedrijf Pardoel B.V.,IJSSELSTEIN UT,Lorentzlaan 9  3401 MX IJSSELSTEIN UT,Lorentzlaan 9  3401 MX IJSSELSTEIN UT,0348-451206,//www.pardoelbv.nl,https://www.bouwendnederland.nl/vereniging/lidbedrijf-zoeken?page=15
Aannemersbedrijf Pelgrim,ROTTERDAM,Beijerlandselaan 10 h 3074 EJ ROTTERDAM,Beijerlandselaan 10 h 3074 EJ ROTTERDAM,010-3070497,//www.aannemersbedrijf-pelgrim.nl,https://www.bouwendnederland.nl/vereniging/lidbedrijf-zoeken?page=15
Aannemersbedrijf Peter Wieggers,HARREVELD,Muldershof 4  7135 TX HARREVELD,Kerkstraat 37 b 7135 JJ HARREVELD,0544-376788,,https://www.bouwendnederland.nl/vereniging/lidbedrijf-zoeken?page=15
Aannemersbedrijf Peters B.V.,ZUTPHEN,Hoge Balver 3  7207 BR ZUTPHEN,Hoge Balver 3  7207 BR ZUTPHEN,0575-514404,//www.aannemer-peters.nl,https://www.bouwendnederland.nl/vereniging/lidbedrijf-zoeken?page=15
Aannemersbedrijf Piërré Gorissen,STEENBERGEN NB,Oudlandsestraat 49  4651 MB STEENBERGEN NB,Oudlandsestraat 49  4651 MB STEENBERGEN NB,0167-565010,,https://www.bouwendnederland.nl/vereniging/lidbedrijf-zoeken?page=15
Aannemersbedrijf Plevier B.V.,CRUQUIUS,Postbus 195  2100 AD HEEMSTEDE,Spaarneweg 83  2142 EP CRUQUIUS,023-5263657,//www.plevier.nl,https://www.bouwendnederland.nl/vereniging/lidbedrijf-zoeken?page=15
Aannemersbedrijf Pool vof,DEN ANDEL,Boschweg 8  9956 PT DEN ANDEL,Boschweg 8  9956 PT DEN ANDEL,0595-422897,//www.aannemersbedrijf-pool.nl,https://www.bouwendnederland.nl/vereniging/lidbedrijf-zoeken?page=16
Aannemersbedrijf Praet,NIEUW NAMEN,Veerstraat 7  4568 PH NIEUW NAMEN,Veerstraat 7  4568 PH NIEUW NAMEN,0114-345925,//www.praet.eu,https://www.bouwendnederland.nl/vereniging/lidbedrijf-zoeken?page=16
Aannemersbedrijf R. Blankendaal,HEERHUGOWAARD,Newtonstraat 9  1704 SB HEERHUGOWAARD,Newtonstraat 9  1704 SB HEERHUGOWAARD,072-5349565,//www.rblankendaal.nl,https://www.bouwendnederland.nl/vereniging/lidbedrijf-zoeken?page=16
Aannemersbedrijf R. Cuelenaere-Turrekens v.o.f.,EEDE ZLD,Valeiskreek 2  4529 JR EEDE ZLD,Valeiskreek 2  4529 JR EEDE ZLD,0117-350203,//www.aannemersbedrijfcuelenaere.nl,https://www.bouwendnederland.nl/vereniging/lidbedrijf-zoeken?page=16
Aannemersbedrijf RDW verbouw/nieuwbouw B.V.,HAARLEM,Tappersweg 14 -16 2031 EV HAARLEM,Tappersweg 14 -16 2031 EV HAARLEM,,,https://www.bouwendnederland.nl/vereniging/lidbedrijf-zoeken?page=16
Aannemersbedrijf Riezebos B.V.,DALFSEN,Goldkampstraat 4  7722 RN DALFSEN,Goldkampstraat 4  7722 RN DALFSEN,0529-226639,//www.riezebosdalfsen.nl,https://www.bouwendnederland.nl/vereniging/lidbedrijf-zoeken?page=16
Aannemersbedrijf Rob Laan,HEM,Hemmerbuurt 71 A 1607 CD HEM,Hemmerbuurt 71 A 1607 CD HEM,0228-754807,//www.aannemersbedrijfroblaan.nl,https://www.bouwendnederland.nl/vereniging/lidbedrijf-zoeken?page=16
Aannemersbedrijf Roel Weusten,VALKENBURG LB,Sibbergrubbe 32  6301 AA VALKENBURG LB,Sibbergrubbe 32  6301 AA VALKENBURG LB,043-4582335,//www.aannemersbedrijfroelweusten.nl,https://www.bouwendnederland.nl/vereniging/lidbedrijf-zoeken?page=16
Aannemersbedrijf Roseboom B.V.,EDE GLD,Galvanistraat 123  6716 AE EDE GLD,Galvanistraat 123  6716 AE EDE GLD,0318-696969,//www.roseboomede.nl,https://www.bouwendnederland.nl/vereniging/lidbedrijf-zoeken?page=16
Aannemersbedrijf Ruud Martens B.V.,CASTRICUM,Castricummerwerf 49  1901 RV CASTRICUM,Castricummer Werf 47  1901 RV CASTRICUM,0251-700243,//www.ruudmartensbv.nl,https://www.bouwendnederland.nl/vereniging/lidbedrijf-zoeken?page=16
Aannemersbedrijf Schasfoort B.V.,OLDENZAAL,Glindestraat 40  7572 ZH OLDENZAAL,Glindestraat 40  7572 ZH OLDENZAAL,0541-512400,//www.schasfoort.info,https://www.bouwendnederland.nl/vereniging/lidbedrijf-zoeken?page=16
Aannemersbedrijf Scholtmeijer B.V.,HAREN GN,Felland-Noord 7  9753 TB HAREN GN,Felland-Noord 7  9753 TB HAREN GN,050-5347288,//www.scholtmeijerharen.nl,https://www.bouwendnederland.nl/vereniging/lidbedrijf-zoeken?page=16
Aannemersbedrijf Schuurman B.V.,ZEIST,Dijnselburgerlaan 1 -16 3705 LP ZEIST,Dijnselburgerlaan 1 -16 3705 LP ZEIST,030-2285290,//www.schuurmanaannemersbedrijf.nl,https://www.bouwendnederland.nl/vereniging/lidbedrijf-zoeken?page=16
Aannemersbedrijf Siers B.V.,ENSCHEDE,Kwinkelerweg 223  7548 BS ENSCHEDE,Kwinkelerweg 223  7548 BS ENSCHEDE,053-4323034,//www.siers.nl,https://www.bouwendnederland.nl/vereniging/lidbedrijf-zoeken?page=16
Aannemersbedrijf Sikma,OENTSJERK,Rengersweg 86  9062 EH OENTSJERK,Rengersweg 86  9062 EH OENTSJERK,,,https://www.bouwendnederland.nl/vereniging/lidbedrijf-zoeken?page=16
Aannemersbedrijf Sirre B.V.,ZOETERWOUDE,Produktieweg 56  2382 PD ZOETERWOUDE,Produktieweg 56  2382 PD ZOETERWOUDE,071-5412354,//www.sirre.nl,https://www.bouwendnederland.nl/vereniging/lidbedrijf-zoeken?page=16
Aannemersbedrijf Slopsema B.V.,LEEK,Auwemalaan 156  9351 NW LEEK,Auwemalaan 156  9351 NW LEEK,06-11443877,//www.slopsema.eu,https://www.bouwendnederland.nl/vereniging/lidbedrijf-zoeken?page=16
Aannemersbedrijf Steggink B.V.,HENGELO OV,Ardennenstraat 9  7559 LT HENGELO OV,Ardennenstraat 9  7559 LT HENGELO OV,074-2911361,//www.aannemersbedrijfsteggink.nl,https://www.bouwendnederland.nl/vereniging/lidbedrijf-zoeken?page=16
Aannemersbedrijf Sturm B.V.,GAPINGE,Schellachseweg 1 A 4352 AJ GAPINGE,Schellachseweg 1 A 4352 AJ GAPINGE,0118-591447,//www.aannemersbedrijfsturm.nl,https://www.bouwendnederland.nl/vereniging/lidbedrijf-zoeken?page=16
Aannemersbedrijf T.M.E. Harleman B.V.,DEVENTER,Postbus 539  7400 AM DEVENTER,Staverenstraat 9 a 7418 CJ DEVENTER,0570-620108,//www.harlemanbv.nl,https://www.bouwendnederland.nl/vereniging/lidbedrijf-zoeken?page=16
Aannemersbedrijf Tempelman B.V.,NIEUWLEUSEN,Den Hulst 70  7711 GR NIEUWLEUSEN,Den Hulst 70  7711 GR NIEUWLEUSEN,0529-481298,//www.aannemersbedrijftempelman.nl,https://www.bouwendnederland.nl/vereniging/lidbedrijf-zoeken?page=17
Aannemersbedrijf Teunissen BV,YSSELSTEYN LB,Ysselsteynseweg 82 a 5813 BM YSSELSTEYN LB,Ysselsteynseweg 82 a 5813 BM YSSELSTEYN LB,0478-541406,//www.teunissen-bv.nl,https://www.bouwendnederland.nl/vereniging/lidbedrijf-zoeken?page=17
Aannemersbedrijf Th. G. van den Bosch B.V.,BOVEN-LEEUWEN,Ambachtsweg 22  6657 CK BOVEN-LEEUWEN,Ambachtsweg 22  6657 CK BOVEN-LEEUWEN,0487-591696,//www.vandenboschbouw.nl,https://www.bouwendnederland.nl/vereniging/lidbedrijf-zoeken?page=17
Aannemersbedrijf Tillie B.V.,MAASTRICHT,Franciscus Romanusweg 34  6221 AG MAASTRICHT,Franciscus Romanusweg 34  6221 AG MAASTRICHT,043-3212326,//www.tillie.nl,https://www.bouwendnederland.nl/vereniging/lidbedrijf-zoeken?page=17
Aannemersbedrijf Timmer Ugchelen BV,APELDOORN,Wilmersdorf 26  7327 AC APELDOORN,Wilmersdorf 26  7327 AC APELDOORN,055-5419795,//www.timmerugchelen.nl,https://www.bouwendnederland.nl/vereniging/lidbedrijf-zoeken?page=17
Aannemersbedrijf Tonnie Jansen B.V.,ETTEN GLD,Zeddamseweg 11  7075 EA ETTEN GLD,Zeddamseweg 11  7075 EA ETTEN GLD,0315-340751,//www.tonniejansenbv.nl,https://www.bouwendnederland.nl/vereniging/lidbedrijf-zoeken?page=17
Aannemersbedrijf Totaalbouw Budel B.V.,BUDEL,Fabrieksstraat 75  6021 RC BUDEL,Fabrieksstraat 75  6021 RC BUDEL,0623-101301,//www.totaalbouwbudel.nl,https://www.bouwendnederland.nl/vereniging/lidbedrijf-zoeken?page=17
Aannemersbedrijf Uuldriks B.V.,WEDDE,Hoofdweg Wedderveer 20  9698 PE WEDDE,Hoofdweg Wedderveer 20  9698 PE WEDDE,0597-852619,//www.aannemersbedrijfuuldriks.nl,https://www.bouwendnederland.nl/vereniging/lidbedrijf-zoeken?page=17
Aannemersbedrijf V.o.f. Gebr. Swillens,aannemersbedrijf vof gebr.swillens,Baarlosestraat 113  5923 AM VENLO,Baarlosestraat 113  5923 AM aannemersbedrijf vof gebr.swillens,077-3824632,//www.swillens.net,https://www.bouwendnederland.nl/vereniging/lidbedrijf-zoeken?page=17
Aannemersbedrijf Valk B.V.,DAARLE,Dalvoordeweg 22  7688 PV DAARLE,Dalvoordeweg 22  7688 PV DAARLE,0546-697888,//www.valkdaarle.nl,https://www.bouwendnederland.nl/vereniging/lidbedrijf-zoeken?page=17
Aannemersbedrijf Van Agtmaal bv,OUDENBOSCH,Postbus 1  4730 AA OUDENBOSCH,Veilingweg 1  4731 CW OUDENBOSCH,0165-319000,//www.vanagtmaal.nl,https://www.bouwendnederland.nl/vereniging/lidbedrijf-zoeken?page=17
Aannemersbedrijf Van Amerongen,COTHEN,Dwarsdijk 5  3945 LC COTHEN,Dwarsdijk 5  3945 LC COTHEN,0343-561501,//www.vanamerongencothen.nl,https://www.bouwendnederland.nl/vereniging/lidbedrijf-zoeken?page=17
Aannemersbedrijf Van Berkel Waddinxveen B.V.,WADDINXVEEN,Coenecoop  2 c 2741  PG WADDINXVEEN,Coenecoop 2 c 2741 PG WADDINXVEEN,0182-619944,//www.vanberkelwaddinxveen.nl,https://www.bouwendnederland.nl/vereniging/lidbedrijf-zoeken?page=17
Aannemersbedrijf Van Beusekom B.V.,ZWANENBURG,Postbus 192  1160 AD ZWANENBURG,Weerenweg 26 a 1161 AJ ZWANENBURG,020-4972782,//www.vanbeusekom.nl,https://www.bouwendnederland.nl/vereniging/lidbedrijf-zoeken?page=17
Aannemersbedrijf van Buuren B.V.,HEEL,Thornerweg 3  6097 NC HEEL,Thornerweg 3  6097 NC HEEL,0495-498340,//www.vincentvanbuuren.nl,https://www.bouwendnederland.nl/vereniging/lidbedrijf-zoeken?page=17
Aannemersbedrijf Van de Beeten B.V.,NISTELRODE,Bedrijvenweg 16  5388 PN NISTELRODE,Bedrijvenweg 16  5388 PN NISTELRODE,0412-612594,//www.beeten.nl,https://www.bouwendnederland.nl/vereniging/lidbedrijf-zoeken?page=17
Aannemersbedrijf Van de Velde BV,KRUININGEN,Capelleweg 5  4416 PN KRUININGEN,Capelleweg 5  4416 PN KRUININGEN,0113-382583,//www.aannemersbedrijfvandevelde.nl,https://www.bouwendnederland.nl/vereniging/lidbedrijf-zoeken?page=17
Aannemersbedrijf Van den Berg Buren B.V.,BUREN GLD,Randweg 1  4116 GH BUREN GLD,Randweg 1  4116 GH BUREN GLD,0344-570712,//www.vandenbergburen.nl,https://www.bouwendnederland.nl/vereniging/lidbedrijf-zoeken?page=17
Aannemersbedrijf Van den Brandhof B.V.,EDE GLD,Meikade 2 b 6718 VJ EDE GLD,Meikade 2 b 6718 VJ EDE GLD,0318-485788,//www.vandenbrandhof.com,https://www.bouwendnederland.nl/vereniging/lidbedrijf-zoeken?page=17
Aannemersbedrijf Van den Ende,SCHIPLUIDEN,Boomgaardslaan 2  2636 CP SCHIPLUIDEN,Boomgaardslaan 2  2636 CP SCHIPLUIDEN,015-3809125,//www.vdendeschipluiden.nl,https://www.bouwendnederland.nl/vereniging/lidbedrijf-zoeken?page=17
Aannemersbedrijf Van der Drift Bouw B.V.,AALSMEER,Oosteinderweg 230  1432 BA AALSMEER,Oosteinderweg 230  1432 BA AALSMEER,0297-363735,//www.vanderdriftbouw.nl,https://www.bouwendnederland.nl/vereniging/lidbedrijf-zoeken?page=18
Aannemersbedrijf Van der Heijden-Beek B.V.,BEEK GEM BERGH,Didamseweg 27 b 7037 DJ BEEK GEM BERGH,Didamseweg 27 b 7037 DJ BEEK GEM BERGH,0316-531396,//www.aannemersbedrijfvanderheijden.nl,https://www.bouwendnederland.nl/vereniging/lidbedrijf-zoeken?page=18
Aannemersbedrijf Van der Plas B.V.,ALPHEN AAN DEN RIJN,Amalia van Solmsstraat 6  2404 GN ALPHEN AAN DEN RIJN,Amalia van Solmsstraat 6  2404 GN ALPHEN AAN DEN RIJN,0172-263033,,https://www.bouwendnederland.nl/vereniging/lidbedrijf-zoeken?page=18
Aannemersbedrijf Van der Poel B.V.,TERNEUZEN,Hughersluys 31  4536 HM TERNEUZEN,Hughersluys 31  4536 HM TERNEUZEN,0115-677500,//www.vanderpoelterneuzen.nl,https://www.bouwendnederland.nl/vereniging/lidbedrijf-zoeken?page=18
Aannemersbedrijf Van der Worp B.V.,HAARLEM,Jan van Geunsweg 2  2031 BD HAARLEM,Jan van Geunsweg 2  2031 BD HAARLEM,023-5149999,//www.vdworp.nl,https://www.bouwendnederland.nl/vereniging/lidbedrijf-zoeken?page=18
Aannemersbedrijf Van Diermen,'S-GRAVELAND,Zuidereinde 89  1243 KM 'S-GRAVELAND,Zuidereinde 89  1243 KM 'S-GRAVELAND,035-6565819,//www.jarnovandiermen.nl,https://www.bouwendnederland.nl/vereniging/lidbedrijf-zoeken?page=18
Aannemersbedrijf Van Donselaar,DRIEBERGEN-RIJSENBURG,Engweg 3  3972 JA DRIEBERGEN-RIJSENBURG,Engweg 3  3972 JA DRIEBERGEN-RIJSENBURG,0343-539853,//www.vandonselaar.nu,https://www.bouwendnederland.nl/vereniging/lidbedrijf-zoeken?page=18
Aannemersbedrijf Van Eekelen v.o.f.,KAPELLE,Achterweg 1  4421 KE KAPELLE,Achterweg 1  4421 KE KAPELLE,0113-341138,//www.vaneekelen-bouw.bouwgarantlid.nl,https://www.bouwendnederland.nl/vereniging/lidbedrijf-zoeken?page=18
Aannemersbedrijf Van Egmond B.V.,'S-GRAVENHAGE,Prisma 17 F 2495 AS 'S-GRAVENHAGE,Prisma 17 F 2495 AS 'S-GRAVENHAGE,070-3854867,//https://egmondaannemer.nl/,https://www.bouwendnederland.nl/vereniging/lidbedrijf-zoeken?page=18
Aannemersbedrijf van Elmpt,AMSTERDAM,Nieuwendammerkade 22 B 1022 AB AMSTERDAM,Nieuwendammerkade 22 B 1022 AB AMSTERDAM,020-6324239,//www.vanelmpt.com,https://www.bouwendnederland.nl/vereniging/lidbedrijf-zoeken?page=18
Aannemersbedrijf van Gerner,ZWOLLE,Anjerweg 10  8042 CS ZWOLLE,Anjerweg 10  8042 CS ZWOLLE,038-4211785,//www.gernerbouw.nl,https://www.bouwendnederland.nl/vereniging/lidbedrijf-zoeken?page=18
Aannemersbedrijf van Gosliga,ELAHUIZEN,Mardyk 18  8581 KG ELAHUIZEN,Mardyk 18  8581 KG ELAHUIZEN,0514-603187,//www.gosligabouw.nl,https://www.bouwendnederland.nl/vereniging/lidbedrijf-zoeken?page=18
Aannemersbedrijf Van Helleman B.V.,MIDDELBURG,Ampereweg 38  4338 PT MIDDELBURG,Ampereweg 38  4338 PT MIDDELBURG,0118-612388,//www.vanhelleman.nl,https://www.bouwendnederland.nl/vereniging/lidbedrijf-zoeken?page=18
Aannemersbedrijf Van Heur Baexem,BAEXEM,Sint Antoniusstraat 8 -8A 6095 AK BAEXEM,Sint Antoniusstraat 8 -8A 6095 AK BAEXEM,0475-452424,//www.vanheurbaexem.nl,https://www.bouwendnederland.nl/vereniging/lidbedrijf-zoeken?page=18
Aannemersbedrijf van Loon,SINT HUBERT,Grootvenseweg 26  5454 GD SINT HUBERT,Grootvenseweg 26  5454 GD SINT HUBERT,,,https://www.bouwendnederland.nl/vereniging/lidbedrijf-zoeken?page=18
Aannemersbedrijf van Timmerwerken Steenbergen B.V.,BERLICUM NB,Milrooijseweg 41  5258 KG BERLICUM NB,Milrooijseweg 41  5258 KG BERLICUM NB,,,https://www.bouwendnederland.nl/vereniging/lidbedrijf-zoeken?page=18
Aannemersbedrijf Van Zoelen B.V.,UTRECHT,Postbus 8079  3503 RB UTRECHT,Nevadadreef 58  3565 CC UTRECHT,030-2631111,//www.vanzoelen.nl,https://www.bouwendnederland.nl/vereniging/lidbedrijf-zoeken?page=18
Aannemersbedrijf Vekemans B.V.,GOIRLE,Bergstraat 100 a 5051 HD GOIRLE,Bergstraat 100 a 5051 HD GOIRLE,013-5341354,//www.vekemansbv.nl,https://www.bouwendnederland.nl/vereniging/lidbedrijf-zoeken?page=18
Aannemersbedrijf Veldhuizen,VLEUTEN,Hof Ter Weydeweg 1  3451 ST VLEUTEN,Hof Ter Weydeweg 1  3451 ST VLEUTEN,030-2102855,,https://www.bouwendnederland.nl/vereniging/lidbedrijf-zoeken?page=18
Aannemersbedrijf Verbart B.V.,OTERLEEK,Noordschermerdijk 9  1842 EL OTERLEEK,Noordschermerdijk 9  1842 EL OTERLEEK,072-5725082,//www.verbart.nl,https://www.bouwendnederland.nl/vereniging/lidbedrijf-zoeken?page=18
Aannemersbedrijf Verdam B.V.,De Rijp,Driekoningenhof 37   1483 XP De Rijp,Driekoningenhof 37   1483 XP De Rijp,0299-672377,,https://www.bouwendnederland.nl/vereniging/lidbedrijf-zoeken?page=19
Aannemersbedrijf Vermeulen Janssen B.V.,ALTFORST,Heppertsestraat 13  6628 AH ALTFORST,Heppertsestraat 13  6628 AH ALTFORST,0487-540089,//www.vermeulenjanssen.nl,https://www.bouwendnederland.nl/vereniging/lidbedrijf-zoeken?page=19
Aannemersbedrijf Verplancke & Groot B.V.,ENKHUIZEN,Zoutketen 4  1601 EX ENKHUIZEN,Zoutketen 4  1601 EX ENKHUIZEN,0228-319372,//www.verplanckegroot.nl,https://www.bouwendnederland.nl/vereniging/lidbedrijf-zoeken?page=19
Aannemersbedrijf Versteeg Utrecht B.V.,HOUTEN,Peppelkade 1  3992 AL HOUTEN,Peppelkade 1  3992 AL HOUTEN,030-2808050,//www.versteeg-utrecht.nl,https://www.bouwendnederland.nl/vereniging/lidbedrijf-zoeken?page=19
Aannemersbedrijf Verweij bv,OOSTBURG,Zuidzandsestraat 27  4501 AL OOSTBURG,Zuidzandsestraat 27  4501 AL OOSTBURG,0117-452815,//www.verweijoostburg.nl,https://www.bouwendnederland.nl/vereniging/lidbedrijf-zoeken?page=19
Aannemersbedrijf Vogt B.V.,HAAKSBERGEN,Groothuizenweg 62  7481 WD HAAKSBERGEN,Groothuizenweg 62  7481 WD HAAKSBERGEN,0545-221266,//www.vogtbouw.nl,https://www.bouwendnederland.nl/vereniging/lidbedrijf-zoeken?page=19
Aannemersbedrijf Vossebeld,HENGELO OV,Rotersweg 26  7554 RA HENGELO OV,Rotersweg 26  7554 RA HENGELO OV,074-3676140,//www.vossebeldbouw.com,https://www.bouwendnederland.nl/vereniging/lidbedrijf-zoeken?page=19
Aannemersbedrijf W. Bruinink,HARDERWIJK,Overveld 1 a 3848 BT HARDERWIJK,Overveld 1 a 3848 BT HARDERWIJK,0341-419064,,https://www.bouwendnederland.nl/vereniging/lidbedrijf-zoeken?page=19
Aannemersbedrijf W. van der Laarse en Zn. B.V.,AALSMEER,Visserstraat 4  1431 GJ AALSMEER,Visserstraat 4  1431 GJ AALSMEER,0297-325124,//www.aannemersbedrijf-vanderlaarse.nl,https://www.bouwendnederland.nl/vereniging/lidbedrijf-zoeken?page=19
Aannemersbedrijf W. van Griensven B.V.,GEFFEN,Postbus 250  5201 AG 'S-HERTOGENBOSCH,Bedrijvenweg 3  5386 KA GEFFEN,073-6270570,//www.aannemersbedrijfvangriensven.nl,https://www.bouwendnederland.nl/vereniging/lidbedrijf-zoeken?page=19
Aannemersbedrijf W. Wubs,ONSTWEDDE,Veenhuizerweg 1  9591 TB ONSTWEDDE,Veenhuizerweg 1  9591 TB ONSTWEDDE,0599-331727,//www.aannemersbedrijfwubs.nl,https://www.bouwendnederland.nl/vereniging/lidbedrijf-zoeken?page=19
Aannemersbedrijf W.J. Haafkes en Zonen B.V.,GOOR,Wheedwarsweg 9  7471 GG GOOR,Wheedwarsweg 9  7471 GG GOOR,0547-285000,//www.haafkes.nl,https://www.bouwendnederland.nl/vereniging/lidbedrijf-zoeken?page=19
Aannemersbedrijf W.J.M. de Bruijn,HOLTUM,Ankersweg 55  6123 AJ HOLTUM,Ankersweg 55  6123 AJ HOLTUM,046-4857997,//www.aannemersbedrijfdebruijn.nl,https://www.bouwendnederland.nl/vereniging/lidbedrijf-zoeken?page=19
Aannemersbedrijf Wagelaar B.V.,LANDSMEER,Noordeinde 128 G 1121 AL LANDSMEER,Noordeinde 128 G 1121 AL LANDSMEER,020-3371600,//www.wagelaarbv.nl,https://www.bouwendnederland.nl/vereniging/lidbedrijf-zoeken?page=19
Aannemersbedrijf Warmes B.V.,LATTROP BREKLENKAMP,Dorpsstraat 91  7635 NB LATTROP BREKLENKAMP,Dorpsstraat 91  7635 NB LATTROP BREKLENKAMP,0541-229283,//www.warmes.nl,https://www.bouwendnederland.nl/vereniging/lidbedrijf-zoeken?page=19
Aannemersbedrijf Wassink Halle B.V.,HALLE,Pluimersdijk 21  7025 EN HALLE,Pluimersdijk 21  7025 EN HALLE,0314-621461,//www.wassinkhalle.nl,https://www.bouwendnederland.nl/vereniging/lidbedrijf-zoeken?page=19
Aannemersbedrijf Werkhoven B.V.,WERKHOVEN,Ambachtstraat 24  3985 SC WERKHOVEN,Ambachtstraat 24  3985 SC WERKHOVEN,0343-551283,//www.aannemersbedrijfwerkhoven.nl,https://www.bouwendnederland.nl/vereniging/lidbedrijf-zoeken?page=19
Aannemersbedrijf Wessels B.V.,LICHTENVOORDE,Postbus 65  7130 AB LICHTENVOORDE,Koningslinde 28  7131 MP LICHTENVOORDE,0544-375647,//www.vakbouwers.nl,https://www.bouwendnederland.nl/vereniging/lidbedrijf-zoeken?page=19
Aannemersbedrijf West-Friesland,ZWAAGDIJK-OOST,Bollenmarkt 16  1681 PJ ZWAAGDIJK-OOST,Bollenmarkt 16  1681 PJ ZWAAGDIJK-OOST,0228-561733,//www.awfbouw.nl,https://www.bouwendnederland.nl/vereniging/lidbedrijf-zoeken?page=19
Aannemersbedrijf Wielhouwer B.V.,MIDDELHARNIS,Waterweg 39  3241 EJ MIDDELHARNIS,Waterweg 39  3241 EJ MIDDELHARNIS,0187-483074,//www.wielhouwer.nl,https://www.bouwendnederland.nl/vereniging/lidbedrijf-zoeken?page=19
Aannemersbedrijf Wiersma,OLDEHOVE,Buitensingel 4  9883 SE OLDEHOVE,Buitensingel 4  9883 SE OLDEHOVE,050-4031856,//www.aannemersbedrijfwiersma.nl,https://www.bouwendnederland.nl/vereniging/lidbedrijf-zoeken?page=20
Aannemersbedrijf Wijers,HEIJEN,De Groote Heeze 25  6598 AV HEIJEN,De Groote Heeze 25  6598 AV HEIJEN,0485-511984,,https://www.bouwendnederland.nl/vereniging/lidbedrijf-zoeken?page=20
Aannemersbedrijf Willems,WAALRE,Goudbergstraat 1 -b 5583 BA WAALRE,Goudbergstraat 1 b 5583 BA WAALRE,040-2212335,//www.aannemersbedrijfwillems.nl,https://www.bouwendnederland.nl/vereniging/lidbedrijf-zoeken?page=20
Aannemersbedrijf Wisbouw B.V.,KRUININGEN,Stationsweg 8 c 4416 PJ KRUININGEN,Stationsweg 8 c 4416 PJ KRUININGEN,0113-382578,,https://www.bouwendnederland.nl/vereniging/lidbedrijf-zoeken?page=20
Aannemersbedrijf Witteveen B.V.,DRACHTEN,De Fok 14  9206 BD DRACHTEN,De Fok 14  9206 BD DRACHTEN,0512-542402,//www.becono.nl,https://www.bouwendnederland.nl/vereniging/lidbedrijf-zoeken?page=20
Aannemersbedrijf Wondergem B.V.,ARNEMUIDEN,Korenbloemlaan 1  4341 JD ARNEMUIDEN,Korenbloemlaan  1  4341 JD ARNEMUIDEN,0118-602595,//www.aannemersbedrijfwondergem.nl,https://www.bouwendnederland.nl/vereniging/lidbedrijf-zoeken?page=20
Aannemersbedrijf Y. Kops B.V.,HEILOO,Stationsweg 13  1851 LH HEILOO,Stationsweg 13  1851 LH HEILOO,072-5330478,//www.kopsaannemers.nl,https://www.bouwendnederland.nl/vereniging/lidbedrijf-zoeken?page=20
Aannemersbedrijfvan Opstal & Zn. B.V.,WERNHOUT,Maalbergenstraat 11  4884 MT WERNHOUT,Maalbergenstraat 11  4884 MT WERNHOUT,076-5973478,//www.opstal.nl,https://www.bouwendnederland.nl/vereniging/lidbedrijf-zoeken?page=20
Aannemersbouwbedrijf Van der Helden B.V.,OPHEMERT,De Geer 22  4061 RR OPHEMERT,De Geer 22  4061 RR OPHEMERT,0344-650490,//www.vanderhelden.nl,https://www.bouwendnederland.nl/vereniging/lidbedrijf-zoeken?page=20
Aannemersplan.nl B.V.,SON EN BREUGEL,Ekkersrijt 1327  5692 AJ SON EN BREUGEL,Ekkersrijt 1327  5692 AJ SON EN BREUGEL,0499-745405,//www.aannemersplan.nl,https://www.bouwendnederland.nl/vereniging/lidbedrijf-zoeken?page=20
Aanneming en Wegenbouw Van Rosmalen B.V.,ROSMALEN,Weidestraat 7 b 5241 CA ROSMALEN,Weidestraat 7 b 5241 CA ROSMALEN,073-5212632,//www.vanrosmalenbv.nl,https://www.bouwendnederland.nl/vereniging/lidbedrijf-zoeken?page=20
Aanneming Wegenbouw G. Hemmen B.V.,NIEUW DORDRECHT,Postbus 265  7800 AG EMMEN,Oosterwijk WZ 30  7885 TN NIEUW DORDRECHT,0591-612680,//www.hemmen-bv.nl,https://www.bouwendnederland.nl/vereniging/lidbedrijf-zoeken?page=20
"Aannemingmaatschappij Van Gelder B.V., Regio West",NIEUW VENNEP,Schillingweg 10  2153 PL NIEUW-VENNEP,Schillingweg 10  2153 PL NIEUW VENNEP,0252-662000,//www.gelder.com,https://www.bouwendnederland.nl/vereniging/lidbedrijf-zoeken?page=20
Aannemings- & Bouwbedrijf van Koppen,OUDDORP ZH,Wilhelminaweg 21  3253 BW OUDDORP ZH,Wilhelminaweg 21  3253 BW OUDDORP ZH,--682091,//www.vankoppenbouw.nl,https://www.bouwendnederland.nl/vereniging/lidbedrijf-zoeken?page=20
Aannemings- en Handelsbedrijf Jac. Rijk BV,RITTHEM,Postbus 409  4380 AK VLISSINGEN,"Duitslandweg 11 , Haven 1160 4389 PJ RITTHEM",0113-561208,//www.jacrijk.nl,https://www.bouwendnederland.nl/vereniging/lidbedrijf-zoeken?page=20
Aannemings- en Schildersbedrijf Snoep B.V.,WISSENKERKE,Cruijckelcreke 12  4491 PS WISSENKERKE,Cruijckelcreke 12  4491 PS WISSENKERKE,0113-695376,,https://www.bouwendnederland.nl/vereniging/lidbedrijf-zoeken?page=20
Aannemings- en Timmerbedrijf Stef van den Wijngaard,VOLKEL,Kloosterstraat 38  5408 BC VOLKEL,Kloosterstraat 38  5408 BC VOLKEL,0413-273278,//www.wijngaard-bv.nl,https://www.bouwendnederland.nl/vereniging/lidbedrijf-zoeken?page=20
Aannemings- en Wegenbouwbedrijf H.S. Hendrikse en Zoon B.V.,SOEST,Postbus 467  3760 AL SOEST,Oostergracht 32 -34 3763 LZ SOEST,035-6016202,//www.hendrikse-wegenbouw.nl,https://www.bouwendnederland.nl/vereniging/lidbedrijf-zoeken?page=20
Aannemingsbedrijf A. Goedegebuure,SINT-ANNALAND,Bronsgeestweg 6  4697 RT SINT ANNALAND,Bronsgeestweg 6  4697 RT SINT-ANNALAND,,,https://www.bouwendnederland.nl/vereniging/lidbedrijf-zoeken?page=20
Aannemingsbedrijf A. Tuin Den Helder B.V.,DEN HELDER,Ambachtsweg 15  1785 AJ DEN HELDER,Ambachtsweg 15  1785 AJ DEN HELDER,0223-668685,//www.tuin-denhelder.nl,https://www.bouwendnederland.nl/vereniging/lidbedrijf-zoeken?page=20
Aannemingsbedrijf A. van der Lugt B.V.,VLAARDINGEN,Energieweg 24  3133 EC VLAARDINGEN,Energieweg 24  3133 EC VLAARDINGEN,010-4342544,//www.avanderlugt.nl,https://www.bouwendnederland.nl/vereniging/lidbedrijf-zoeken?page=21
Aannemingsbedrijf A. van Engelenhoven en Zn. B.V.,EDE GLD,Max Planckstraat 27  6716 BD EDE GLD,Max Planckstraat 27  6716 BD EDE GLD,0318-622500,//www.van-engelenhoven.nl,https://www.bouwendnederland.nl/vereniging/lidbedrijf-zoeken?page=21
Aannemingsbedrijf A.J. Bessels,WILP GLD,Enkweg 5 A 7384 CP WILP GLD,Enkweg 5 A 7384 CP WILP GLD,0571-261439,//www.besselsbouw.nl,https://www.bouwendnederland.nl/vereniging/lidbedrijf-zoeken?page=21
Aannemingsbedrijf AKC B.V.,SITTARD,Dr Nolenslaan 145  6136 GM SITTARD,Dr Nolenslaan 145  6136 GM SITTARD,046-4110867,//www.bouwmetverstand.nl,https://www.bouwendnederland.nl/vereniging/lidbedrijf-zoeken?page=21
Aannemingsbedrijf Alexandria B.V.,'S-GRAVENHAGE,Sweelinckplein 1  2517 GK 'S-GRAVENHAGE,Sweelinckplein 1  2517 GK 'S-GRAVENHAGE,070-3387438,//www.alexandriabv.nl,https://www.bouwendnederland.nl/vereniging/lidbedrijf-zoeken?page=21
Aannemingsbedrijf B. Sterenborg,ONSTWEDDE,Holte 4  9591 VN ONSTWEDDE,Holte 4  9591 VN ONSTWEDDE,,,https://www.bouwendnederland.nl/vereniging/lidbedrijf-zoeken?page=21
Aannemingsbedrijf Bangma BV,SINT NICOLAASGA,De Wieken 1  8521 ME SINT NICOLAASGA,De Wieken 1  8521 ME SINT NICOLAASGA,0514-561760,//www.bangmabv.nl,https://www.bouwendnederland.nl/vereniging/lidbedrijf-zoeken?page=21
Aannemingsbedrijf Barnhoorn & Van Duijn,KATWIJK ZH,Adrianastraat 36 a 2225 NX KATWIJK ZH,Adrianastraat 36 a 2225 NX KATWIJK ZH,071-4012746,,https://www.bouwendnederland.nl/vereniging/lidbedrijf-zoeken?page=21
Aannemingsbedrijf Bijkerk B.V.,BURGH-HAAMSTEDE,Zandstraat 1  4328 LM BURGH-HAAMSTEDE,Zandstraat 1  4328 LM BURGH-HAAMSTEDE,0111-651246,//www.bijkerkbouw.nl,https://www.bouwendnederland.nl/vereniging/lidbedrijf-zoeken?page=21
Aannemingsbedrijf Bongers B.V.,DALFSEN,Engellandweg 3  7722 RA DALFSEN,Engellandweg 3  7722 RA DALFSEN,0529-431320,//www.bongersbv.nl,https://www.bouwendnederland.nl/vereniging/lidbedrijf-zoeken?page=21
Aannemingsbedrijf Buitenhuis B.V.,WATERGANG,De Dollard 17 c 1454 AT WATERGANG,De Dollard 17 c 1454 AT WATERGANG,020-4823655,//www.bouwgroepbuitenhuis.nl,https://www.bouwendnederland.nl/vereniging/lidbedrijf-zoeken?page=21
Aannemingsbedrijf C. Hoogvliet en Zonen B.V.,ZWIJNDRECHT,Molenvliet 7  3335 LH ZWIJNDRECHT,Molenvliet 7  3335 LH ZWIJNDRECHT,078-6100966,//www.hoogvlietzwijndrecht.nl,https://www.bouwendnederland.nl/vereniging/lidbedrijf-zoeken?page=21
Aannemingsbedrijf C. van der Grift B.V.,HARMELEN,Utrechtsestraatweg 36 c 3481 LA HARMELEN,Utrechtsestraatweg 36 c 3481 LA HARMELEN,0348-441315,//www.cvandergrift-bouw.nl,https://www.bouwendnederland.nl/vereniging/lidbedrijf-zoeken?page=21
Aannemingsbedrijf C. van Dodewaard B.V.,WADENOIJEN,Stationsweg 10  4014 NC WADENOIJEN,Stationsweg 10  4014 NC WADENOIJEN,0344-661462,//www.vandodewaard.nl,https://www.bouwendnederland.nl/vereniging/lidbedrijf-zoeken?page=21
Aannemingsbedrijf C.C. van Rhenen B.V.,LOPIKERKAPEL,Lopikerweg Oost 174  3412 KH LOPIKERKAPEL,Lopikerweg Oost 174  3412 KH LOPIKERKAPEL,030-6887088,//www.ccvanrhenen.nl,https://www.bouwendnederland.nl/vereniging/lidbedrijf-zoeken?page=21
Aannemingsbedrijf C.D. Tuinenburg en Zoon B.V.,ROTTERDAM,Bovenstraat 125  3077 BD ROTTERDAM,Bovenstraat 125  3077 BD ROTTERDAM,010-4835008,,https://www.bouwendnederland.nl/vereniging/lidbedrijf-zoeken?page=21
Aannemingsbedrijf C.J. Wolters B.V.,ROTTERDAM,Elgarhof 13 -15 3055 CB ROTTERDAM,Elgarhof 13 -15 3055 CB ROTTERDAM,010-4185838,//www.cjwolters.nl,https://www.bouwendnederland.nl/vereniging/lidbedrijf-zoeken?page=21
Aannemingsbedrijf C.J.M. van Gaal BV,TILBURG,Albionstraat 60  5047 SN TILBURG,Albionstraat 60  5047 SN TILBURG,013-5700816,//www.cjmvangaal.nl,https://www.bouwendnederland.nl/vereniging/lidbedrijf-zoeken?page=21
Aannemingsbedrijf Carlebur B.V.,DEN HELDER,Breeuwersweg 7  1786 PG DEN HELDER,Breeuwersweg 7  1786 PG DEN HELDER,0223-636261,//www.carlebur.nl,https://www.bouwendnederland.nl/vereniging/lidbedrijf-zoeken?page=21
Aannemingsbedrijf Celie V.O.F.,KAPELLEBRUG,Gentsevaart 4 b 4565 EV KAPELLEBRUG,Gentsevaart 4 b 4565 EV KAPELLEBRUG,0114-371056,//www.bouwbedrijf-celie.nl,https://www.bouwendnederland.nl/vereniging/lidbedrijf-zoeken?page=21
Aannemingsbedrijf Chrimako B.V.,PIJNACKER,Ambachtshof 7  2641 KV PIJNACKER,Ambachtshof 7  2641 KV PIJNACKER,015-2567059,//www.chrimako.nl,https://www.bouwendnederland.nl/vereniging/lidbedrijf-zoeken?page=22
Aannemingsbedrijf de Beer,WERVERSHOOF,Handelsweg 13  1693 AZ WERVERSHOOF,Handelsweg 13  1693 AZ WERVERSHOOF,0228-582220,//www.debeerbv.nl,https://www.bouwendnederland.nl/vereniging/lidbedrijf-zoeken?page=22
Aannemingsbedrijf De Jong Ursem B.V.,URSEM,Nijverheidsterrein 1  1645 VX URSEM,Nijverheidsterrein 1  1645 VX URSEM,072-5021235,//www.dejongursem.nl,https://www.bouwendnederland.nl/vereniging/lidbedrijf-zoeken?page=22
Aannemingsbedrijf De Voogd Grijpskerke bv,GRIJPSKERKE,Hondegemsweg 25  4364 RA GRIJPSKERKE,Hondegemsweg 25  4364 RA GRIJPSKERKE,0118-592440,//www.devoogdgrijpskerke.nl,https://www.bouwendnederland.nl/vereniging/lidbedrijf-zoeken?page=22
Aannemingsbedrijf De Wilde B.V.,LELYSTAD,Kolkweg 46  8243 PN LELYSTAD,Kolkweg 46  8243 PN LELYSTAD,0320-260335,//www.dewilde-lelystad.nl,https://www.bouwendnederland.nl/vereniging/lidbedrijf-zoeken?page=22
Aannemingsbedrijf De Wit Breda,BREDA,Schapendreef 14  4824 AM BREDA,Schapendreef 14  4824 AM BREDA,076-3001000,//www.dewit-breda.nl,https://www.bouwendnederland.nl/vereniging/lidbedrijf-zoeken?page=22
Aannemingsbedrijf De Wit Drunen,DRUNEN,Lipsstraat 4  5151 BH DRUNEN,Lipsstraat 4  5151 BH DRUNEN,0416-372275,//www.dewit-drunen.nl,https://www.bouwendnederland.nl/vereniging/lidbedrijf-zoeken?page=22
Aannemingsbedrijf De Wit-Besseling B.V.,HEM,Zuiderkoggeweg 3  1607 MV HEM,Zuiderkoggeweg 3  1607 MV HEM,0228-542402,//www.dwbaannemers.nl,https://www.bouwendnederland.nl/vereniging/lidbedrijf-zoeken?page=22
Aannemingsbedrijf Dozy B.V.,DEN HELDER,Energieweg 4 /A 1785 AD DEN HELDER,Energieweg 4  A 1785 AD DEN HELDER,0223-630454,//https://www.dozybouwt.nl,https://www.bouwendnederland.nl/vereniging/lidbedrijf-zoeken?page=22
Aannemingsbedrijf Draisma B.V.,APELDOORN,Postbus 280  7300 AG APELDOORN,Paramariboweg 100  7333 PB APELDOORN,055-5383940,//www.draisma.nl,https://www.bouwendnederland.nl/vereniging/lidbedrijf-zoeken?page=22
Aannemingsbedrijf Dubbink Vriezenveen B.V.,VRIEZENVEEN,Nieuwe Daarlerveenseweg 1 L 7671 SK VRIEZENVEEN,Nieuwe Daarlerveenseweg 1 L 7671 SK VRIEZENVEEN,0546-561424,//www.dubbink.nl,https://www.bouwendnederland.nl/vereniging/lidbedrijf-zoeken?page=22
Aannemingsbedrijf Duyvestijn,'S-GRAVENHAGE,Tauber 27  2491 DB 'S-GRAVENHAGE,Tauber 27  2491 DB 'S-GRAVENHAGE,070-3204994,//www.duyvestijn.nl,https://www.bouwendnederland.nl/vereniging/lidbedrijf-zoeken?page=22
Aannemingsbedrijf E.G.J. Steggink B.V.,REUTUM,Kerkstraat 87  7667 PW REUTUM,Kerkstraat 87  7667 PW REUTUM,0541-670666,//www.steggink.nl,https://www.bouwendnederland.nl/vereniging/lidbedrijf-zoeken?page=22
Aannemingsbedrijf E.J. Brand BV,DORDRECHT,Zeedijk 3  3329 LC DORDRECHT,Zeedijk 3  3329 LC DORDRECHT,078-6165532,//www.brandbv.nl,https://www.bouwendnederland.nl/vereniging/lidbedrijf-zoeken?page=22
Aannemingsbedrijf F.H.P. van Pruissen v.o.f.,BREDA,Mathenessestraat 75  4834 EA BREDA,Mathenessestraat 75  4834 EA BREDA,0161-492293,//aannemingsbedrijfvanpruissen.nl/,https://www.bouwendnederland.nl/vereniging/lidbedrijf-zoeken?page=22
Aannemingsbedrijf Fraanje B.V.,'S-HEER ARENDSKERKE,Postbus 1  4456 ZG LEWEDORP,Nieuwe Kraaijertsedijk 37  4458 NK 'S-HEER ARENDSKERKE,0113-615500,//www.fraanje.com,https://www.bouwendnederland.nl/vereniging/lidbedrijf-zoeken?page=22
Aannemingsbedrijf G. Bruijnes B.V.,ALPHEN AAN DEN RIJN,Koperweg 27  2401 LH ALPHEN AAN DEN RIJN,Koperweg 27  2401 LH ALPHEN AAN DEN RIJN,0172-444000,//www.meerdanbouwen.nl,https://www.bouwendnederland.nl/vereniging/lidbedrijf-zoeken?page=22
Aannemingsbedrijf G.G. Aalten B.V.,PUTTEN,Broekermolenweg 4  3882 MG PUTTEN,Broekermolenweg 4  3882 MG PUTTEN,0341-356577,//www.ggaalten.nl,https://www.bouwendnederland.nl/vereniging/lidbedrijf-zoeken?page=22
Aannemingsbedrijf G.J. Kriek B.V.,VOORSCHOTEN,Dobbeweg 13  2254 AG VOORSCHOTEN,Dobbeweg 13  2254 AG VOORSCHOTEN,071-5616178,//www.gjkriek.nl,https://www.bouwendnederland.nl/vereniging/lidbedrijf-zoeken?page=22
Aannemingsbedrijf Gebr. de Koning bv,PAPENDRECHT,Postbus 88  3350 AB PAPENDRECHT,Scheepvaartweg 1  3356 LL PAPENDRECHT,078-6442644,//www.gebrdekoning.nl,https://www.bouwendnederland.nl/vereniging/lidbedrijf-zoeken?page=22
Aannemingsbedrijf Gebr. Graaumans B.V.,BAVEL,Postbus 10  4854 ZG BAVEL,Dorstseweg 8  4854 NB BAVEL,0161-432021,//www.graaumans.nl,https://www.bouwendnederland.nl/vereniging/lidbedrijf-zoeken?page=23
Aannemingsbedrijf Gebr. Moerland BV,SINT ANNALAND,Bierensstraat 13  4697 GC SINT-ANNALAND,Bierensstraat 13  4697 GC SINT ANNALAND,0166-652854,//www.moerlandbv.nl,https://www.bouwendnederland.nl/vereniging/lidbedrijf-zoeken?page=23
Aannemingsbedrijf Gebr. Schouls B.V.,Koudekerk aan den Rijn,J.G. van der Stoopweg 50  2396 BH  Koudekerk aan den Rijn,J.G. van der Stoopweg  50  2396 BH Koudekerk aan den Rijn,071-5792900,//www.schoulsleiden.nl,https://www.bouwendnederland.nl/vereniging/lidbedrijf-zoeken?page=23
Aannemingsbedrijf Gebr. Van Stiphout B.V.,SINT OEDENRODE,Postbus 32  5490 AA SINT OEDENRODE,Jan Tinbergenstraat 2  5491 DC SINT OEDENRODE,0413-473488,//www.van-stiphout.nl,https://www.bouwendnederland.nl/vereniging/lidbedrijf-zoeken?page=23
Aannemingsbedrijf Geldof Zeeuwsch-Vlaanderen bv,HOEK,Postbus 8120  4330 EC MIDDELBURG,Lovenpolderstraat 14  4542 NS HOEK,0115-441748,//www.geldofinfra.nl,https://www.bouwendnederland.nl/vereniging/lidbedrijf-zoeken?page=23
Aannemingsbedrijf Ger Ottevangers,GRONINGEN,Kromme Riet 10  9746 PV GRONINGEN,Kromme Riet 10  9746 PV GRONINGEN,050-3010900,//www.gerottevangers.nl,https://www.bouwendnederland.nl/vereniging/lidbedrijf-zoeken?page=23
Aannemingsbedrijf Gerritsen Ulft B.V.,ULFT,Frank Daamenstraat 21  7071 AT ULFT,Frank Daamenstraat 21  7071 AT ULFT,0315-683929,//www.gerritsenulft.nl,https://www.bouwendnederland.nl/vereniging/lidbedrijf-zoeken?page=23
Aannemingsbedrijf Gräper B.V.,BENTHUIZEN,Dorpsstraat 77  2731 AM BENTHUIZEN,Dorpsstraat 77  2731 AM BENTHUIZEN,079-3313962,//www.aannemingsbedrijfgraper.nl,https://www.bouwendnederland.nl/vereniging/lidbedrijf-zoeken?page=23
Aannemingsbedrijf Groothuis Amersfoort B.V.,AMERSFOORT,Postbus 64  8280 AB GENEMUIDEN,Siliciumweg 3  3812 SV AMERSFOORT,033-4801203,//www.groothuisbouwgroep.nl,https://www.bouwendnederland.nl/vereniging/lidbedrijf-zoeken?page=23
Aannemingsbedrijf H. Fijnheer,WINKEL,Dorpsstraat 69  1731 RC WINKEL,Dorpsstraat 69  1731 RC WINKEL,0224-542453,//www.fijnheerbv.nl,https://www.bouwendnederland.nl/vereniging/lidbedrijf-zoeken?page=23
Aannemingsbedrijf H. Groen B.V.,ENSCHEDE,Postbus 10011  7504 PA ENSCHEDE,Kwinkelerweg 223  7548 BS ENSCHEDE,053-4316406,//www.hgroenbv.nl,https://www.bouwendnederland.nl/vereniging/lidbedrijf-zoeken?page=23
Aannemingsbedrijf H.S. de Vries jr. B.V.,DIEMEN,Weesperstraat 106  1112 AP DIEMEN,Weesperstraat 106  1112 AP DIEMEN,020-6000260,,https://www.bouwendnederland.nl/vereniging/lidbedrijf-zoeken?page=23
Aannemingsbedrijf Haers Philippine B.V.,PHILIPPINE,Rozemarijnstraat 18  4553 AG PHILIPPINE,Rozemarijnstraat 18  4553 AG PHILIPPINE,0115-491327,//www.haers.net,https://www.bouwendnederland.nl/vereniging/lidbedrijf-zoeken?page=23
Aannemingsbedrijf Harskamp & Bouwman B.V.,ALPHEN AAN DEN RIJN,Filips van Bourgondiestr 56  2405 ZL ALPHEN AAN DEN RIJN,Filips van Bourgondiestr 56  2405 ZL ALPHEN AAN DEN RIJN,0172-493029,//www.harskampenbouwman.nl,https://www.bouwendnederland.nl/vereniging/lidbedrijf-zoeken?page=23
Aannemingsbedrijf Heerink B.V.,AGELO,Weerselosestraat 30  7636 RL AGELO,Weerselosestraat 30  7636 RL AGELO,0541-670050,//www.heerink-bouw.nl,https://www.bouwendnederland.nl/vereniging/lidbedrijf-zoeken?page=23
Aannemingsbedrijf Hoefnagel B.V.,KAATSHEUVEL,Belgiestraat 23  5171 PN KAATSHEUVEL,Belgiestraat 23  5171 PN KAATSHEUVEL,0416-332898,//www.hoefnageltotaalbouw.nl,https://www.bouwendnederland.nl/vereniging/lidbedrijf-zoeken?page=23
Aannemingsbedrijf Hoek & Zonen B.V.,TUBBERGEN,Nobelstraat 8  7651 DC TUBBERGEN,Nobelstraat 8  7651 DC TUBBERGEN,0546-622182,//www.aannemersbedrijf-hoek.nl,https://www.bouwendnederland.nl/vereniging/lidbedrijf-zoeken?page=23
Aannemingsbedrijf Hoes B.V.,HORSSEN,Molenweg 22  6631 KJ HORSSEN,Molenweg 22  6631 KJ HORSSEN,0487-541223,//www.aannemersbedrijfhoes.nl,https://www.bouwendnederland.nl/vereniging/lidbedrijf-zoeken?page=23
Aannemingsbedrijf Houterman,'S-GRAVENPOLDER,Spoorstraat 30  4431 NK 'S-GRAVENPOLDER,Spoorstraat 30  4431 NK 'S-GRAVENPOLDER,113-311221,//www.aannemingsbedrijfhouterman.nl,https://www.bouwendnederland.nl/vereniging/lidbedrijf-zoeken?page=23
Aannemingsbedrijf Houtman B.V.,GOUDA,Marconistraat 29  2809 PH GOUDA,Marconistraat 29  2809 PH GOUDA,0182-585505,//www.houtmangouda.nl,https://www.bouwendnederland.nl/vereniging/lidbedrijf-zoeken?page=23
Aannemingsbedrijf Huiberts v/h Butter,EDAM,Burgemeester Peereboomweg 3  1151 EC BROEK IN WATERLAND,Nijverheidstraat 21  1135 GE EDAM,020-4038984,,https://www.bouwendnederland.nl/vereniging/lidbedrijf-zoeken?page=24
Aannemingsbedrijf I. van Hoften,DE KWAKEL,Jaagpad 24  1424 PV DE KWAKEL,Jaagpad 24  1424 PV DE KWAKEL,,,https://www.bouwendnederland.nl/vereniging/lidbedrijf-zoeken?page=24
Aannemingsbedrijf J. Bevelander v.o.f.,BARENDRECHT,Bijdorp-Zuid 3  2992 LD BARENDRECHT,Bijdorp-Zuid 3  2992 LD BARENDRECHT,0180-619832,//www.jbevelander.nl,https://www.bouwendnederland.nl/vereniging/lidbedrijf-zoeken?page=24
Aannemingsbedrijf J. Lamers B.V.,VELDHOVEN,De Run 8227  5504 EM VELDHOVEN,De Run 8227  5504 EM VELDHOVEN,040-2533373,//www.lamers-veldhoven.nl,https://www.bouwendnederland.nl/vereniging/lidbedrijf-zoeken?page=24
Aannemingsbedrijf J. van den Ham B.V.,NIJKERK GLD,Postbus 1029  3860 BA NIJKERK GLD,Galvanistraat 31  3861 NJ NIJKERK GLD,033-2451259,//www.jvdhambv.nl,https://www.bouwendnederland.nl/vereniging/lidbedrijf-zoeken?page=24
Aannemingsbedrijf J. van der Windt B.V.,OUDEWATER,Elzenweg 2  3421 TT OUDEWATER,Elzenweg 5  3421 TT OUDEWATER,0348-563010,//www.jvanderwindt.nl,https://www.bouwendnederland.nl/vereniging/lidbedrijf-zoeken?page=24
Aannemingsbedrijf J. van Lingen B.V.,AALSMEER,Aalsmeerderweg 253 C 1432 CN AALSMEER,Aalsmeerderweg 253 C 1432 CN AALSMEER,020-6432192,//www.jvanlingen.nl,https://www.bouwendnederland.nl/vereniging/lidbedrijf-zoeken?page=24
Aannemingsbedrijf J.A. Droste B.V.,HENGELO OV,Wegtersweg 7 -23 7550 AR HENGELO OV,Wegtersweg 7 -23 7550 AR HENGELO OV,074-2551555,//www.droste-bv.nl,https://www.bouwendnederland.nl/vereniging/lidbedrijf-zoeken?page=24
Aannemingsbedrijf J.A. van Boxtel B.V.,ALEM,Meerenstraat 5  5335 LD ALEM,Meerenstraat 5  5335 LD ALEM,0418-662086,//www.boxtelbv.nl,https://www.bouwendnederland.nl/vereniging/lidbedrijf-zoeken?page=24
Aannemingsbedrijf J.C. Koevoets BV,RUCPHEN,Korte Hei 43  a 4715 RS RUCPHEN,Korte Hei 43  a 4715 RS RUCPHEN,0165-348080,//www.jckoevoetsbv.nl,https://www.bouwendnederland.nl/vereniging/lidbedrijf-zoeken?page=24
Aannemingsbedrijf J.C. Nieuwenhuizen B.V.,AMSTERDAM,Amstelveenseweg 678  1081 JJ AMSTERDAM,Amstelveenseweg 678  1081 JJ AMSTERDAM,020-6445893,//www.jcn.nl,https://www.bouwendnederland.nl/vereniging/lidbedrijf-zoeken?page=24
Aannemingsbedrijf J.F. van Dulmen B.V.,ETTEN GLD,Zeddamseweg 24  7075 EE ETTEN GLD,Zeddamseweg 24  7075 EE ETTEN GLD,0315-323680,//www.janvandulmen.nl,https://www.bouwendnederland.nl/vereniging/lidbedrijf-zoeken?page=24
Aannemingsbedrijf J.G. Schaaf B.V.,ALKMAAR,Pater Schiphorststraat 15  1827 NJ ALKMAAR,Pater Schiphorststraat 15  1827 NJ ALKMAAR,072-5629283,//www.schaaf-alkmaar.nl,https://www.bouwendnederland.nl/vereniging/lidbedrijf-zoeken?page=24
Aannemingsbedrijf J.J. Meijer B.V.,DEN HELDER,Postbus 139  1780 AC DEN HELDER,Ambachtsweg 28  1785 AJ DEN HELDER,0223-636212,//www.aannemingsbedrijfjjmeijer.nl,https://www.bouwendnederland.nl/vereniging/lidbedrijf-zoeken?page=24
Aannemingsbedrijf J.P. Horstman B.V.,HAARLEM,Zuid Schalkwijkerweg 4  2034 JD HAARLEM,Zuid Schalkwijkerweg 4  2034 JD HAARLEM,023-5338579,//www.jphorstman.nl,https://www.bouwendnederland.nl/vereniging/lidbedrijf-zoeken?page=24
Aannemingsbedrijf J.P. Pool B.V.,GROOTEGAST,Legolaan 12  9861 AT GROOTEGAST,Legolaan 12  9861 AT GROOTEGAST,,,https://www.bouwendnederland.nl/vereniging/lidbedrijf-zoeken?page=24
Aannemingsbedrijf Jansen en Van Ralen B.V.,NIJMEGEN,Koopmansweg 4  6515 AL NIJMEGEN,Koopmansweg 4  6515 AL NIJMEGEN,024-3481161,//www.jansenenvanralen.nl,https://www.bouwendnederland.nl/vereniging/lidbedrijf-zoeken?page=24
Aannemingsbedrijf Janssen-Groesbeek B.V.,GROESBEEK,Postbus 215  6560 AE GROESBEEK,Mooksebaan 10  6562ZS GROESBEEK,024-3975393,//www.janssen-groesbeek.nl,https://www.bouwendnederland.nl/vereniging/lidbedrijf-zoeken?page=24
Aannemingsbedrijf John de Vos B.V.,ZEVENHUIZEN ZH,Knibbelweg 87  2761 JC ZEVENHUIZEN ZH,Knibbelweg 87  2761 JC ZEVENHUIZEN ZH,0180-633733,//www.johndevos.nl,https://www.bouwendnederland.nl/vereniging/lidbedrijf-zoeken?page=24
Aannemingsbedrijf K. Louter,ZWAAG,De Oude Veiling 14  1689 AA ZWAAG,De Oude Veiling 14  1689 AA ZWAAG,0229-242716,//www.louterzwaag.nl,https://www.bouwendnederland.nl/vereniging/lidbedrijf-zoeken?page=24
Aannemingsbedrijf Kempers,MARKELO,Herikeresweg 9  7475 TV MARKELO,Herikeresweg 9  7475 TV MARKELO,0547-361643,,https://www.bouwendnederland.nl/vereniging/lidbedrijf-zoeken?page=25
Aannemingsbedrijf Kers B.V.,HAGESTEIN,Nijensteinseweg 5  4124 AT HAGESTEIN,Nijensteinseweg 5  4124 AT HAGESTEIN,0347-351490,//www.kersbouw.nl,https://www.bouwendnederland.nl/vereniging/lidbedrijf-zoeken?page=25
Aannemingsbedrijf Kersbergen B.V.,DEN HELDER,Ambonstraat 21  1782 SJ DEN HELDER,Ambonstraat 21  1782 SJ DEN HELDER,0223-613224,//www.kersbergenbv.nl,https://www.bouwendnederland.nl/vereniging/lidbedrijf-zoeken?page=25
Aannemingsbedrijf Koedood BV,ROTTERDAM,Pelmolenstraat 31 B 3077 AM ROTTERDAM,Pelmolenstraat 31 B 3077 AM ROTTERDAM,010-4797182,,https://www.bouwendnederland.nl/vereniging/lidbedrijf-zoeken?page=25
Aannemingsbedrijf Kouwe-Müller,RILLAND,Middenhof 3 A 4411 RW RILLAND,Middenhof 3 A 4411 RW RILLAND,0118-412618,//www.kouwe-muller.nl,https://www.bouwendnederland.nl/vereniging/lidbedrijf-zoeken?page=25
Aannemingsbedrijf Kroes bv,MAASLAND,Westgaag 42 b 3155 DG MAASLAND,Westgaag 42 b 3155 DG MAASLAND,010-5922888,//www.kroes.org,https://www.bouwendnederland.nl/vereniging/lidbedrijf-zoeken?page=25
Aannemingsbedrijf L. van der Wal en Zn. B.V.,DEN HELDER,Nijverheidsweg 6  1785 AA DEN HELDER,Nijverheidsweg 6  1785 AA DEN HELDER,0223-634568,//www.lvdwal.nl,https://www.bouwendnederland.nl/vereniging/lidbedrijf-zoeken?page=25
Aannemingsbedrijf Letzer B.V.,VLISSINGEN,Mercuriusweg 15  4382 NC VLISSINGEN,Mercuriusweg 15  4382 NC VLISSINGEN,0118-412571,//www.letzer.nl,https://www.bouwendnederland.nl/vereniging/lidbedrijf-zoeken?page=25
Aannemingsbedrijf Ligtenberg,RIJSSEN,Wattstraat 6  7461 AB RIJSSEN,Wattstraat 6  7461 AB RIJSSEN,0548-512762,//www.ligtenberg-rijssen.nl,https://www.bouwendnederland.nl/vereniging/lidbedrijf-zoeken?page=25
Aannemingsbedrijf M. Bijsterbosch B.V.,EPE,Heerderweg 35  8161 BL EPE,Heerderweg 35  8161 BL EPE,0578-612320,//www.bijsterbosch-epe.nl,https://www.bouwendnederland.nl/vereniging/lidbedrijf-zoeken?page=25
Aannemingsbedrijf M.G. Wolfswinkel B.V.,HOENDERLOO,Krimweg 13  7351 AS HOENDERLOO,Krimweg 13  7351 AS HOENDERLOO,055-3781364,//www.wolfswinkelbv.nl,https://www.bouwendnederland.nl/vereniging/lidbedrijf-zoeken?page=25
Aannemingsbedrijf M.L. van den Berg B.V.,DELFT,Paxlaan 61 a 2613 GC DELFT,Paxlaan 61 a 2613 GC DELFT,015-2120722,//http://www.aannemersbedrijf-mlvdberg.nl/,https://www.bouwendnederland.nl/vereniging/lidbedrijf-zoeken?page=25
Aannemingsbedrijf Maat B.V.,VLAARDINGEN,Emmastraat 107  3134 CJ VLAARDINGEN,Emmastraat 107 107  3134 CJ VLAARDINGEN,010-4342454,//www.maatbv.nl,https://www.bouwendnederland.nl/vereniging/lidbedrijf-zoeken?page=25
Aannemingsbedrijf Methorst en Zoon B.V.,LOENEN GLD,Derk Mulderweg 32  7371 AW LOENEN GLD,Derk Mulderweg 32  7371 AW LOENEN GLD,055-5051462,//www.methorstbv.nl,https://www.bouwendnederland.nl/vereniging/lidbedrijf-zoeken?page=25
Aannemingsbedrijf Moerman Bouwen B.V.,MAASDIJK,Honderdland 186  2676 LT MAASDIJK,Honderdland 186  2676 LT MAASDIJK,0174-540163,//www.moermanbouwen.nl,https://www.bouwendnederland.nl/vereniging/lidbedrijf-zoeken?page=25
Aannemingsbedrijf Mulder B.V.,APELDOORN,Holthuis 40  7335 AC APELDOORN,Holthuis 40  7335 AC APELDOORN,055-5332121,//www.mulderbv.nl,https://www.bouwendnederland.nl/vereniging/lidbedrijf-zoeken?page=25
Aannemingsbedrijf Nico de Bont B.V.,VUGHT,Postbus 76  5260 AB VUGHT,Molenstraat 2  5262 ED VUGHT,073-5189480,//www.nicodebont.nl,https://www.bouwendnederland.nl/vereniging/lidbedrijf-zoeken?page=25
Aannemingsbedrijf P. & G. Hooghwerff B.V.,STRIJEN,Handelstraat 21  3291 CB STRIJEN,Handelstraat 21  3291 CB STRIJEN,078-6741788,//www.hooghwerff.nl,https://www.bouwendnederland.nl/vereniging/lidbedrijf-zoeken?page=25
Aannemingsbedrijf P. Dirks en Zn. B.V.,DEN OEVER,Akkerweg 6  1779 GK DEN OEVER,Akkerweg 6  1779 GK DEN OEVER,0227-511316,//www.dirks.nl,https://www.bouwendnederland.nl/vereniging/lidbedrijf-zoeken?page=25
Aannemingsbedrijf P. Kreukniet Ottoland B.V.,MOLENAARSGRAAF,B 88 -90 2975 BK OTTOLAND,Polderweg-oost 28  2973 AN MOLENAARSGRAAF,0184-642346,//www.kreukniet.nl,https://www.bouwendnederland.nl/vereniging/lidbedrijf-zoeken?page=25
Aannemingsbedrijf P. Oostwouder B.V.,ALKMAAR,Havinghastraat 26  1817 DA ALKMAAR,Havinghastraat 26  1817 DA ALKMAAR,072-5614369,//www.oostwouder.info,https://www.bouwendnederland.nl/vereniging/lidbedrijf-zoeken?page=26
Aannemingsbedrijf P. Witteveen en Zonen B.V.,SURHUISTERVEEN,Lauwersweg 3  9231 GR SURHUISTERVEEN,Lauwersweg 3  9231 GR SURHUISTERVEEN,0512-361487,//www.witteveensurhuisterveen.nl,https://www.bouwendnederland.nl/vereniging/lidbedrijf-zoeken?page=26
Aannemingsbedrijf P.H. van der Velden B.V.,TEGELEN,Aan de Zwarte Hond 1  5932 AB TEGELEN,Aan de Zwarte Hond 1  5932 AB TEGELEN,077-3731343,//www.phvandervelden.nl,https://www.bouwendnederland.nl/vereniging/lidbedrijf-zoeken?page=26
Aannemingsbedrijf P.H. van der Velden Projecten B.V.,TEGELEN,Aan de Zwarte Hond 1  5932 AB TEGELEN,Aan de Zwarte Hond 1  5932 AB TEGELEN,077-3731343,,https://www.bouwendnederland.nl/vereniging/lidbedrijf-zoeken?page=26
Aannemingsbedrijf P.J.J. Deurloo B.V.,THOLEN,Energieweg 17  4691 SE THOLEN,Energieweg 17  4691 SE THOLEN,0166-607025,//www.aannemingsbedrijf-deurloo.nl,https://www.bouwendnederland.nl/vereniging/lidbedrijf-zoeken?page=26
Aannemingsbedrijf Platenkamp B.V.,BORNE,Bornerbroeksestraat 111  7621 AE BORNE,Bornerbroeksestraat 111  7621 AE BORNE,074-3841816,//www.platenkamp-bv.nl,https://www.bouwendnederland.nl/vereniging/lidbedrijf-zoeken?page=26
Aannemingsbedrijf Polman B.V.,Zijderveld,Dorpsweg 31  4122 GE ZIJDERVELD,Dorpsweg 31  4122 GE Zijderveld,0345-709822,//www.lpbv.nl,https://www.bouwendnederland.nl/vereniging/lidbedrijf-zoeken?page=26
Aannemingsbedrijf QUALM bv,ROZENBURG ZH,Oranjelaan 43  3181 HK ROZENBURG ZH,Oranjelaan 43  3181 HK ROZENBURG ZH,0181-212822,//www.qualm.org,https://www.bouwendnederland.nl/vereniging/lidbedrijf-zoeken?page=26
Aannemingsbedrijf R. Cevat,MUIDEN,Kloosterstraat 10  1398 AM MUIDEN,Kloosterstraat 10  1398 AM MUIDEN,0294-261050,,https://www.bouwendnederland.nl/vereniging/lidbedrijf-zoeken?page=26
Aannemingsbedrijf R. van der Linde,ENSCHEDE,Talmaplein 20  7523 ZB ENSCHEDE,Talmaplein 20  7523 ZB ENSCHEDE,053-4326847,//www.rvdlinde.nl,https://www.bouwendnederland.nl/vereniging/lidbedrijf-zoeken?page=26
Aannemingsbedrijf R.R. Schravendijk,ZOETERMEER,Zwanewater 40  2715 BK ZOETERMEER,Zwanewater 40  2715 BK ZOETERMEER,079-3200070,//www.rrschravendijk.nl,https://www.bouwendnederland.nl/vereniging/lidbedrijf-zoeken?page=26
Aannemingsbedrijf Reon B.V.,SPANKEREN,Edyweg 12  6956 BB SPANKEREN,Edyweg 12  6956 BB SPANKEREN,0313-416828,//www.reonaannemers.nl,https://www.bouwendnederland.nl/vereniging/lidbedrijf-zoeken?page=26
Aannemingsbedrijf Reurink B.V.,EPE,Hammerstraat 50  8161 PH EPE,Hammerstraat 50  8161 PH EPE,0578-620504,//www.reurink.nl,https://www.bouwendnederland.nl/vereniging/lidbedrijf-zoeken?page=26
Aannemingsbedrijf Ribbers B.V.,RUURLO,Julianaplein 1  7261 BB RUURLO,Julianaplein 1  7261 BB RUURLO,0573-451270,//www.ribbers-bouw.nl,https://www.bouwendnederland.nl/vereniging/lidbedrijf-zoeken?page=26
Aannemingsbedrijf Rijsdijk B.V.,KRUISLAND,Brugweg 20  4756 SM KRUISLAND,Brugweg 20  4756 SM KRUISLAND,0167-533588,//www.rijsdijkbv.nl,https://www.bouwendnederland.nl/vereniging/lidbedrijf-zoeken?page=26
Aannemingsbedrijf Roel van Laar B.V.,ELST UT,Rijksstraatweg 177  3921 AE ELST UT,Rijksstraatweg 177  3921 AE ELST UT,0318-472326,,https://www.bouwendnederland.nl/vereniging/lidbedrijf-zoeken?page=26
Aannemingsbedrijf Schoote B.V.,BRESKENS,Postbus 123  4510 AC BRESKENS,Dokweg 3  4511 PW BRESKENS,0117-381807,//www.basbreskens.nl,https://www.bouwendnederland.nl/vereniging/lidbedrijf-zoeken?page=26
Aannemingsbedrijf Schotte Hoogerbrugge B.V.,BERKEL EN RODENRIJS,Sterrenweg 11  2651 HZ BERKEL EN RODENRIJS,Sterrenweg 11  2651 HZ BERKEL EN RODENRIJS,010-5119000,//www.schottehoogerbrugge.nl,https://www.bouwendnederland.nl/vereniging/lidbedrijf-zoeken?page=26
Aannemingsbedrijf Schreurs B.V.,WINTERSWIJK KOTTEN,Kottenseweg 117  7107 AA WINTERSWIJK KOTTEN,Kottenseweg 117  7107 AA WINTERSWIJK KOTTEN,0543-563236,//www.schreursbouw.nl,https://www.bouwendnederland.nl/vereniging/lidbedrijf-zoeken?page=26
Aannemingsbedrijf Segeren B.V.,BAVEL,Ambachtsweg 4  4854 MK BAVEL,Ambachtsweg 4  4854 MK BAVEL,076-5601012,//www.aannemersbedrijfsegeren.com,https://www.bouwendnederland.nl/vereniging/lidbedrijf-zoeken?page=26
Aannemingsbedrijf Simon B.V.,ROTTERDAM,Nijmegenstraat 21  3087 CD ROTTERDAM,Nijmegenstraat 21  3087 CD ROTTERDAM,010-4904409,//www.simonbv.com,https://www.bouwendnederland.nl/vereniging/lidbedrijf-zoeken?page=27
Aannemingsbedrijf Smeets Sittard,SITTARD,Stadswegske 55  6131 AG SITTARD,Stadswegske 55  6131 AG SITTARD,046-4000585,,https://www.bouwendnederland.nl/vereniging/lidbedrijf-zoeken?page=27
Aannemingsbedrijf Snijders B.V.,HEUSDEN GEM HEUSDEN,Industrieweg 8  5158 NJ HEUSDEN GEM HEUSDEN,Industrieweg 8  5158 NJ HEUSDEN GEM HEUSDEN,0416-320449,//www.snijdersbouw.nl,https://www.bouwendnederland.nl/vereniging/lidbedrijf-zoeken?page=27
Aannemingsbedrijf Spann B.V.,MILLINGEN AAN DE RIJN,Molenveld 1  6566 CK MILLINGEN AAN DE RIJN,Molenveld 1  6566 CK MILLINGEN AAN DE RIJN,0481-431327,//www.spann-eerden.nl,https://www.bouwendnederland.nl/vereniging/lidbedrijf-zoeken?page=27
Aannemingsbedrijf Spee B.V.,ROTTERDAM,Cairostraat 51  3047 BB ROTTERDAM,Cairostraat 51  3047 BB ROTTERDAM,010-4152288,//www.speebouw.nl,https://www.bouwendnederland.nl/vereniging/lidbedrijf-zoeken?page=27
Aannemingsbedrijf STB B.V.,LISSE,Meer en Duin 297 C 2163 HE LISSE,Meer en Duin 297 C 2163 HE LISSE,0252-747002,//www.aannemingsbedrijfstb.nl,https://www.bouwendnederland.nl/vereniging/lidbedrijf-zoeken?page=27
Aannemingsbedrijf Stoutjesdijk BV,NUMANSDORP,Groene Kruisweg 6 a 3281 KB NUMANSDORP,Groene Kruisweg 6 a 3281 KB NUMANSDORP,0186-573064,//http://www.stoutjesdijk-rioleringen.nl/Aannemersbedrijf/Home.html,https://www.bouwendnederland.nl/vereniging/lidbedrijf-zoeken?page=27
Aannemingsbedrijf Th. Nienhaus B.V.,GENDT,Biezenkamp 6  6691 EJ GENDT,Biezenkamp 6  6691 EJ GENDT,0481-424519,//www.nienhaus.nl,https://www.bouwendnederland.nl/vereniging/lidbedrijf-zoeken?page=27
Aannemingsbedrijf Tibben Marienheem B.V.,MARIENHEEM,Keizersveldweg 10  8106 AG MARIENHEEM,Keizersveldweg 10  8106 AG MARIENHEEM,0572-351602,//www.tibbenmarienheem.nl,https://www.bouwendnederland.nl/vereniging/lidbedrijf-zoeken?page=27
Aannemingsbedrijf Togni B.V.,LEIDSCHENDAM,De Star 13  2266 NA LEIDSCHENDAM,De Star 13  2266 NA LEIDSCHENDAM,070-3276954,//www.togni.nl,https://www.bouwendnederland.nl/vereniging/lidbedrijf-zoeken?page=27
Aannemingsbedrijf Traas & Ovaa Infra B.V.,HEINKENSZAND,Noordland 7  4451 RP HEINKENSZAND,Noordland 7  4451 RP HEINKENSZAND,0113-612322,//www.traasenovaa.nl,https://www.bouwendnederland.nl/vereniging/lidbedrijf-zoeken?page=27
Aannemingsbedrijf van den Akker Berlicum B.V.,BERLICUM NB,Zandstraat 47  5258 TX BERLICUM NB,Zandstraat 47  5258 TX BERLICUM NB,073-5034025,//www.aannemingsbedrijfvandenakker.nl,https://www.bouwendnederland.nl/vereniging/lidbedrijf-zoeken?page=27
Aannemingsbedrijf van der Burgt B.V.,DEURNE,Hendrik Mesdagstraat 6  5753 DA DEURNE,Hendrik Mesdagstraat 6  5753 DA DEURNE,0493-315050,//www.burgtbouw.nl,https://www.bouwendnederland.nl/vereniging/lidbedrijf-zoeken?page=27
Aannemingsbedrijf Van der Meer B.V.,BENTHUIZEN,Verbreepark 23  2731 BR BENTHUIZEN,Verbreepark 23  2731 BR BENTHUIZEN,079-3420601,//www.vdmbv.com,https://www.bouwendnederland.nl/vereniging/lidbedrijf-zoeken?page=27
Aannemingsbedrijf Van der Zanden Moergestel BV,MOERGESTEL,Postbus 52  5066 ZH MOERGESTEL,Zandstraat 14 a 5066 CA MOERGESTEL,013-5131337,//www.vanderzanden.nl,https://www.bouwendnederland.nl/vereniging/lidbedrijf-zoeken?page=27
Aannemingsbedrijf van Dieren B.V.,HATTEM,De Netelhorst 7  8051 KE HATTEM,De Netelhorst 7  8051 KE HATTEM,038-4447607,//www.aannemingsbedrijfvandierenbv.nl,https://www.bouwendnederland.nl/vereniging/lidbedrijf-zoeken?page=27
Aannemingsbedrijf van Gameren Asperen B.V.,TUIL,Melssinghdreef 2  4176 BB TUIL,Melssinghdreef 2  4176 BB TUIL,0418-591347,//www.vangamerenjr.nl,https://www.bouwendnederland.nl/vereniging/lidbedrijf-zoeken?page=27
Aannemingsbedrijf van Gameren jr. B.V.,TUIL,Melssinghdreef 2  4176 BB TUIL,Melssinghdreef 2  4176 BB TUIL,0418-591347,//www.vangamerenjr.nl,https://www.bouwendnederland.nl/vereniging/lidbedrijf-zoeken?page=27
Aannemingsbedrijf Van Geldorp B.V.,SPAARNDAM,Lageweg 16 A 2064 KZ SPAARNDAM,Lageweg 16 A 2064 KZ SPAARNDAM,023-5327686,//www.geldorpbv.nl,https://www.bouwendnederland.nl/vereniging/lidbedrijf-zoeken?page=27
Aannemingsbedrijf Van Schaik & Zn. B.V.,NIJMEGEN,Ambachtsweg 35  6541 DA NIJMEGEN,Ambachtsweg 35  6541 DA NIJMEGEN,024-3773125,//www.vanschaikbouw.nl,https://www.bouwendnederland.nl/vereniging/lidbedrijf-zoeken?page=27
Aannemingsbedrijf Van Til B.V.,HAUWERT,Hauwert 113  1691 ED HAUWERT,Hauwert 113  1691 ED HAUWERT,0229-202050,//www.vantilbv.nl,https://www.bouwendnederland.nl/vereniging/lidbedrijf-zoeken?page=28
Aannemingsbedrijf van Vulpen B.V.,WIJCHEN,Celsiusstraat 49  6604 CV WIJCHEN,Celsiusstraat 49  6604 CV WIJCHEN,024-3480041,//www.vanvulpenbv.nl,https://www.bouwendnederland.nl/vereniging/lidbedrijf-zoeken?page=28
Aannemingsbedrijf Van Wengerden en Visser B.V.,ZEVENHOVEN,Dorpsstraat 18  2435 AJ ZEVENHOVEN,Dorpsstraat 18  2435 AJ ZEVENHOVEN,0172-538474,//www.wengerdenvisser.nl,https://www.bouwendnederland.nl/vereniging/lidbedrijf-zoeken?page=28
Aannemingsbedrijf Van Winden B.V.,OUDENHOORN,Molendijk 34  3227 CC OUDENHOORN,Molendijk 34  3227 CC OUDENHOORN,0181-461201,//www.vanwindenbv.com,https://www.bouwendnederland.nl/vereniging/lidbedrijf-zoeken?page=28
Aannemingsbedrijf Van Zoest BV,REEUWIJK,Nieuwdorperweg 25  2811 LA REEUWIJK,Nieuwdorperweg 25  2811 LA REEUWIJK,0182-393937,//www.vanzoestreeuwijk.nl,https://www.bouwendnederland.nl/vereniging/lidbedrijf-zoeken?page=28
Aannemingsbedrijf Vedder bv,EEXT,Kampstraat 1  9463 PV EEXT,Kampstraat 1  9463 PV EEXT,0592-262620,//www.vedderbv.nl,https://www.bouwendnederland.nl/vereniging/lidbedrijf-zoeken?page=28
Aannemingsbedrijf Veenman & Vink bv,HILLEGOM,Mariastraat 44  2181 CV HILLEGOM,Mariastraat 44  2181 CV HILLEGOM,0252-536000,//www.veenmanenvink.nl,https://www.bouwendnederland.nl/vereniging/lidbedrijf-zoeken?page=28
Aannemingsbedrijf Verboon Maasland bv,MAASLAND,Molenweg 12  3155 AV MAASLAND,Molenweg 12  3155 AV MAASLAND,010-5922022,//www.verboonmaasland.nl,https://www.bouwendnederland.nl/vereniging/lidbedrijf-zoeken?page=28
Aannemingsbedrijf Verkagrond B.V.,VLAARDINGEN,Zuidbuurtseweg 2  3133 KC VLAARDINGEN,Zuidbuurtseweg 2  3133 KC VLAARDINGEN,010-4359000,//www.verkade-vlaardingen.nl,https://www.bouwendnederland.nl/vereniging/lidbedrijf-zoeken?page=28
Aannemingsbedrijf Vermeulen B.V.,OOIJ,De Bouwkamp 3  6576 JX OOIJ,De Bouwkamp 3  6576 JX OOIJ,024-6631293,//www.aannemer-vermeulen.nl,https://www.bouwendnederland.nl/vereniging/lidbedrijf-zoeken?page=28
Aannemingsbedrijf Vermeulen Benthuizen BV,HAZERSWOUDE-DORP,Postbus 849  2700 AV ZOETERMEER,Hoogeveenseweg 4  2391 NR HAZERSWOUDE-DORP,079-3410539,//www.vermeulengroep.com,https://www.bouwendnederland.nl/vereniging/lidbedrijf-zoeken?page=28
Aannemingsbedrijf Vredegoor-Baggen B.V.,SUSTEREN,Rafaelweg 17  6114 BX SUSTEREN,Rafaelweg 17  6114 BX SUSTEREN,046-4491122,//www.dasaluminium.nl,https://www.bouwendnederland.nl/vereniging/lidbedrijf-zoeken?page=28
Aannemingsbedrijf W. Meerkerk B.V.,HARDINXVELD-GIESSENDAM,Dok 15  3371 EX HARDINXVELD-GIESSENDAM,Dok 15  3371 EX HARDINXVELD-GIESSENDAM,0184-208830,//www.wmeerkerk.nl,https://www.bouwendnederland.nl/vereniging/lidbedrijf-zoeken?page=28
Aannemingsbedrijf W. Schouten B.V.,BARNEVELD,Prins Hendrikweg 4  3771 AK BARNEVELD,Prins Hendrikweg 4  3771 AK BARNEVELD,0342-423053,//www.bouwbedrijfschouten.nl,https://www.bouwendnederland.nl/vereniging/lidbedrijf-zoeken?page=28
Aannemingsbedrijf W. Stam B.V.,Hardinxveld-Giessendam,Postbus 61  2950 AB ALBLASSERDAM,Wiedhaak 18  3371KD Hardinxveld-Giessendam,078-6912924,//www.wstam.nl,https://www.bouwendnederland.nl/vereniging/lidbedrijf-zoeken?page=28
Aannemingsbedrijf W.J. van Doorn en Zonen v.o.f.,SPIJKENISSE,Karel Doormanstraat 48  3201 CG SPIJKENISSE,Karel Doormanstraat 48  3201 CG SPIJKENISSE,0181-612137,,https://www.bouwendnederland.nl/vereniging/lidbedrijf-zoeken?page=28
Aannemingsbedrijf Weijermars B.V.,HENGELO OV,Postbus 948  7550 AX HENGELO OV,Breemarsweg 227  7553 HJ HENGELO OV,074-2912025,//www.weijermars.nl,https://www.bouwendnederland.nl/vereniging/lidbedrijf-zoeken?page=28
Aannemingsbedrijf Wibier,ALKMAAR,Schoutenstraat 10 A 1811 HD ALKMAAR,Einthovenstraat 39  1821 BV ALKMAAR,072-5125422,//www.wibierbouw.nl,https://www.bouwendnederland.nl/vereniging/lidbedrijf-zoeken?page=28
Aannemingsbedrijf Wit Wognum B.V.,WOGNUM,Postbus 57  1687 ZH WOGNUM,Westerspoor 16  1687 AZ WOGNUM,0229-572877,//www.witwognum.nl,https://www.bouwendnederland.nl/vereniging/lidbedrijf-zoeken?page=28
Aannemingsbedrijf Zaantech - I.C.B. Groep B.V.,ASSENDELFT,Postbus 77  1566 ZH ASSENDELFT,Dorpsstraat 71  1566 AC ASSENDELFT,075-6873076,//www.zaantech.com,https://www.bouwendnederland.nl/vereniging/lidbedrijf-zoeken?page=28
Aannemingsmaatschappij Daniel Pijnacker B.V.,KOLLUM,Phaesmaweg 15  9291 NB KOLLUM,Phaesmaweg 15  9291 NB KOLLUM,0511-451464,//www.danielpijnackerbv.nl,https://www.bouwendnederland.nl/vereniging/lidbedrijf-zoeken?page=29
Aannemingsmaatschappij Friso Almere B.V.,ALMERE,Palmpolstraat 23  1327 CB ALMERE,Palmpolstraat 23  1327 CB ALMERE,036-5230800,//www.frisobouwgroep.nl,https://www.bouwendnederland.nl/vereniging/lidbedrijf-zoeken?page=29
Aannemingsmaatschappij Friso B.V.,SNEEK,Postbus 49  8600 AA SNEEK,Pieter Zeemanstraat 9  8606 JG SNEEK,0515-429999,//www.frisobouwgroep.nl,https://www.bouwendnederland.nl/vereniging/lidbedrijf-zoeken?page=29
Aannemingsmaatschappij Friso Oost B.V.,EIBERGEN,Borculoseweg 52  7151 MR EIBERGEN,Borculoseweg 52  7151 MR EIBERGEN,0545-291842,//www.frisobouw.nl,https://www.bouwendnederland.nl/vereniging/lidbedrijf-zoeken?page=29
Aannemingsmaatschappij H. van Steenwijk B.V.,AMSTERDAM,Spaarndammerdijk 661  1014 AD AMSTERDAM,Spaarndammerdijk 661  1014 AD AMSTERDAM,020-6823565,//www.hvsteenwijk.nl,https://www.bouwendnederland.nl/vereniging/lidbedrijf-zoeken?page=29
Aannemingsmaatschappij Hegeman B.V.,NIJVERDAL,Postbus 350  7440 AJ NIJVERDAL,G. van der Muelenweg 16  7443 RE NIJVERDAL,0548-611000,//www.hegeman-nijverdal.nl,https://www.bouwendnederland.nl/vereniging/lidbedrijf-zoeken?page=29
Aannemingsmaatschappij Herman B.V.,WATERGANG,De Dollard 17 c 1454 AT WATERGANG,De Dollard 17 c 1454 AT WATERGANG,020-4823655,//www.bouwgroepbuitenhuis.nl,https://www.bouwendnederland.nl/vereniging/lidbedrijf-zoeken?page=29
Aannemingsmaatschappij J. Bouman B.V.,RHENEN,Remmerden 26 a 3911 TZ RHENEN,Remmerden 26 a 3911 TZ RHENEN,0317-616023,//www.jbouman.nl,https://www.bouwendnederland.nl/vereniging/lidbedrijf-zoeken?page=29
Aannemingsmaatschappij Jellema B.V.,DOKKUM,Hogedijken 21  9101 WV DOKKUM,Hogedijken 21  9101 WV DOKKUM,0519-235015,//www.jellema.com,https://www.bouwendnederland.nl/vereniging/lidbedrijf-zoeken?page=29
Aannemingsmaatschappij Maas,LANGEWEG,Hazeldonk 5  4772 PA LANGEWEG,Hazeldonk 5  4772 PA LANGEWEG,,,https://www.bouwendnederland.nl/vereniging/lidbedrijf-zoeken?page=29
Aannemingsmaatschappij Markus bv,ZWANENBURG,Leeweg 2  1161 AB ZWANENBURG,Leeweg 2  1161 AB ZWANENBURG,020-5874000,//www.markusbv.nl,https://www.bouwendnederland.nl/vereniging/lidbedrijf-zoeken?page=29
Aannemingsmaatschappij Punt B.V.,DE LUTTE,Ambachtstraat 10  7587 BW DE LUTTE,Ambachtstraat 10  7587 BW DE LUTTE,0541-551270,//www.puntbv.nl,https://www.bouwendnederland.nl/vereniging/lidbedrijf-zoeken?page=29
Aannemingsmaatschappij Roza B.V.,IJMUIDEN,Postbus 203  1970 AE IJMUIDEN,Amperestraat 23  1976 BG IJMUIDEN,0255-510943,//www.debranding.nl,https://www.bouwendnederland.nl/vereniging/lidbedrijf-zoeken?page=29
Aannemingsmaatschappij Thomassen-Akkrum B.V.,AKKRUM,Postbus 1  8490 AA AKKRUM,De Kromme Sane 4 -6 8491 PE AKKRUM,0566-654300,//www.thomassen.nl,https://www.bouwendnederland.nl/vereniging/lidbedrijf-zoeken?page=29
Aannemingsmaatschappij Van Beukering & Borsboom B.V.,RIJSWIJK ZH,Geestbrugkade 16  2281 CV RIJSWIJK ZH,Geestbrugkade 16  2281 CV RIJSWIJK ZH,070-3999655,//www.beukering-borsboom.nl,https://www.bouwendnederland.nl/vereniging/lidbedrijf-zoeken?page=29
Aannemingsmaatschappij Van Gelder B.V.,'S-HERTOGENBOSCH,Rompertdreef 3  5233 ED 'S-HERTOGENBOSCH,Rompertdreef 3  5233 ED 'S-HERTOGENBOSCH,0413-255850,//www.vangelder.com,https://www.bouwendnederland.nl/vereniging/lidbedrijf-zoeken?page=29
Aannemingsmaatschappij Van Gelder B.V.,ZIERIKZEE,Industrieweg 18  4301 RS ZIERIKZEE,Industrieweg 18  4301 RS ZIERIKZEE,0111-450184,//www.vangelder.com,https://www.bouwendnederland.nl/vereniging/lidbedrijf-zoeken?page=29
Aannemingsmaatschappij Van Gelder B.V.,ELBURG,Postbus 29  8080 AA ELBURG,J.P. Broekhovenstraat 36  8081 HC ELBURG,0525-659888,//www.vangelder.com,https://www.bouwendnederland.nl/vereniging/lidbedrijf-zoeken?page=29
Aannemingsmaatschappij Van Gelder Regio Noord-Oost: Westervoort,WESTERVOORT,Mollevite 17 a 6931 KE WESTERVOORT,Mollevite 17 a 6931 KE WESTERVOORT,,,https://www.bouwendnederland.nl/vereniging/lidbedrijf-zoeken?page=29
Aannemingsmaatschappij Vobi bv,MIJDRECHT,Communicatieweg 3  3641 SG MIJDRECHT,Communicatieweg 3  3641 SG MIJDRECHT,0297-261231,//www.vobi.nl,https://www.bouwendnederland.nl/vereniging/lidbedrijf-zoeken?page=29
Aannemingsmaatschappij. ZVS Eemnes bv,EEMNES,Noordersingel 22  3755 EZ EEMNES,Noordersingel 22  3755 EZ EEMNES,035-5387986,//www.zvs.nl,https://www.bouwendnederland.nl/vereniging/lidbedrijf-zoeken?page=30
Aanzicht Bouw- en Aannemersbedrijf,VOLENDAM,Julianaweg 2  1131 DB VOLENDAM,Julianaweg 2  1131 DB VOLENDAM,,,https://www.bouwendnederland.nl/vereniging/lidbedrijf-zoeken?page=30
Aarsleff Leidingrenovatie B.V.,UITGEEST,Molenwerf 40  1911 DB UITGEEST,Molenwerf 40  1911 DB UITGEEST,0251-743200,//www.aarsleff-bv.nl,https://www.bouwendnederland.nl/vereniging/lidbedrijf-zoeken?page=30
Aarts Bouw,LEENDE,Biesven 1  5595 DD LEENDE,Biesven 1  5595 DD LEENDE,040-8200720,//www.aarts-bouw.nl,https://www.bouwendnederland.nl/vereniging/lidbedrijf-zoeken?page=30
AB Bouw B.V.,HOOGEVEEN,Zeppelinstraat 4 A 7903 BP HOOGEVEEN,Zeppelinstraat 4 A 7903 BP HOOGEVEEN,0528-341800,//www.abbouw.nl,https://www.bouwendnederland.nl/vereniging/lidbedrijf-zoeken?page=30
AB Vakwerk Groep B.V.,MIDDENMEER,Bollenmarkt 10  1681 PJ ZWAAGDIJK-OOST,Industrieweg 60  1775PW MIDDENMEER,088-7301810,//www.abvakwerk.nl,https://www.bouwendnederland.nl/vereniging/lidbedrijf-zoeken?page=30
"AB Vakwerk, vestiging Berlikum",BERLTSUM,Hofsleane 57  9041 AM BERLTSUM,Hofsleane 57  9041 AM BERLTSUM,0518-409340,//www.abvakwerk.nl,https://www.bouwendnederland.nl/vereniging/lidbedrijf-zoeken?page=30
"AB Vakwerk, vestiging Dokkum",DOKKUM,Betterwird 28  9101 PB DOKKUM,Betterwird 28  9101 PB DOKKUM,0519-220859,//www.abvakwerk.nl,https://www.bouwendnederland.nl/vereniging/lidbedrijf-zoeken?page=30
"AB Vakwerk, vestiging Drachten",DRACHTEN,Zonnedauw 16  9202 PA DRACHTEN,Zonnedauw 16  9202 PA DRACHTEN,0512-514131,//www.abvakwerk.nl,https://www.bouwendnederland.nl/vereniging/lidbedrijf-zoeken?page=30
"AB Vakwerk, vestiging Middenmeer",MIDDENMEER,Industrieweg 60  1775 PW MIDDENMEER,Industrieweg 60  1775 PW MIDDENMEER,0227-502341,//www.abvakwerk.nl,https://www.bouwendnederland.nl/vereniging/lidbedrijf-zoeken?page=30
"AB Vakwerk, vestiging Obdam",OBDAM,Dorpsstraat 88  1713 HK OBDAM,Dorpsstraat 88  1713 HK OBDAM,0226-454488,//www.abvakwerk.nl,https://www.bouwendnederland.nl/vereniging/lidbedrijf-zoeken?page=30
"Ab Vakwerk, vestiging Purmerend",PURMEREND,Einsteinstraat 7  1446 VE PURMEREND,Einsteinstraat 7  1446 VE PURMEREND,0299-646261,,https://www.bouwendnederland.nl/vereniging/lidbedrijf-zoeken?page=30
"AB Vakwerk, vestiging Sneek",SNEEK,Zeilmakersstraat 19  8601 WT SNEEK,Zeilmakersstraat 19  8601 WT SNEEK,0515-532645,//www.abvakwerk.nl,https://www.bouwendnederland.nl/vereniging/lidbedrijf-zoeken?page=30
"AB Vakwerk, vestiging Wolvega",WOLVEGA,Hoofdweg 10  8471 ZH WOLVEGA,Hoofdweg 10  8471 ZH WOLVEGA,0561-691800,//www.abvakwerk.nl,https://www.bouwendnederland.nl/vereniging/lidbedrijf-zoeken?page=30
"AB Vakwerk, vestiging Zwaagdijk",ZWAAGDIJK-OOST,Bollenmarkt 10  1681 PJ ZWAAGDIJK-OOST,Bollenmarkt 10  1681 PJ ZWAAGDIJK-OOST,0228-567600,//www.abvakwerk.nl,https://www.bouwendnederland.nl/vereniging/lidbedrijf-zoeken?page=30
ABB BOUW B.V.,SLIEDRECHT,Postbus 88  3360 AB SLIEDRECHT,Molendijk 160  3361 ER SLIEDRECHT,0184-495495,//www.abbbouw.nl,https://www.bouwendnederland.nl/vereniging/lidbedrijf-zoeken?page=30
ABB BOUWGROEP B.V.,SLIEDRECHT,Postbus 88  3360 AB SLIEDRECHT,Stationspark 1000  3364 DA SLIEDRECHT,0184-495495,//www.abbbouwgroep.nl,https://www.bouwendnederland.nl/vereniging/lidbedrijf-zoeken?page=30
ABB ONTWIKKELING B.V.,SLIEDRECHT,Postbus 88  3360 AB SLIEDRECHT,Molendijk 160  3361 ER SLIEDRECHT,0184-495495,//www.abbontwikkeling.nl,https://www.bouwendnederland.nl/vereniging/lidbedrijf-zoeken?page=30
ABB op Maat,SLIEDRECHT,Postbus 88  3360 AB SLIEDRECHT,Molendijk 160  3361 ER SLIEDRECHT,0184-495495,//www.abb-op-maat.nl,https://www.bouwendnederland.nl/vereniging/lidbedrijf-zoeken?page=30
ABB VASTGOED B.V.,SLIEDRECHT,Postbus 88  3360 AB SLIEDRECHT,Molendijk 160  3361 ER SLIEDRECHT,0184-495495,//www.abbvastgoed.nl,https://www.bouwendnederland.nl/vereniging/lidbedrijf-zoeken?page=30
Abbink Boekelo B.V.,ENSCHEDE,Marssteden 65  7547 TE ENSCHEDE,Marssteden 65  7547 TE ENSCHEDE,053-4282278,//www.abbinkboekelo.nl,https://www.bouwendnederland.nl/vereniging/lidbedrijf-zoeken?page=31
Abbink Verkeerstechniek B.V.,HOOGEVEEN,Postbus 87  7670 AB VRIEZENVEEN,Lindberghstraat 14  7903 BN HOOGEVEEN,0528-234018,//www.abbinkverkeerstechniek.nl,https://www.bouwendnederland.nl/vereniging/lidbedrijf-zoeken?page=31
ABG Bouw B.V.,GENEMUIDEN,Schuurberg 9  8281 HH GENEMUIDEN,Nylonstraat 13 d 8281 JX GENEMUIDEN,038-3859222,//www.abgbouw.nl,https://www.bouwendnederland.nl/vereniging/lidbedrijf-zoeken?page=31
ABIN Holding,ROTTERDAM,Metaalhof 40  3067 GM ROTTERDAM,Metaalhof 40  3067 GM ROTTERDAM,010-4206555,,https://www.bouwendnederland.nl/vereniging/lidbedrijf-zoeken?page=31
Abro Project Afbouw B.V.,ENSCHEDE,Lenteweg 11  7532 RV ENSCHEDE,Lenteweg 11  7532 RV ENSCHEDE,053-7400130,//www.abroprojectafbouw.nl,https://www.bouwendnederland.nl/vereniging/lidbedrijf-zoeken?page=31
ABT aannemers Westerhaege,DE LIER,De Genestetstraat 27  7514 CR ENSCHEDE,Lierweg 20  2678 CS DE LIER,,,https://www.bouwendnederland.nl/vereniging/lidbedrijf-zoeken?page=31
ABZ B.V.,NUTH,Postbus 22004  6360 AA NUTH,Huib van de Kreekeweg 5  6361 KG NUTH,0455-656469,//www.abzinfra.nl,https://www.bouwendnederland.nl/vereniging/lidbedrijf-zoeken?page=31
Ad Hoc Advies,VENLO,Mgr Boermansstraat 11  5911 BA VENLO,Mgr Boermansstraat 11  5911 BA VENLO,,,https://www.bouwendnederland.nl/vereniging/lidbedrijf-zoeken?page=31
Adriaan van Erk Bouw B.V.,BERGAMBACHT,Kadijk 4 a 2861 CM BERGAMBACHT,Kadijk 4 a 2861 CM BERGAMBACHT,0182-352344,//www.adriaanvanerk.nl,https://www.bouwendnederland.nl/vereniging/lidbedrijf-zoeken?page=31
Adriaan van Erk Groep B.V.,BERGAMBACHT,Kadijk 4 A 2861 CM BERGAMBACHT,Kadijk 4 A 2861 CM BERGAMBACHT,,,https://www.bouwendnederland.nl/vereniging/lidbedrijf-zoeken?page=31
Adriaan van Erk Timmerfabriek B.V.,BERGAMBACHT,Kadijk 4 A 2861 CM BERGAMBACHT,Kadijk 4 A 2861 CM BERGAMBACHT,,,https://www.bouwendnederland.nl/vereniging/lidbedrijf-zoeken?page=31
Adriaans Bouw B.V.,HELMOND,Postbus 244  5700 AE HELMOND,Gerwenseweg 76  5708 EL HELMOND,0492-534550,//www.adriaansbouw.nl,https://www.bouwendnederland.nl/vereniging/lidbedrijf-zoeken?page=31
Adriaans Bouwbedrijf B.V.,OOST WEST EN MIDDELBEERS,Postelstraat 11  5091 AW OOST WEST EN MIDDELBEERS,Postelstraat 11  5091 AW OOST WEST EN MIDDELBEERS,013-5141255,//www.adriaansbouwbedrijf.nl,https://www.bouwendnederland.nl/vereniging/lidbedrijf-zoeken?page=31
Adriaens Molenbouw Weert B.V.,WEERT,Oudesteeg 1 c 6002 SG WEERT,Oudesteeg 1 c 6002 SG WEERT,0495-531064,//www.adriaensmolenbouw.nl,https://www.bouwendnederland.nl/vereniging/lidbedrijf-zoeken?page=31
ADUCO Nederland B.V.,EDE GLD,Postbus 763  6710 BT EDE GLD,Newtonstraat 5  6716 BK EDE GLD,0318-633263,//www.aduco.nl,https://www.bouwendnederland.nl/vereniging/lidbedrijf-zoeken?page=31
Aelbers Flexibele Personeels Diensten B.V.,DOETINCHEM,Grutbroek 15  7008 AK DOETINCHEM,Grutbroek 15  7008 AK DOETINCHEM,0314-675060,//www.aelberspersoneel.nl,https://www.bouwendnederland.nl/vereniging/lidbedrijf-zoeken?page=31
Aerdenhout Villabouw & Bouwmanagement B.V.,AERDENHOUT,Aerdenhoutsduinweg 1  2111 AN AERDENHOUT,Aerdenhoutsduinweg 1  2111 AN AERDENHOUT,,,https://www.bouwendnederland.nl/vereniging/lidbedrijf-zoeken?page=31
Aertgeerts Bouw B.V.,ROTTERDAM,Postbus 8557  3009 AN ROTTERDAM,'s-Gravenweg 399  3065 SB ROTTERDAM,010-4206555,//www.aertgeerts.nl,https://www.bouwendnederland.nl/vereniging/lidbedrijf-zoeken?page=31
Aertgeerts Projecten B.V.,ROTTERDAM,Postbus 8557  3009 AN ROTTERDAM,'s-Gravenweg 399  3065 SB ROTTERDAM,010-4206555,//www.aertgeerts.nl,https://www.bouwendnederland.nl/vereniging/lidbedrijf-zoeken?page=31
Afbouw Alliantie Nederland coöperatie u.a.,ALPHEN AAN DEN RIJN,A. van Leeuwenhoekweg 32 a 2408 AN ALPHEN AAN DEN RIJN,A. van Leeuwenhoekweg 32 a 2408 AN ALPHEN AAN DEN RIJN,,,https://www.bouwendnederland.nl/vereniging/lidbedrijf-zoeken?page=31
Agado B.V.,TUIL,Melssinghdreef 2  4176 BB TUIL,Melssinghdreef 2  4176 BB TUIL,085-2733332,,https://www.bouwendnederland.nl/vereniging/lidbedrijf-zoeken?page=32
AGC Almelo,ALMELO,Plesmanweg 11 F 7602 PD ALMELO,Plesmanweg 11 F 7602 PD ALMELO,0546-860762,//www.agcnederland.nl,https://www.bouwendnederland.nl/vereniging/lidbedrijf-zoeken?page=32
AGC Apeldoorn,APELDOORN,Anklaarseweg 334 E 7317 AS APELDOORN,Anklaarseweg 334 E 7317 AS APELDOORN,055-5790995,,https://www.bouwendnederland.nl/vereniging/lidbedrijf-zoeken?page=32
AGC Arnhem,ARNHEM,Leemansweg 91  6827 BX ARNHEM,Leemansweg 91  6827 BX ARNHEM,026-3643310,//www.agcnederland.nl,https://www.bouwendnederland.nl/vereniging/lidbedrijf-zoeken?page=32
AGC Beverwijk,BEVERWIJK,Wijkermeerweg 36  1948 NW BEVERWIJK,Wijkermeerweg 36  1948 NW BEVERWIJK,0251-276900,//www.agcnederland.nl,https://www.bouwendnederland.nl/vereniging/lidbedrijf-zoeken?page=32
AGC Den Bosch,'S-HERTOGENBOSCH,Europalaan 9 b 5232 BC 'S-HERTOGENBOSCH,Europalaan 9 b 5232 BC 'S-HERTOGENBOSCH,073-6425565,//www.agc-nederland.nl,https://www.bouwendnederland.nl/vereniging/lidbedrijf-zoeken?page=32
AGC Den Helder,DEN HELDER,Industrieweg 19  1785 AG DEN HELDER,Industrieweg 19  1785 AG DEN HELDER,0223-637835,//www.agcnederland.nl,https://www.bouwendnederland.nl/vereniging/lidbedrijf-zoeken?page=32
AGC Doetinchem,DOETINCHEM,Doetinchemseweg 48  7007 CC DOETINCHEM,Doetinchemseweg 48  7007 CC DOETINCHEM,0314-345252,//www.agcnederland.nl,https://www.bouwendnederland.nl/vereniging/lidbedrijf-zoeken?page=32
AGC Enschede,ENSCHEDE,Kopersteden 2  7547 TK ENSCHEDE,Kopersteden 2  7547 TK ENSCHEDE,053-4321533,//www.agcnederland.nl,https://www.bouwendnederland.nl/vereniging/lidbedrijf-zoeken?page=32
AGC Goor,GOOR,Postbus 13  7470 AA GOOR,Enterseweg 15  7471 SB GOOR,0547-286868,//www.agcnederland.nl,https://www.bouwendnederland.nl/vereniging/lidbedrijf-zoeken?page=32
AGC Haarlem,HAARLEM,Ir. Lelyweg 46  2031 CD HAARLEM,Ir. Lelyweg 46  2031 CD HAARLEM,023-5124000,//www.agcnederland.nl,https://www.bouwendnederland.nl/vereniging/lidbedrijf-zoeken?page=32
AGC Hoogeveen,HOOGEVEEN,Buitenvaart 2113  7905 SW HOOGEVEEN,Buitenvaart 2113  7905 SW HOOGEVEEN,0528-265332,//www.agcnederland.nl,https://www.bouwendnederland.nl/vereniging/lidbedrijf-zoeken?page=32
AGC Nederland Holding B.V.,TIEL,Postbus 6025  4000 HA TIEL,J.S. de Jongplein 7 a 4001 WG TIEL,0344-679704,//www.agc-glass.eu,https://www.bouwendnederland.nl/vereniging/lidbedrijf-zoeken?page=32
AGC Nijmegen,NIJMEGEN,Factorijweg 14  6541 DN NIJMEGEN,Factorijweg 14  6541 DN NIJMEGEN,024-3790836,//www.agcnederland.nl,https://www.bouwendnederland.nl/vereniging/lidbedrijf-zoeken?page=32
AGC Oosterwolde B.V,OOSTERWOLDE FR,Ploeggang 5  8431 NE OOSTERWOLDE FR,Ploeggang 5  8431 NE OOSTERWOLDE FR,0516-567770,//www.agcnederland.nl,https://www.bouwendnederland.nl/vereniging/lidbedrijf-zoeken?page=32
AGC Roosendaal,ROOSENDAAL,Belder 11  4704 RK ROOSENDAAL,Belder 11  4704 RK ROOSENDAAL,0165-572072,//www.agcnederland.nl,https://www.bouwendnederland.nl/vereniging/lidbedrijf-zoeken?page=32
AGC Tilburg,TILBURG,Kraaivenstraat 32  5048 AB TILBURG,Kraaivenstraat 32  5048 AB TILBURG,013-5954444,//www.agcnederland.nl,https://www.bouwendnederland.nl/vereniging/lidbedrijf-zoeken?page=32
AGC Utrecht,UTRECHT,Tennesseedreef 2  3565 CJ UTRECHT,Tennesseedreef 2  3565 CJ UTRECHT,030-2624814,//www.agcnederland.nl,https://www.bouwendnederland.nl/vereniging/lidbedrijf-zoeken?page=32
AGC Westland BV,POELDIJK,Mercuriusplein 32  2685 LP POELDIJK,Mercuriusplein 32  2685 LP POELDIJK,0174-531200,//westlandeu.agc.com,https://www.bouwendnederland.nl/vereniging/lidbedrijf-zoeken?page=32
AGC Zwaag,ZWAAG,De Compagnie 4  1689 AG ZWAAG,De Compagnie 4  1689 AG ZWAAG,0229-281000,//www.agcnederland.nl,https://www.bouwendnederland.nl/vereniging/lidbedrijf-zoeken?page=32
AGC Zwolle,ZWOLLE,Voltastraat 5 a 8013 PM ZWOLLE,Voltastraat 5 a 8013 PM ZWOLLE,038-4655370,//www.agcnederland.nl,https://www.bouwendnederland.nl/vereniging/lidbedrijf-zoeken?page=33
Agricola Bouw B.V.,WARNS,Op`e Wal 8  8721 GJ WARNS,Op`e Wal 8  8721 GJ WARNS,0514-681413,//www.agricolabouw.nl,https://www.bouwendnederland.nl/vereniging/lidbedrijf-zoeken?page=33
AHCO Weg- en Waterbouw bv,LISSE,Heereweg 1 a 2161 AB LISSE,Heereweg 1 a 2161 AB LISSE,0252-417788,//www.ahco.nl,https://www.bouwendnederland.nl/vereniging/lidbedrijf-zoeken?page=33
Ailant Bouwtech B.V.,'S-GRAVENHAGE,Calandstraat 1  2521 AD 'S-GRAVENHAGE,Calandstraat 1  2521 AD 'S-GRAVENHAGE,070-3300324,//www.ailantbouwtech.nl,https://www.bouwendnederland.nl/vereniging/lidbedrijf-zoeken?page=33
Akerboombouw BV,ROELOFARENDSVEEN,Veenderveld 14  2371 TV ROELOFARENDSVEEN,Veenderveld 14  2371 TV ROELOFARENDSVEEN,071-5018477,//www.akerboombouw.nl,https://www.bouwendnederland.nl/vereniging/lidbedrijf-zoeken?page=33
Akerbouw B.V.,UITGEEST,Geesterweg 6  1911 NB UITGEEST,Geesterweg 6  1911 NB UITGEEST,0251-315817,//www.akerbouw.nl,https://www.bouwendnederland.nl/vereniging/lidbedrijf-zoeken?page=33
Akoestiek Montage Brabant B.V.,BLADEL,Muggenhool 5  5531 RZ BLADEL,Muggenhool 5  5531 RZ BLADEL,0497-388510,//www.amb-design.nl,https://www.bouwendnederland.nl/vereniging/lidbedrijf-zoeken?page=33
AKOR Nijverdal,NIJVERDAL,Fuutweg 8  7442 CL NIJVERDAL,Fuutweg 8  7442 CL NIJVERDAL,0548-654183,//www.akor.nl,https://www.bouwendnederland.nl/vereniging/lidbedrijf-zoeken?page=33
AKOR Pijnacker,PIJNACKER,Ambachtsweg 32  2641 KS PIJNACKER,Ambachtsweg 32  2641 KS PIJNACKER,015-3615300,//www.bouwbedrijfvanderspek.nl,https://www.bouwendnederland.nl/vereniging/lidbedrijf-zoeken?page=33
Akor Rijssen,RIJSSEN,Postbus 178  7460 AD RIJSSEN,Nijverdalseweg 134  7461 AG RIJSSEN,0548-515615,//www.akor.nl,https://www.bouwendnederland.nl/vereniging/lidbedrijf-zoeken?page=33
Al Bouwbedrijf,WORMERVEER,Iepenweg 12  1521 VG WORMERVEER,Iepenweg 12  1521 VG WORMERVEER,075-6310417,//www.albouwbedrijf.nl,https://www.bouwendnederland.nl/vereniging/lidbedrijf-zoeken?page=33
Alb. Vuyk en Zoon,TER AAR,Harsweg 15  2461 EZ TER AAR,Harsweg 15  2461 EZ TER AAR,0172-602488,//www.vuijkkeukenmontage.nl,https://www.bouwendnederland.nl/vereniging/lidbedrijf-zoeken?page=33
Albers Bouw B.V.,TETERINGEN,Valkenstraat 4  4847 TH TETERINGEN,Valkenstraat 4  4847 TH TETERINGEN,076-5611010,//www.albersbouw.nl,https://www.bouwendnederland.nl/vereniging/lidbedrijf-zoeken?page=33
Albert Vree & Co.,WEESP,Nieuwstraat 46  1381 BD WEESP,Nieuwstraat 46  1381 BD WEESP,0294-412532,//www.albertvree.nl,https://www.bouwendnederland.nl/vereniging/lidbedrijf-zoeken?page=33
Aldenzee-Verbaarschot Bouw B.V.,DEURNE,Hemelrijkseweg 18  5752 RE DEURNE,Hemelrijkseweg 18  5752 RE DEURNE,0493-399915,//www.Aldenzee-Verbaarschot.nl,https://www.bouwendnederland.nl/vereniging/lidbedrijf-zoeken?page=33
Alderliesten bouw en installatietechniek,LELYSTAD,Overcinge 78  8226 TN LELYSTAD,Overcinge 78  8226 TN LELYSTAD,0320-415472,//www.henkalderliesten.nl,https://www.bouwendnederland.nl/vereniging/lidbedrijf-zoeken?page=33
Aleman-Bouw Beheer B.V.,EDE GLD,Postbus 204  6710 BE EDE GLD,Argonstraat 26  6718 WT EDE GLD,0318-419015,,https://www.bouwendnederland.nl/vereniging/lidbedrijf-zoeken?page=33
Alert Bouw & Brandwering B.V.,VOLENDAM,Donata Steurhof 180  1132 DR VOLENDAM,Donata Steurhof 180  1132 DR VOLENDAM,,,https://www.bouwendnederland.nl/vereniging/lidbedrijf-zoeken?page=33
Alexbouw B.V.,ZWOLLE,Voltastraat 17 M 8013 PM ZWOLLE,Voltastraat 17 M 8013 PM ZWOLLE,038-3033351,//www.alexbouw.nl,https://www.bouwendnederland.nl/vereniging/lidbedrijf-zoeken?page=33
Algeco Bouw & Winkels B.V.,ZALTBOMMEL,Postbus 39  5300 AA ZALTBOMMEL,Havendijk 21  5301 HG ZALTBOMMEL,0418-573333,//www.bukohuisvesting.nl,https://www.bouwendnederland.nl/vereniging/lidbedrijf-zoeken?page=33
Algeco Bouwsystemen B.V.,VUREN,Postbus 40  4200 AA GORINCHEM,Zeiving 16  4214 KT VUREN,0183-658400,//www.algecobouwsystemen.nl,https://www.bouwendnederland.nl/vereniging/lidbedrijf-zoeken?page=34
Alhra Glas B.V.,ROTTERDAM,Thurledeweg 121  3044 ER ROTTERDAM,Strickledeweg 120  3044 EL ROTTERDAM,010-4777596,//www.alhra.nl,https://www.bouwendnederland.nl/vereniging/lidbedrijf-zoeken?page=34
Alkema Bouw B.V.,ZAANDAM,Jonkerplantsoen 4  1508 EE ZAANDAM,Jonkerplantsoen 4  1508 EE ZAANDAM,075-6573983,//www.alkemabouw.nl,https://www.bouwendnederland.nl/vereniging/lidbedrijf-zoeken?page=34
Almbouw & Onderhoud B.V.,GIESSEN,Transportstraat 1 a 4283 JL GIESSEN,Transportstraat 1 a 4283 JL GIESSEN,0183-443281,//www.almbouw.nl,https://www.bouwendnederland.nl/vereniging/lidbedrijf-zoeken?page=34
Alphons Coolen Bouw B.V.,TILBURG,Prof Cobbenhagenlaan 95  5037 DB TILBURG,Prof Cobbenhagenlaan 95  5037 DB TILBURG,013-5321450,//www.alphonscoolen.nl,https://www.bouwendnederland.nl/vereniging/lidbedrijf-zoeken?page=34
Alreno Bouw B.V.,HOOGEVEEN,Stephensonstraat 55  7903 AS HOOGEVEEN,Stephensonstraat 55  7903 AS HOOGEVEEN,0593-857000,//www.alrenobouw.nl,https://www.bouwendnederland.nl/vereniging/lidbedrijf-zoeken?page=34
Alsema bv,ZUIDLAREN,Postbus 153  9470 AD ZUIDLAREN,Havenstraat 26  9471 AM ZUIDLAREN,050-4098000,//www.alsema.nl,https://www.bouwendnederland.nl/vereniging/lidbedrijf-zoeken?page=34
Altim,ALMERE,Editiestraat 3  1321 NG ALMERE,Editiestraat 3  1321 NG ALMERE,036-5366141,//www.altim.nl,https://www.bouwendnederland.nl/vereniging/lidbedrijf-zoeken?page=34
Alutherm Glashandel B.V.,BROEK OP LANGEDIJK,Vreekesweid 34  1721 PR BROEK OP LANGEDIJK,Vreekesweid 34  1721 PR BROEK OP LANGEDIJK,072-5760200,//www.alutherm.nl,https://www.bouwendnederland.nl/vereniging/lidbedrijf-zoeken?page=34
Alverre B.V.,OLDENZAAL,Postbus 330  7570 AH OLDENZAAL,Zutphenstraat 22  7575 EJ OLDENZAAL,0541-514460,//www.alverre.nl,https://www.bouwendnederland.nl/vereniging/lidbedrijf-zoeken?page=34
Alvista Glasgroothandel B.V.,VALBURG,Tielsestraat 33  4675 AA VALBURG,Tielsestraat 33  6675 AA VALBURG,085-0150077,//www.alvista.nl,https://www.bouwendnederland.nl/vereniging/lidbedrijf-zoeken?page=34
AM B.V.,UTRECHT,Postbus 4052  3502 HB UTRECHT,Ptolemaeuslaan 80  3528 BP UTRECHT,030-6097222,//www.am.nl,https://www.bouwendnederland.nl/vereniging/lidbedrijf-zoeken?page=34
Ambacht Groep,'S-GRAVENHAGE,Moezel 17  2491 CV 'S-GRAVENHAGE,Moezel 17  2491 CV 'S-GRAVENHAGE,070-8200331,//www.ambachtgroep.nl,https://www.bouwendnederland.nl/vereniging/lidbedrijf-zoeken?page=34
Ambouw Margraten,MARGRATEN,Postbus 31  6269 ZG MARGRATEN,Aan de Fremme 22  6269 BE MARGRATEN,043-4581449,//www.aannemermargraten.nl,https://www.bouwendnederland.nl/vereniging/lidbedrijf-zoeken?page=34
Amsterdamse Glashandel Van Beemdelust B.V.,AMSTERDAM,Sierenborch 1  1043 BA AMSTERDAM,Sierenborch 1  1043 BA AMSTERDAM,020-6189338,//www.amsterdamseglashandel.nl,https://www.bouwendnederland.nl/vereniging/lidbedrijf-zoeken?page=34
André Swart Bouwbedrijf,GRONINGEN,Woldjerspoorweg 46  9723 ES GRONINGEN,Woldjerspoorweg 46  9723 ES GRONINGEN,050-5412076,//www.andreswartbouw.nl,https://www.bouwendnederland.nl/vereniging/lidbedrijf-zoeken?page=34
Andre Treijtel B.V.,ROTTERDAM,Zuiddiepjeskade 24  3077 WC ROTTERDAM,Zuiddiepjeskade 24  3077 WC ROTTERDAM,010-4767979,//www.treijtel.nl,https://www.bouwendnederland.nl/vereniging/lidbedrijf-zoeken?page=34
Anton Bouw & Betontechniek B.V.,OBDAM,Tocht 31  1713 GP OBDAM,Tocht 31  1713 GP OBDAM,0226-454090,//www.antongroep.nl/bouw-betontechniek,https://www.bouwendnederland.nl/vereniging/lidbedrijf-zoeken?page=34
Anzabouw B.V.,LEIDEN,Oude Singel 150  2312 RG LEIDEN,Oude Singel 150  2312 RG LEIDEN,,,https://www.bouwendnederland.nl/vereniging/lidbedrijf-zoeken?page=34
APD Bouw B.V.,APELDOORN,Dijkgraafweg 4 D 7336 AT APELDOORN,Dijkgraafweg 4 D 7336 AT APELDOORN,,,https://www.bouwendnederland.nl/vereniging/lidbedrijf-zoeken?page=34
APH B.V.,HOOGBLOKLAND,Bazeldijk 50  4221 XX HOOGBLOKLAND,Bazeldijk 50  4221 XX HOOGBLOKLAND,0183-568368,//https://aphbv.nl,https://www.bouwendnederland.nl/vereniging/lidbedrijf-zoeken?page=35
APK Wegenbouw B.V.,SUSTEREN,Rangeerweg 5  6114 BC SUSTEREN,Rangeerweg 5  6114 BC SUSTEREN,076-5720672,//www.vl.nl,https://www.bouwendnederland.nl/vereniging/lidbedrijf-zoeken?page=35
Apoll Bouw,GROOTEGAST,Legolaan 8 A 9861 AT GROOTEGAST,Legolaan 8 A 9861 AT GROOTEGAST,0594-534007,//www.apollbouw.nl,https://www.bouwendnederland.nl/vereniging/lidbedrijf-zoeken?page=35
Aqua Stop Pro B.V.,RODEN,Produktieweg 8  9301 ZS RODEN,Produktieweg 8  9301 ZS RODEN,0800-2580000,,https://www.bouwendnederland.nl/vereniging/lidbedrijf-zoeken?page=35
Architraaf Bouw B.V.,DRACHTEN,Zonnedauw 4  9202 PA DRACHTEN,Zonnedauw 4  9202 PA DRACHTEN,0513-714420,//www.architraafbouw.nl,https://www.bouwendnederland.nl/vereniging/lidbedrijf-zoeken?page=35
Ard Bruin Aannemers- en Timmerbedrijf,ALKMAAR,Emmastraat 3  1814 DL ALKMAAR,Fluorietweg 14 B 1812 RR ALKMAAR,072-5317592,//www.ardbruintimmerbedrijf.nl,https://www.bouwendnederland.nl/vereniging/lidbedrijf-zoeken?page=35
Arend allround service,TERHERNE,Tuolle 5  8493 KH TERHERNE,Tuolle 5  8493 KH TERHERNE,,,https://www.bouwendnederland.nl/vereniging/lidbedrijf-zoeken?page=35
Arka Bouw Service,ZWOLLE,Conradstraat 6  8013 RN ZWOLLE,Conradstraat 6  8013 RN ZWOLLE,038-4212418,//www.arkabouw.nl,https://www.bouwendnederland.nl/vereniging/lidbedrijf-zoeken?page=35
Aro Timmerfabriek B.V.,CRUQUIUS,Postbus 195  2100 AD HEEMSTEDE,Spaarneweg 83  2142 EP CRUQUIUS,023-5410541,,https://www.bouwendnederland.nl/vereniging/lidbedrijf-zoeken?page=35
Artisan Living B.V.,RIDDERKERK,Florijnstraat 4 g 2988 CL RIDDERKERK,Florijnstraat 4 g 2988 CL RIDDERKERK,,,https://www.bouwendnederland.nl/vereniging/lidbedrijf-zoeken?page=35
Arton B.V.,OSS,Vierwindenlaan 4  5342 LC OSS,Vierwindenlaan 4  5342 LC OSS,041-2641835,//www.arton-bv.nl,https://www.bouwendnederland.nl/vereniging/lidbedrijf-zoeken?page=35
AsbestVrijMaken.nl B.V.,TEGELEN,Aan de Zwarte Hond 1  5932 AB TEGELEN,Aan de Zwarte Hond 1  5932 AB TEGELEN,,,https://www.bouwendnederland.nl/vereniging/lidbedrijf-zoeken?page=35
Ascentia B.V.,DUSSEN,Loswal 5 a 4271 BA DUSSEN,Loswal 5 a 4271 BA DUSSEN,406-00549,//www.ascentia-systems.nl,https://www.bouwendnederland.nl/vereniging/lidbedrijf-zoeken?page=35
Asfalt Centrale Dordrecht,DORDRECHT,Kilkade 14  3316 BC DORDRECHT,Kilkade 14  3316 BC DORDRECHT,078-6179684,,https://www.bouwendnederland.nl/vereniging/lidbedrijf-zoeken?page=35
Asfalt Centrale Harderwijk,HARDERWIJK,Daltonstraat 33  3846 BX HARDERWIJK,Daltonstraat 33  3846 BX HARDERWIJK,0341-422024,,https://www.bouwendnederland.nl/vereniging/lidbedrijf-zoeken?page=35
Asfalt Centrale Nijkerk v.o.f.,NIJKERK GLD,Postbus 29  8080 AA ELBURG,Nijverheidsstraat 42  3861 RJ NIJKERK GLD,033-2454344,//www.vangelder.com,https://www.bouwendnederland.nl/vereniging/lidbedrijf-zoeken?page=35
Asfalt Productie De Eem BV,EEMNES,Postbus 675  3740 AP BAARN,Eemweg 82  3755 LD EEMNES,035-5423200,,https://www.bouwendnederland.nl/vereniging/lidbedrijf-zoeken?page=35
Asfalt Produktie Maatschappij B.V.,BERGEN OP ZOOM,Van Konijnenburgweg 54  4612 PL BERGEN OP ZOOM,Van Konijnenburgweg 54  4612 PL BERGEN OP ZOOM,0164-257379,,https://www.bouwendnederland.nl/vereniging/lidbedrijf-zoeken?page=35
Asfalt Produktiemaatschappij Nijmegen BV,NIJMEGEN,Energieweg 28  6541 CX NIJMEGEN,Energieweg 28  6541 CX NIJMEGEN,024-3775866,//www.asfaltproductienijmegen.nl,https://www.bouwendnederland.nl/vereniging/lidbedrijf-zoeken?page=35
Asfaltcentrale Doetinchem,DOETINCHEM,Havenstraat 70  7005 AG DOETINCHEM,Havenstraat 70  7005 AG DOETINCHEM,0314-323244,,https://www.bouwendnederland.nl/vereniging/lidbedrijf-zoeken?page=35
Asfaltcentrale Eindhoven,EINDHOVEN,Huiskesweg 4  5652 BC EINDHOVEN,Huiskesweg 4  5652 BC EINDHOVEN,040-2527607,,https://www.bouwendnederland.nl/vereniging/lidbedrijf-zoeken?page=36
Asfaltcentrale Limburg B.V.,STEIN LB,Heidekampweg 2  6171 DZ STEIN LB,Heidekampweg 2  6171 DZ STEIN LB,046-4333615,,https://www.bouwendnederland.nl/vereniging/lidbedrijf-zoeken?page=36
AsfaltNu,CULEMBORG,Plantijnweg 32  4104 BB CULEMBORG,Plantijnweg 32  4104 BB CULEMBORG,0345-471736,//www.asfaltnu.nl,https://www.bouwendnederland.nl/vereniging/lidbedrijf-zoeken?page=36
AsfaltNu Amsterdam I,AMSTERDAM,Sextantweg 1  1042 AH AMSTERDAM,Sextantweg 1  1042 AH AMSTERDAM,020-5857600,,https://www.bouwendnederland.nl/vereniging/lidbedrijf-zoeken?page=36
AsfaltNu Amsterdam ll,AMSTERDAM,Aziehavenweg 19  1046 BK AMSTERDAM,Aziehavenweg 19  1046 BK AMSTERDAM,020-4487318,,https://www.bouwendnederland.nl/vereniging/lidbedrijf-zoeken?page=36
Asfaltproductie Regio Amsterdam BV,AMSTERDAM,Aziehavenweg 20  1046 BK AMSTERDAM,Aziëhavenweg 20  1046 BK AMSTERDAM,020-4487300,,https://www.bouwendnederland.nl/vereniging/lidbedrijf-zoeken?page=36
Asser Glas - en Verfhandel B.V.,ASSEN,Dr. A.F. Philipsweg 17  9403 AC ASSEN,Dr. A.F. Philipsweg 17  9403 AC ASSEN,0592-315127,//www.agev.nl,https://www.bouwendnederland.nl/vereniging/lidbedrijf-zoeken?page=36
Asser Glas - en Verfhandel B.V.,WINSCHOTEN,Papierbaan 53  9672 BG WINSCHOTEN,Papierbaan 53  9672 BG WINSCHOTEN,0597-412115,,https://www.bouwendnederland.nl/vereniging/lidbedrijf-zoeken?page=36
Asser Glas - en verfhandel Groningen B.V.,GRONINGEN,Wasaweg 18 .1 9723 JD GRONINGEN,Wasaweg 18 .1 9723 JD GRONINGEN,050-5496350,,https://www.bouwendnederland.nl/vereniging/lidbedrijf-zoeken?page=36
Asset Rail B.V.,BEMMEL,De Houtakker 33  6681 CW BEMMEL,De Houtakker 33  6681 CW BEMMEL,0481-470310,//www.assetrail.nl,https://www.bouwendnederland.nl/vereniging/lidbedrijf-zoeken?page=36
Astra Holding B.V.,ALPHEN AAN DEN RIJN,Grijpensteinstraat 10  2405 GN ALPHEN AAN DEN RIJN,Grijpensteinstraat 10  2405 GN ALPHEN AAN DEN RIJN,017-2420070,,https://www.bouwendnederland.nl/vereniging/lidbedrijf-zoeken?page=36
Astra Materieel Diensten B.V.,ALPHEN AAN DEN RIJN,Postbus 660  2400 AR ALPHEN AAN DEN RIJN,Eikenlaan 247  2404 BP ALPHEN AAN DEN RIJN,0172-420070,,https://www.bouwendnederland.nl/vereniging/lidbedrijf-zoeken?page=36
Atlanta MBS B.V.,KLAZIENAVEEN,Boekweitveld 12  7885 BL NIEUW-DORDRECHT,Koriander 24  7891 WS KLAZIENAVEEN,,,https://www.bouwendnederland.nl/vereniging/lidbedrijf-zoeken?page=36
Avadan B.V.,WOERDEN,Trasmolenlaan 12  3447 GZ WOERDEN,Trasmolenlaan 12  3447 GZ WOERDEN,,,https://www.bouwendnederland.nl/vereniging/lidbedrijf-zoeken?page=36
Aveco de Bondt,EINDHOVEN,Dillenburgstraat 25 -03 5652 AM EINDHOVEN,Dillenburgstraat 25 -03 5652 AM EINDHOVEN,040-2500701,,https://www.bouwendnederland.nl/vereniging/lidbedrijf-zoeken?page=36
Aveco de Bondt B.V.,HOLTEN,Burg van der Borchstraat 2  7451 CH HOLTEN,Burg van de Borchstraat 2  7451 CH HOLTEN,088-1866010,//www.avecodebondt.nl,https://www.bouwendnederland.nl/vereniging/lidbedrijf-zoeken?page=36
Aveco de Bondt Holding bv,HOLTEN,Burg van de Borchstraat 2  7451 CH HOLTEN,Burg van de Borchstraat 64  7451 CH HOLTEN,0548-853333,//www.avecodebondt.nl,https://www.bouwendnederland.nl/vereniging/lidbedrijf-zoeken?page=36
Avila Vastgoed B.V.,RIJSSEN,Nijverdalseweg 149  7461 AG RIJSSEN,Nijverdalseweg 149  7461 AG RIJSSEN,,,https://www.bouwendnederland.nl/vereniging/lidbedrijf-zoeken?page=36
Avitec infra & milieu,NIEUW-BUINEN,Postbus 14  9520 AA NIEUW-BUINEN,Zuiderdiep 32 -34 9521 AT NIEUW-BUINEN,0599-212170,//www.avitec.nl,https://www.bouwendnederland.nl/vereniging/lidbedrijf-zoeken?page=36
AW Afbouw en Stukadoorsbedrijf,NIJMEGEN,Holleweg 7  6522 JT NIJMEGEN,Holleweg 7  6522 JT NIJMEGEN,,,https://www.bouwendnederland.nl/vereniging/lidbedrijf-zoeken?page=36
AW InfraBouw B.V.,LISSE,Postbus 109  2160 AC LISSE,Leidsevaart 25  2161 AS LISSE,0252-412946,//www.awgroep.nl,https://www.bouwendnederland.nl/vereniging/lidbedrijf-zoeken?page=37
AW Verheij Infra B.V.,SLIEDRECHT,Postbus 118  3360 AC SLIEDRECHT,Kubus 9  3364 DG SLIEDRECHT,0184-433095,//www.awgroep.nl,https://www.bouwendnederland.nl/vereniging/lidbedrijf-zoeken?page=37
AXIS Bouwgroep B.V.,MARUM,Noorderringweg 2  9363 TC MARUM,Noorderringweg 2  9363 TC MARUM,,,https://www.bouwendnederland.nl/vereniging/lidbedrijf-zoeken?page=37
B & K Bouwbedrijf B.V.,ALBERGEN,Zenderseweg 42  7665 TN ALBERGEN,Zenderseweg 42  7665 TN ALBERGEN,0546-442512,//www.bouwbenk.nl,https://www.bouwendnederland.nl/vereniging/lidbedrijf-zoeken?page=37
B & U Infra B.V.,AMSTERDAM,Schopenhauerhof 20  1064 VZ AMSTERDAM,Schopenhauerhof 20  1064 VZ AMSTERDAM,,,https://www.bouwendnederland.nl/vereniging/lidbedrijf-zoeken?page=37
B O Infra B.V.,ETTEN-LEUR,Mon Plaisir 8  4879 AN ETTEN-LEUR,Mon Plaisir 8  4879 AN ETTEN-LEUR,076-5328574,//www.boinfra.nl,https://www.bouwendnederland.nl/vereniging/lidbedrijf-zoeken?page=37
B&C Lagendijk Holding B.V.,NIEUW-LEKKERLAND,Veenweideweg 15  2957 LD NIEUW-LEKKERLAND,Veenweideweg 15  2957 LD NIEUW-LEKKERLAND,0184-685215,//www.bouwbedrijflagendijk.nl,https://www.bouwendnederland.nl/vereniging/lidbedrijf-zoeken?page=37
B&E Steigerbouw B.V.,YERSEKE,Grintweg 23  4401 NC YERSEKE,Grintweg 23  4401 NC YERSEKE,0113-405024,//www.besteigerbouw.nl,https://www.bouwendnederland.nl/vereniging/lidbedrijf-zoeken?page=37
B. van den Hoek Wegenbouw B.V.,AMERSFOORT,Argonweg 30  3812 RB AMERSFOORT,Argonweg 30  3812 RB AMERSFOORT,0334-726314,,https://www.bouwendnederland.nl/vereniging/lidbedrijf-zoeken?page=37
B. van Hees en Zonen,NIEUWEGEIN,Postbus 9000  3430 RA NIEUWEGEIN,De Liesbosch 1  3439 LB NIEUWEGEIN,030-2937946,//www.waterbouw.com,https://www.bouwendnederland.nl/vereniging/lidbedrijf-zoeken?page=37
B.G.W. Vastgoed B.V.,NOORDWIJK ZH,'s-Gravendijckseweg 50  2201 CZ NOORDWIJK ZH,'s-Gravendijckseweg 50  2201 CZ NOORDWIJK ZH,,,https://www.bouwendnederland.nl/vereniging/lidbedrijf-zoeken?page=37
B.H.Veenstra Beheer B.V.,OOSTERWOLDE FR,Postbus 151  8430 AD OOSTERWOLDE FR,Hornleger 2  8431 HL OOSTERWOLDE FR,051-6512280,,https://www.bouwendnederland.nl/vereniging/lidbedrijf-zoeken?page=37
B.O.V.G. B.V.,HEM,Groeneweg 8  1607 MK HEM,Groeneweg 8  1607 MK HEM,,,https://www.bouwendnederland.nl/vereniging/lidbedrijf-zoeken?page=37
B.V. Aannemersbedrijf Albert de Witt,OOIJ,De Bouwkamp 7  6576 JX OOIJ,De Bouwkamp 7  6576 JX OOIJ,024-6841824,//www.albertdewitt.nl,https://www.bouwendnederland.nl/vereniging/lidbedrijf-zoeken?page=37
B.V. Aannemersbedrijf G. Theuns en Zoon,AMSTERDAM,Computerweg 45  1033 RH AMSTERDAM,Computerweg 45  1033 RH AMSTERDAM,020-4921105,//www.theunsbouw.nl,https://www.bouwendnederland.nl/vereniging/lidbedrijf-zoeken?page=37
B.V. Aannemings- & Handelmij Schapers & Zoon,RAAMSDONKSVEER,Postbus 150  4940 AD RAAMSDONKSVEER,Keizersveer 15  4941 TA RAAMSDONKSVEER,0162-512551,//www.schapers.nl,https://www.bouwendnederland.nl/vereniging/lidbedrijf-zoeken?page=37
B.V. Aannemingsbedrijf Chris Liet,RHEDEN,Groenestraat 7 a 6991 GA RHEDEN,Groenestraat 7 a 6991 GA RHEDEN,026-4952989,//www.chrisliet.nl,https://www.bouwendnederland.nl/vereniging/lidbedrijf-zoeken?page=37
B.V. Aannemingsbedrijf H. Verwater & Zonen,ROTTERDAM,Droogdokweg 71  3089 JN ROTTERDAM,Droogdokweg 71  3089 JN ROTTERDAM,010-4165477,//www.verwater.com,https://www.bouwendnederland.nl/vereniging/lidbedrijf-zoeken?page=37
B.V. Aannemingsbedrijf J. de Bonth v/h Van Brunschot,WAALWIJK,Loeffstraat 45  5142 EN WAALWIJK,Loeffstraat 45  5142 EN WAALWIJK,0416-342088,//www.jdebonth.nl,https://www.bouwendnederland.nl/vereniging/lidbedrijf-zoeken?page=37
B.V. Aannemingsbedrijf W.A. Waaijer,LEIDSCHENDAM,de Star 5  2266 NA LEIDSCHENDAM,De Star 5  2266 NA LEIDSCHENDAM,070-3200100,//www.waaijerbouw.nl,https://www.bouwendnederland.nl/vereniging/lidbedrijf-zoeken?page=37
B.V. Aannemingsmaatschappij `De Branding` v/h J. Stolk,IJMUIDEN,Amperestraat 23  1976 BG IJMUIDEN,Ampèrestraat 23  1976 BG IJMUIDEN,0255-510943,//www.debranding.nl,https://www.bouwendnederland.nl/vereniging/lidbedrijf-zoeken?page=38
B.V. Aannemingsmaatschappij Loeve,PIJNACKER,Postbus 28  2640 AA PIJNACKER,Boezemweg 63  2641 KG PIJNACKER,015-3695940,,https://www.bouwendnederland.nl/vereniging/lidbedrijf-zoeken?page=38
B.V. Beheer Kooi Appingedam,APPINGEDAM,Postbus 310  9900 AH APPINGEDAM,Kanaalweg 4  9902 AN APPINGEDAM,0596-692692,//www.bouwenmetkooi.nl,https://www.bouwendnederland.nl/vereniging/lidbedrijf-zoeken?page=38
B.V. Bouw- en Aann.bedrijf Arend P. van der Knaap,ROTTERDAM,Postbus 24  2760 AA ZEVENHUIZEN ZH,Groeneweg 38  3059 LC ROTTERDAM,010-2221010,//www.knaap.nl,https://www.bouwendnederland.nl/vereniging/lidbedrijf-zoeken?page=38
B.V. Bouw- en Aannemingsbedrijf Heerding,AMSTERDAM,'t Voorwerf 7 a 1027 AG AMSTERDAM,'t Voorwerf 7 a 1027 AG AMSTERDAM,020-6329183,//www.heerding.nl,https://www.bouwendnederland.nl/vereniging/lidbedrijf-zoeken?page=38
B.V. Bouw- en Aannemingsbedrijf W. Bijl,ROZENBURG ZH,Dwarsweg 9  3181 HP ROZENBURG ZH,Dwarsweg 9  3181 HP ROZENBURG ZH,0181-213188,//www.w-bijl.nl,https://www.bouwendnederland.nl/vereniging/lidbedrijf-zoeken?page=38
B.V. Bouwbedrijf A.C. Paardenkooper,KOCKENGEN,Industrieweg 3 b 3628 EZ KOCKENGEN,Industrieweg 3 b 3628 EZ KOCKENGEN,0346-241490,//www.bouwbedrijfpaardenkooper.nl,https://www.bouwendnederland.nl/vereniging/lidbedrijf-zoeken?page=38
B.V. Bouwbedrijf B. Kooi,GRONINGEN,Duinkerkenstraat 14  9723 BR GRONINGEN,Duinkerkenstraat 14  9723 BR GRONINGEN,050-3136565,//www.bkooi.nl,https://www.bouwendnederland.nl/vereniging/lidbedrijf-zoeken?page=38
B.V. Bouwbedrijf Breumelhof,'S-GRAVENHAGE,Wegastraat 71 -73 2516 AN 'S-GRAVENHAGE,Wegastraat 71  2516 AN 'S-GRAVENHAGE,070-3471414,//www.breumelhofbouw.nl,https://www.bouwendnederland.nl/vereniging/lidbedrijf-zoeken?page=38
B.V. Bouwbedrijf H.C. van Gogh,VALKENSWAARD,John F Kennedylaan 15  5555 XC VALKENSWAARD,John F Kennedylaan 15  5555 XC VALKENSWAARD,040-2212287,//www.bouwbedrijfvangogh.nl,https://www.bouwendnederland.nl/vereniging/lidbedrijf-zoeken?page=38
B.V. Bouwbedrijf Hoffman Beltrum-Zutphen,BELTRUM,Meester Nelissenstraat 1 a 7156 MA BELTRUM,Meester Nelissenstraat 1 a 7156 MA BELTRUM,0544-481531,//www.bouwbedrijfhoffman.nl,https://www.bouwendnederland.nl/vereniging/lidbedrijf-zoeken?page=38
B.V. Bouwbedrijf J.A. van Niftrik,ROSMALEN,Friezenstraat 2  5249 JS ROSMALEN,Friezenstraat 2  5249 JS ROSMALEN,073-5321428,//www.bouwbedrijfvanniftrik.nl,https://www.bouwendnederland.nl/vereniging/lidbedrijf-zoeken?page=38
B.V. Bouwbedrijf Kooi Appingedam,APPINGEDAM,Postbus 310  9900 AH APPINGEDAM,Kanaalweg 4  9902 AN APPINGEDAM,0596-692692,//www.bouwenmetkooi.nl,https://www.bouwendnederland.nl/vereniging/lidbedrijf-zoeken?page=38
B.V. Bouwbedrijf Zwaagwesteinde B.B.Z.,DE WESTEREEN,Tolwei 22  9271 HM DE WESTEREEN,Tolwei 22  9271 HM DE WESTEREEN,0511-444545,//www.bbzbv.nl,https://www.bouwendnederland.nl/vereniging/lidbedrijf-zoeken?page=38
B.V. Bouwonderneming Zevenaar,WESTERVOORT,De Smidse 2  6931 KJ WESTERVOORT,De Smidse 2  6931 KJ WESTERVOORT,0316-523250,//www.boz-zevenaar.nl,https://www.bouwendnederland.nl/vereniging/lidbedrijf-zoeken?page=38
B.V. Gebr. Thijssen Aannemersbedrijf,BROEKHUIZENVORST,Beerendonckerweg 1 a 5871 CM BROEKHUIZENVORST,Beerendonckerweg 1 a 5871 CM BROEKHUIZENVORST,077-4631701,//www.thijssen-bv.nl,https://www.bouwendnederland.nl/vereniging/lidbedrijf-zoeken?page=38
B.V. Gebr. Thijssen Beheer,BROEKHUIZENVORST,Beerendonckerweg 1 a 5871 CM BROEKHUIZENVORST,Beerendonckerweg 1 a 5871 CM BROEKHUIZENVORST,,,https://www.bouwendnederland.nl/vereniging/lidbedrijf-zoeken?page=38
B.V. Intersell,NAARDEN,Amsterdamsestraatweg 45  1411 AX NAARDEN,Amsterdamsestraatweg 45  1411 AX NAARDEN,088-0443400,//www.bvintersell.nl,https://www.bouwendnederland.nl/vereniging/lidbedrijf-zoeken?page=38
B.V. Katwijkse Bouwmaatschappij KBM,KATWIJK ZH,Postbus 94  2220 AB KATWIJK ZH,Scheepmakerstraat 2  2222 AC KATWIJK ZH,071-4029215,//www.kbm.nl,https://www.bouwendnederland.nl/vereniging/lidbedrijf-zoeken?page=38
B.V. Nederlands Wegenmarkeerbedrijf Oosterwolde,OOSTERWOLDE FR,Postbus 16  8430 AA OOSTERWOLDE FR,Hornleger 9  8431 HL OOSTERWOLDE FR,0516-520993,//www.nederlands-wegenmarkeer.nl,https://www.bouwendnederland.nl/vereniging/lidbedrijf-zoeken?page=38
B.V. R. van Vliet & Rijsdijk,BARENDRECHT,Tielseweg 32  2994 LG BARENDRECHT,Tielseweg 32  2994 LG BARENDRECHT,0180-611169,//www.bvrvanvliet.nl,https://www.bouwendnederland.nl/vereniging/lidbedrijf-zoeken?page=39
B.V. Radix & Veerman,WOERDEN,Oudelandseweg 27  3443 AC WOERDEN,Oudelandseweg 27  3443 AC WOERDEN,0348-412204,//www.radixveerman.nl,https://www.bouwendnederland.nl/vereniging/lidbedrijf-zoeken?page=39
B.V. v/h P. van Egmond en Zn.,RIJNSBURG,Postbus 144  2230 AC RIJNSBURG,De Ruijterstraat 8 -10 2231 RV RIJNSBURG,071-4028950,//www.vanegmondwegenbouw.nl,https://www.bouwendnederland.nl/vereniging/lidbedrijf-zoeken?page=39
B.V. Wegenbouw Gebr. Elzinga,DOKKUM,Hogedijken 19  9101 WV DOKKUM,Hogedijken 19  9101 WV DOKKUM,0519-293095,//www.elzingawegenbouw.nl,https://www.bouwendnederland.nl/vereniging/lidbedrijf-zoeken?page=39
"B.V. Wegenlijnbedrijf ""Markeer"" B.V.",Rotterdam,Soerweg 19  3088 GR ROTTERDAM,Soerweg  19  3088 GR Rotterdam,010-4378177,//www.markeer.nl,https://www.bouwendnederland.nl/vereniging/lidbedrijf-zoeken?page=39
B.V. Zeeuwse Asfalt Onderneming (ZAO),MIDDELBURG,Postbus 8003  4330 EA MIDDELBURG,Kleverskerkseweg 81  4338 PM MIDDELBURG,0118-637800,//www.zaoasfalt.nl,https://www.bouwendnederland.nl/vereniging/lidbedrijf-zoeken?page=39
B2 Restauratie B.V.,VOLENDAM,Postbus 15  1130 AA VOLENDAM,Morseweg 1  1131 PE VOLENDAM,,,https://www.bouwendnederland.nl/vereniging/lidbedrijf-zoeken?page=39
B22 Bouwkundig Teken- & Adviesbureau BV,WORMERVEER,Bonte Kraaiweg 22  1521 RD WORMERVEER,Bonte Kraaiweg 22  1521 RD WORMERVEER,075-6871119,//www.b22.nl,https://www.bouwendnederland.nl/vereniging/lidbedrijf-zoeken?page=39
Baas B.V.,ROTTERDAM,Industrieweg 134  3044 AT ROTTERDAM,Industrieweg 134  3044 AT ROTTERDAM,088-2227400,,https://www.bouwendnederland.nl/vereniging/lidbedrijf-zoeken?page=39
"Baas B.V., Rotterdam",CAPELLE AAN DEN IJSSEL,Postbus 462  2900 AL CAPELLE AAN DEN IJSSEL,Essebaan 71  2908 LJ CAPELLE AAN DEN IJSSEL,0882-227000,//www.baasbv.nl,https://www.bouwendnederland.nl/vereniging/lidbedrijf-zoeken?page=39
"Baas B.V., Vestiging Lijnden",LIJNDEN,Frankfurtstraat 20 24 1175 RH LIJNDEN,Frankfurtstraat 20 24 1175 RH LIJNDEN,020-4057830,,https://www.bouwendnederland.nl/vereniging/lidbedrijf-zoeken?page=39
"Baas B.V.., Vestiging Breda",BREDA,Schapendreef 80  4824 AM BREDA,Schapendreef 80  4824 AM BREDA,0882-227600,,https://www.bouwendnederland.nl/vereniging/lidbedrijf-zoeken?page=39
"Baas Infra Zuid B.V., Vestiging Oud-Gastel",OUD GASTEL,Neon 5  4751 XA OUD GASTEL,Neon 5  4751 XA OUD GASTEL,088-2227960,,https://www.bouwendnederland.nl/vereniging/lidbedrijf-zoeken?page=39
Badhoeve Bouw,BADHOEVEDORP,Postbus 40  1170 AA BADHOEVEDORP,Sloterweg 473 A 1171 VG BADHOEVEDORP,20-6595657,//www.badhoeve.nl,https://www.bouwendnederland.nl/vereniging/lidbedrijf-zoeken?page=39
Baggermaatschappij Boskalis BV,PAPENDRECHT,Postbus 43  3350 AA PAPENDRECHT,Rosmolenweg 20  3356 LK PAPENDRECHT,078-6969000,,https://www.bouwendnederland.nl/vereniging/lidbedrijf-zoeken?page=39
Bajo Bouw & IJzerwerken B.V.,MARIENHEEM,Het Fiester 3  8106 PP MARIENHEEM,Het fiester 3  8106 PP MARIENHEEM,0572-352859,//www.bajo-bouw.nl,https://www.bouwendnederland.nl/vereniging/lidbedrijf-zoeken?page=39
Bakels en Ouwerkerk Bouwservice B.V.,'S-GRAVENHAGE,Postbus 188  2260 AD LEIDSCHENDAM,Rhone 24  2491 AP 'S-GRAVENHAGE,070-3575757,//www.bobgroep.nl,https://www.bouwendnederland.nl/vereniging/lidbedrijf-zoeken?page=39
Baken Bouwbedrijf B.V.,VALKENSWAARD,Dragonder 52  5555 XZ VALKENSWAARD,Dragonder 52  5555 XZ VALKENSWAARD,0402-041545,//www.bouwbedrijfbaken.nl,https://www.bouwendnederland.nl/vereniging/lidbedrijf-zoeken?page=39
Bakker Glas- en onderhoud B.V.,CASTRICUM,Castricummer Werf 65  1901 RV CASTRICUM,Castricummer Werf 65  1901 RV CASTRICUM,0251-657321,//www.glashandelbakker.nl,https://www.bouwendnederland.nl/vereniging/lidbedrijf-zoeken?page=39
Balans Bouwbedrijf B.V.,GELEEN,Hofkamp 24 B 6161 DC GELEEN,Hofkamp 24 B 6161 DC GELEEN,046-8506399,//www.balansbouw.nl,https://www.bouwendnederland.nl/vereniging/lidbedrijf-zoeken?page=39
Balderhaar B.V.,KLOOSTERHAAR,Verlengde Broekdijk 29 A 7694 TD KLOOSTERHAAR,Verlengde Broekdijk 29 A 7694 TD KLOOSTERHAAR,0523-241543,//www.balderhaar.nl,https://www.bouwendnederland.nl/vereniging/lidbedrijf-zoeken?page=40
Ballast Nedam Bouw & Ontwikkeling,NIEUWEGEIN,Postbus 1339  3430 BH NIEUWEGEIN,Ringwade 71  3439 LM NIEUWEGEIN,030-2853333,//www.ballast-nedam.nl,https://www.bouwendnederland.nl/vereniging/lidbedrijf-zoeken?page=40
Ballast Nedam Bouw & Ontwikkeling Holding Nederland B.V.,NIEUWEGEIN,Postbus 1339  3430 BH NIEUWEGEIN,Ringwade 71  3439 LM NIEUWEGEIN,030-2854250,//www.ballast-nedam.nl,https://www.bouwendnederland.nl/vereniging/lidbedrijf-zoeken?page=40
Ballast Nedam Bouw & Ontwikkeling Zuid,EINDHOVEN,Postbus 147  5600 AC EINDHOVEN,Limburglaan 24  5652 AA EINDHOVEN,040-2661266,//www.ballast-nedam.nl,https://www.bouwendnederland.nl/vereniging/lidbedrijf-zoeken?page=40
Ballast Nedam Foundation & Excavation Solutions ( FES ),NIEUWEGEIN,Postbus 1339  3430 BH NIEUWEGEIN,Ringwade 71  3439 LM NIEUWEGEIN,,,https://www.bouwendnederland.nl/vereniging/lidbedrijf-zoeken?page=40
Ballast Nedam Infra BV,NIEUWEGEIN,Ringwade 71  3439 LM NIEUWEGEIN,Ringwade 71  3439 LM NIEUWEGEIN,030-2853045,//www.ballast-nedam.nl,https://www.bouwendnederland.nl/vereniging/lidbedrijf-zoeken?page=40
Ballast Nedam Infra Speciale Projecten B.V.,NIEUWEGEIN,Ringwade 71  3439 LM NIEUWEGEIN,Ringwade 71  3439 LM NIEUWEGEIN,030-2853060,//www.ballast-nedam.nl,https://www.bouwendnederland.nl/vereniging/lidbedrijf-zoeken?page=40
Ballast Nedam Materieel B.V.,ALMERE,Postbus 1562  1300 BN ALMERE,Damsluisweg 61  1332 EB ALMERE,036-5492500,//www.materieel.ballast-nedam.nl,https://www.bouwendnederland.nl/vereniging/lidbedrijf-zoeken?page=40
Ballast Nedam N.V.,NIEUWEGEIN,Postbus 1339  3430 BH NIEUWEGEIN,Ringwade 71  3439 LM NIEUWEGEIN,030-2853333,//www.ballast-nedam.nl,https://www.bouwendnederland.nl/vereniging/lidbedrijf-zoeken?page=40
"Ballast Nedam Zuid, Breda",BREDA,Nijverheidssingel 315  4811 ZW BREDA,Nijverheidssingel 315  4811 ZW BREDA,040-2661266,//http://www.ballast-nedam-zuid.nl/,https://www.bouwendnederland.nl/vereniging/lidbedrijf-zoeken?page=40
Balm B.V.,VIANEN UT,Eendrachtsweg 9  4131 NS VIANEN UT,Eendrachtsweg 9  4131 NS VIANEN UT,0347-374174,//www.balmbv.nl,https://www.bouwendnederland.nl/vereniging/lidbedrijf-zoeken?page=40
Baltus Aannemingsbedrijf B.V.,AMSTERDAM,Zeeburgerdijk 269  1095 AC AMSTERDAM,Zeeburgerdijk 269  1095 AC AMSTERDAM,020-4639699,//www.baltus-aannemer.nl,https://www.bouwendnederland.nl/vereniging/lidbedrijf-zoeken?page=40
Baltus Bouw,UITGEEST,Burgemeester van Roosmalenstraat 7  1911 EZ UITGEEST,Burgemeester van Roosmalenstra 7  1911 EZ UITGEEST,,,https://www.bouwendnederland.nl/vereniging/lidbedrijf-zoeken?page=40
BAM  Energie & Water Noord-Oost bv,NIEUWLEUSEN,Den Hulst 102  7711 GS NIEUWLEUSEN,Den Hulst 102  7711 GS NIEUWLEUSEN,0529-488600,//www.baminfra.nl/energie-water,https://www.bouwendnederland.nl/vereniging/lidbedrijf-zoeken?page=40
BAM Advies & Engineering,BUNNIK,Postbus 54  3980 CB BUNNIK,Runnenburg 12  3981 AZ BUNNIK,030-6598933,//www.bambouwentechniek.nl,https://www.bouwendnederland.nl/vereniging/lidbedrijf-zoeken?page=40
BAM Bouw en Techniek bv,BUNNIK,Runnenburg 13  3981 AZ BUNNIK,Runnenburg 13  3981 AZ BUNNIK,030-2568611,//www.bambouwentechniek.nl,https://www.bouwendnederland.nl/vereniging/lidbedrijf-zoeken?page=40
BAM Bouw en Techniek bv Fire Protection,BUNNIK,Postbus 89  3980 CB BUNNIK,Regulierenring 35  3981 LA BUNNIK,030-2568686,//www.bambouwentechniek.nl,https://www.bouwendnederland.nl/vereniging/lidbedrijf-zoeken?page=40
BAM Bouw en Techniek bv Industrie,ROTTERDAM,Postbus 8766  3009 AT ROTTERDAM,Kralingseweg 241 249 3062 CE ROTTERDAM,010-2897777,//www.bambouwentechniek.nl,https://www.bouwendnederland.nl/vereniging/lidbedrijf-zoeken?page=40
BAM Bouw en Techniek bv Maastricht,MAASTRICHT-AIRPORT,Postbus 1352  6201 BJ MAASTRICHT,Amerikalaan 14  6199 AE MAASTRICHT-AIRPORT,043-3088330,//www.bambouwentechniek.nl,https://www.bouwendnederland.nl/vereniging/lidbedrijf-zoeken?page=40
BAM Bouw en Techniek bv Modulair Ontwikkelen en Bouwen,VEENENDAAL,Klovenier 2  3905 PN VEENENDAAL,Klovenier 2  3905 PN VEENENDAAL,0318-546061,//www.bambouwentechniek.nl,https://www.bouwendnederland.nl/vereniging/lidbedrijf-zoeken?page=40
BAM Bouw en Techniek bv Regio Midden,BUNNIK,Postbus 17  3980 CA BUNNIK,Regulierenring 35  3981 LA BUNNIK,030-2568611,//www.bouwbouwentechniek.nl,https://www.bouwendnederland.nl/vereniging/lidbedrijf-zoeken?page=41
BAM Bouw en Techniek bv Regio Noord,GRONINGEN,Postbus 70008  9704 AA GRONINGEN,Jeverweg 18  9723 JE GRONINGEN,050-5565050,//www.bambouwentechniek.nl,https://www.bouwendnederland.nl/vereniging/lidbedrijf-zoeken?page=41
BAM Bouw en Techniek bv Regio Noordwest,AMSTERDAM ZUIDOOST,Postbus 94595  1090 GN AMSTERDAM,Elsrijkdreef 207  1103 MJ AMSTERDAM ZUIDOOST,020-6600300,//www.bambouwentechniek.nl,https://www.bouwendnederland.nl/vereniging/lidbedrijf-zoeken?page=41
BAM Bouw en Techniek bv Regio Oost,APELDOORN,Postbus 20  3980 CA BUNNIK,Laan van Malkenschoten 60  7333 NP APELDOORN,055-5387600,//www.bambouwentechniek.nl,https://www.bouwendnederland.nl/vereniging/lidbedrijf-zoeken?page=41
BAM Bouw en Techniek bv Regio Zuidwest,ROTTERDAM,Postbus 12196  3004 GD ROTTERDAM,Vareseweg 109  3047 AT ROTTERDAM,010-4368600,//www.bambouwentechniek.nl,https://www.bouwendnederland.nl/vereniging/lidbedrijf-zoeken?page=41
BAM Bouw en Techniek- Integrale Projecten Zuid,EINDHOVEN,Postbus 6081  5600 HB EINDHOVEN,Looyenbeemd 14  5652 BH EINDHOVEN,040-2564300,//www.bambouwentechniek.nl,https://www.bouwendnederland.nl/vereniging/lidbedrijf-zoeken?page=41
BAM Bouw en Vastgoed BV,BUNNIK,Postbus 20  3980 CA BUNNIK,Runnenburg 13  3981 AZ BUNNIK,030-6598181,//www.bam.nl,https://www.bouwendnederland.nl/vereniging/lidbedrijf-zoeken?page=41
BAM Energie & Water B.V. vestiging Ulestraten,ULESTRATEN,Bamfordweg 5  6235 NS ULESTRATEN,Bamfordweg 5  6235 NS ULESTRATEN,046-4572450,//www.baminfra.nl,https://www.bouwendnederland.nl/vereniging/lidbedrijf-zoeken?page=41
BAM Energie & Water bv,NIEUWLEUSEN,Den Hulst 102  7711 GS NIEUWLEUSEN,Den Hulst 102  7711 GS NIEUWLEUSEN,088-7123751,//https://www.bamenergie-en-water.nl/,https://www.bouwendnederland.nl/vereniging/lidbedrijf-zoeken?page=41
BAM Energie & Water West B.V.,ZWAMMERDAM,Postbus 44  2410 AA BODEGRAVEN,Molenstraat 60  2471 AB ZWAMMERDAM,0172-705222,//www.baminfra.nl/energie-water,https://www.bouwendnederland.nl/vereniging/lidbedrijf-zoeken?page=41
BAM Energie & Water Zuid B.V.,'S-HERTOGENBOSCH,Postbus 20  3980 CA BUNNIK,De Steenbok 15  5215 MG 'S-HERTOGENBOSCH,073-6928800,//www.baminfra.nl/energie-water,https://www.bouwendnederland.nl/vereniging/lidbedrijf-zoeken?page=41
BAM FM,BUNNIK,Postbus 54  3980 CB BUNNIK,Runnenburg 12  3981 AZ BUNNIK,030-6598649,//www.bamfm.nl,https://www.bouwendnederland.nl/vereniging/lidbedrijf-zoeken?page=41
BAM Infra Asfalt,CULEMBORG,Postbus 170  4100 AD CULEMBORG,Plantijnweg 32  4104 BB CULEMBORG,0345-547474,//www.baminfra.nl,https://www.bouwendnederland.nl/vereniging/lidbedrijf-zoeken?page=41
BAM Infra Asset Management bv,GOUDA,Postbus 63  2800 AB GOUDA,H.J.Nederhorststraat 1  2801 SC GOUDA,0182-590600,//www.baminfra.nl/asset-management,https://www.bouwendnederland.nl/vereniging/lidbedrijf-zoeken?page=41
BAM Infra bv,GOUDA,H.J.Nederhorststraat 1  2801 SC GOUDA,H.J. Nederhorststraat 1  2801 SC GOUDA,0182-590600,//www.baminfra.nl,https://www.bouwendnederland.nl/vereniging/lidbedrijf-zoeken?page=41
BAM Infra Connect,BUNNIK,Postbus 20  3980 CA BUNNIK,Runnenburg 9  3981 AZ BUNNIK,030-6598988,,https://www.bouwendnederland.nl/vereniging/lidbedrijf-zoeken?page=41
BAM Infra Projecten,GOUDA,Postbus 63  2800 AB GOUDA,H.J.Nederhorststraat 1  2801 SC GOUDA,0182-590600,,https://www.bouwendnederland.nl/vereniging/lidbedrijf-zoeken?page=41
BAM Infra Rail bv,BREDA,Postbus 3172  4800 DD BREDA,Stadionstraat 40  4815 NG BREDA,076-5734300,//www.baminfra.nl/rail,https://www.bouwendnederland.nl/vereniging/lidbedrijf-zoeken?page=41
BAM Infra Regionaal Amsterdam,AMSTERDAM,Postbus 37022  1030 AA AMSTERDAM,Joan Muyskenweg  32 A 1114 AN AMSTERDAM,020-4108543,//www.baminfra.nl,https://www.bouwendnederland.nl/vereniging/lidbedrijf-zoeken?page=41
BAM Infra Regionaal Apeldoorn,APELDOORN,Postbus 700  8000 AS ZWOLLE,Molenmakershoek 3  7328 JK APELDOORN,088-7123750,,https://www.bouwendnederland.nl/vereniging/lidbedrijf-zoeken?page=41
BAM Infra Regionaal Breda,BREDA,Postbus 5633  4801 EA BREDA,Stadionstraat 40  4815 NG BREDA,076-5734800,//www.bam.com,https://www.bouwendnederland.nl/vereniging/lidbedrijf-zoeken?page=42
BAM Infra Regionaal Culemborg,CULEMBORG,Postbus 170  4100 AD CULEMBORG,Plantijnweg 32  4104 BB CULEMBORG,0345-547474,,https://www.bouwendnederland.nl/vereniging/lidbedrijf-zoeken?page=42
BAM Infra Regionaal Den Haag,'S-GRAVENHAGE,Postbus 16125  2500 BC 'S-GRAVENHAGE,Zonweg 33  2516 AK 'S-GRAVENHAGE,070-3714714,//www.baminfra.nl/asfalt-wegen,https://www.bouwendnederland.nl/vereniging/lidbedrijf-zoeken?page=42
BAM Infra Regionaal Drachten,DRACHTEN,Tussendiepen 14  9206 AD DRACHTEN,Tussendiepen 14  9206 AD DRACHTEN,088-7123711,,https://www.bouwendnederland.nl/vereniging/lidbedrijf-zoeken?page=42
BAM Infra Regionaal Gouda,GOUDA,H.J.Nederhorststraat 1  2801 SC GOUDA,H.J.Nederhorststraat 1  2801 SC GOUDA,0182-590600,//www.baminfra.nl,https://www.bouwendnederland.nl/vereniging/lidbedrijf-zoeken?page=42
BAM Infra Regionaal Helmond,HELMOND,Postbus 188  5700 AD HELMOND,Steenovenweg 46  5708 HN HELMOND,0492-590991,//www.baminfra.nl/asfalt-wegen,https://www.bouwendnederland.nl/vereniging/lidbedrijf-zoeken?page=42
BAM Infra Regionaal Nieuwleusen,NIEUWLEUSEN,Postbus 700  8000 AS ZWOLLE,Den Hulst 102  7711 GS NIEUWLEUSEN,088-7123750,//www.baminfra.nl/asfalt-wegen,https://www.bouwendnederland.nl/vereniging/lidbedrijf-zoeken?page=42
BAM Infra Speciale Technieken,GOUDA,Postbus 63  2800 AB GOUDA,H.J.Nederhorststraat 1  2801 SC GOUDA,0182-590600,//www.baminfra.nl,https://www.bouwendnederland.nl/vereniging/lidbedrijf-zoeken?page=42
BAM Infra Telecom B.V.,ZWAMMERDAM,Postbus 2009  2470 AA ZWAMMERDAM,Molenstraat 60  2471 AB ZWAMMERDAM,0172-632121,//www.baminfra.nl/telecom,https://www.bouwendnederland.nl/vereniging/lidbedrijf-zoeken?page=42
BAM Infra Verkeerstechniek bv,CULEMBORG,Postbus 170  4100 AD CULEMBORG,Plantijnweg 32  4104 BB CULEMBORG,0345-547474,//www.baminfra.nl/verkeerstechniek,https://www.bouwendnederland.nl/vereniging/lidbedrijf-zoeken?page=42
BAM Infraconsult bv,GOUDA,Postbus 268  2800 AG GOUDA,H.J. Nederhorststraat 1  2801 SC GOUDA,0182-590510,//www.baminfra.nl/infraconsult,https://www.bouwendnederland.nl/vereniging/lidbedrijf-zoeken?page=42
BAM International bv,GOUDA,Postbus 3145  2800 CE GOUDA,H.J.Nederhorststraat 1 verdieping 1 en 2 2801 SC GOUDA,088-7123500,//www.baminternational.nl,https://www.bouwendnederland.nl/vereniging/lidbedrijf-zoeken?page=42
BAM Materieel B.V.,KESTEREN,Postbus 189  8200 AD LELYSTAD,Hogeveldseweg 2  4041 CP KESTEREN,0320-225555,//www.bammaterieel.nl,https://www.bouwendnederland.nl/vereniging/lidbedrijf-zoeken?page=42
BAM Materieel B.V.,LELYSTAD,Postbus 189  8200 AD LELYSTAD,De Serpeling 120  8219 PZ LELYSTAD,0320-225555,//www.bammaterieel.nl,https://www.bouwendnederland.nl/vereniging/lidbedrijf-zoeken?page=42
BAM PPP Nederland bv,BUNNIK,Postbus 20  3980 CA BUNNIK,Runnenburg 9  3981 AZ BUNNIK,030-6598900,,https://www.bouwendnederland.nl/vereniging/lidbedrijf-zoeken?page=42
BAM Wonen,BUNNIK,Postbus 114  3980 CC BUNNIK,Runnenburg 19  3981 AZ BUNNIK,030-6598944,//www.bamwonen.nl,https://www.bouwendnederland.nl/vereniging/lidbedrijf-zoeken?page=42
BAM Wonen Bouwen op Maat,EINDHOVEN,Postbus 6081  5600 HB EINDHOVEN,Looyenbeemd 14  5652 BH EINDHOVEN,0495-579100,//www.bamwoningbouw.nl,https://www.bouwendnederland.nl/vereniging/lidbedrijf-zoeken?page=42
BAM Wonen Nieuwbouw Concepten,AMSTERDAM ZUIDOOST,Postbus 12890  1100 AW AMSTERDAM ZUIDOOST,Elsrijkdreef 207  1103 MJ AMSTERDAM ZUIDOOST,020-5694694,//www.bamwonen.nl,https://www.bouwendnederland.nl/vereniging/lidbedrijf-zoeken?page=42
BAM Wonen Noordwest,AMSTERDAM ZUIDOOST,Postbus 12890  1100 AW AMSTERDAM ZUIDOOST,Elsrijkdreef 207  1103 MJ AMSTERDAM ZUIDOOST,020-5694694,//www.bamwoningbouw.nl,https://www.bouwendnederland.nl/vereniging/lidbedrijf-zoeken?page=42
BAM Wonen Utrecht & Noordoost,NIEUWEGEIN,Postbus 25  3430 AA NIEUWEGEIN,Marconibaan 2  3439 MS NIEUWEGEIN,030-6305530,//www.bamwonen.nl,https://www.bouwendnederland.nl/vereniging/lidbedrijf-zoeken?page=42
BAM Wonen Zuid-West bv,ROTTERDAM,Postbus 8912  3009 AX ROTTERDAM,Vareseweg 109  3047 AT ROTTERDAM,010-4368600,//www.bamwoningbouw.nl,https://www.bouwendnederland.nl/vereniging/lidbedrijf-zoeken?page=43
BanBouw B.V.,NUENEN,Postbus 367  5670 AJ NUENEN,Collseweg 23  5674 TR NUENEN,040-2831905,//www.banbouw.nl,https://www.bouwendnederland.nl/vereniging/lidbedrijf-zoeken?page=43
Barendregt en De Bruijn B.V.,VLAARDINGEN,Callenburgstraat 55  3134 GB VLAARDINGEN,Callenburgstraat 55  3134 GB VLAARDINGEN,010-4341389,//www.barendregtendebruijn.nl,https://www.bouwendnederland.nl/vereniging/lidbedrijf-zoeken?page=43
Bargeman Vorden B.V.,VORDEN,Bedrijvenweg 1  7251 KX VORDEN,Bedrijvenweg 1  7251 KX VORDEN,0575-551258,//www.bargemanvorden.nl,https://www.bouwendnederland.nl/vereniging/lidbedrijf-zoeken?page=43
Baris Bouw International B.V.,AMSTERDAM,Hagenau 29  1025 CS AMSTERDAM,Hagenau 29  1025 CS AMSTERDAM,,,https://www.bouwendnederland.nl/vereniging/lidbedrijf-zoeken?page=43
Barkon B.V.,WESTERHOVEN,Braambos 18 a 5563 AB WESTERHOVEN,Braambos 18 a 5563 AB WESTERHOVEN,040-2048173,//www.barkon.nl,https://www.bouwendnederland.nl/vereniging/lidbedrijf-zoeken?page=43
Barneveld Bouw en onderhoud,NAARDEN,Gooimeer 1  1411 DC NAARDEN,Gooimeer 1  1411 DC NAARDEN,035-2063001,//www.barneveldbouw.nl,https://www.bouwendnederland.nl/vereniging/lidbedrijf-zoeken?page=43
BAS Bouw B.V.,MAASTRICHT-AIRPORT,Afrikalaan 2  6199 AH MAASTRICHT-AIRPORT,Afrikalaan 2  6199 AH MAASTRICHT-AIRPORT,043-3655677,//www.basbouw.com,https://www.bouwendnederland.nl/vereniging/lidbedrijf-zoeken?page=43
Basis Funderingstechniek B.V.,WORMERVEER,Industrieweg 49  1521 NE WORMERVEER,Industrieweg 49  1521 NE WORMERVEER,075-7200207,//www.basis-funderingstechniek.nl,https://www.bouwendnederland.nl/vereniging/lidbedrijf-zoeken?page=43
Batec B.V.,VELDDRIEL,Postbus 3080  5203 DB 'S-HERTOGENBOSCH,De Geerden 5  5334 LE VELDDRIEL,0418-635698,//www.batec.nl,https://www.bouwendnederland.nl/vereniging/lidbedrijf-zoeken?page=43
Baten Groep B.V.,GELDROP,Spaarpot 21  5667 KV GELDROP,Spaarpot 21  5667 KV GELDROP,040-2856039,//www.batenbouw.nl,https://www.bouwendnederland.nl/vereniging/lidbedrijf-zoeken?page=43
Batenburg Ruiter Bouwbedrijf B.V.,AMERSFOORT,Havenweg 14 -16 3812 PR AMERSFOORT,Havenweg 14 -16 3812 PR AMERSFOORT,033-4630191,,https://www.bouwendnederland.nl/vereniging/lidbedrijf-zoeken?page=43
Bau Equipe B.V.,UTRECHT,Nicolaas Ruychaverstraat 91  3554 XP UTRECHT,Nicolaas Ruychaverstraat 91  3554 XP UTRECHT,,,https://www.bouwendnederland.nl/vereniging/lidbedrijf-zoeken?page=43
BB Havermans B.V.,Wernhout,Beekzicht 2  4884 CA WERNHOUT,Beekzicht 2  4884 CA Wernhout,076-5976318,//https://www.bbhavermans.nl/,https://www.bouwendnederland.nl/vereniging/lidbedrijf-zoeken?page=43
BBG Vastgoed B.V.,OLDEBROEK,Zuiderzeestraatweg 303  8096 BL OLDEBROEK,Zuiderzeestraatweg 303  8096 BL OLDEBROEK,0525-659120,,https://www.bouwendnederland.nl/vereniging/lidbedrijf-zoeken?page=43
BBS B.V.,GENDT,Julianaplein 7 a 6691 BB GENDT,Biezenkamp 14  6691 EJ GENDT,0481-799076,//www.bastenbouwservice.nl,https://www.bouwendnederland.nl/vereniging/lidbedrijf-zoeken?page=43
BBSW Bouwbedrijf en Schilderwerken B.V.,WERKENDAM,Middenweg 14  3401 MB IJSSELSTEIN UT,Beyerinckweg 17 k 4251 LP WERKENDAM,030-2411301,//www.bbsw.nl,https://www.bouwendnederland.nl/vereniging/lidbedrijf-zoeken?page=43
BC Bouw B.V.,SPRUNDEL,Struikhei 33  4714 VC SPRUNDEL,Kerkeheidestraat 10  4714 RC SPRUNDEL,0165-383533,//www.bcbouw.nl,https://www.bouwendnederland.nl/vereniging/lidbedrijf-zoeken?page=43
BD Nieuwbouw B.V.,AMSTERDAM,Krijn Taconiskade 410  1087 HW AMSTERDAM,Krijn Taconiskade 410  1087 HW AMSTERDAM,020-2443226,//www.bdnieuwbouw.nl,https://www.bouwendnederland.nl/vereniging/lidbedrijf-zoeken?page=43
BDS Schilders B.V.,KATWIJK ZH,Postbus 85  2220 AB KATWIJK ZH,Blokmakerstraat  7  2222 AD KATWIJK ZH,071-3610080,//www.schildersbedrijf-bds.nl,https://www.bouwendnederland.nl/vereniging/lidbedrijf-zoeken?page=43
Bébouw Midreth BV,MIJDRECHT,Groot Mijdrechtstraat 11  3641 RV MIJDRECHT,Groot Mijdrechtstraat 11  3641 RV MIJDRECHT,0297-760100,//www.bebouw.nl,https://www.bouwendnederland.nl/vereniging/lidbedrijf-zoeken?page=44
Beca Bouw B.V.,ARNHEM,Blankenweg 39 a 6827 BW ARNHEM,Blankenweg 39 a 6827 BW ARNHEM,06-18142145,//www.becabouw.nl,https://www.bouwendnederland.nl/vereniging/lidbedrijf-zoeken?page=44
Beco Bouw,TIEL,Morsestraat 13  4004 JP TIEL,Morsestraat 13  4004 JP TIEL,0344-633937,//www.becobouw.nl,https://www.bouwendnederland.nl/vereniging/lidbedrijf-zoeken?page=44
Becono Beheer B.V.,DRACHTEN,De Fok 14  9206 BD DRACHTEN,De Fok 14  9206 BD DRACHTEN,0512-544000,,https://www.bouwendnederland.nl/vereniging/lidbedrijf-zoeken?page=44
Becono Betonverharding,DRACHTEN,De Fok 14  9206 BD DRACHTEN,De Fok 14  9206 BD DRACHTEN,0512-544000,//www.becono.nl,https://www.bouwendnederland.nl/vereniging/lidbedrijf-zoeken?page=44
Bedi Vochttechniek B.V.,SCHIMMERT,De Steeg 24  6333 AP SCHIMMERT,De Steeg 24  6333 AP SCHIMMERT,045-5241063,//www.bedi.nl,https://www.bouwendnederland.nl/vereniging/lidbedrijf-zoeken?page=44
Bedrijfsbouw Partners,Bergambacht,Smederijstraat 27  2861 GP BERGAMBACHT,Smederijstraat  27  2861 GP Bergambacht,085-2221334,//www.bedrijfsbouwpartners.nl,https://www.bouwendnederland.nl/vereniging/lidbedrijf-zoeken?page=44
Beek Bouwmeesters B.V.,ROSMALEN,Slagkampweg 2  5247 NH ROSMALEN,Slagkampweg 2  5247 NH ROSMALEN,073-8889990,//www.beekbouwmeesters.nl,https://www.bouwendnederland.nl/vereniging/lidbedrijf-zoeken?page=44
Beekbouw BV,HAASTRECHT,Steinsedijk 47  2851 LC HAASTRECHT,Steinsedijk 47  2851 LC HAASTRECHT,0182-509395,//www.beekbouw.nl,https://www.bouwendnederland.nl/vereniging/lidbedrijf-zoeken?page=44
Beeke Bouw,WEMELDINGE,Choorhoekseweg 2  4424 NW WEMELDINGE,Choorhoekseweg 2  4424 NW WEMELDINGE,0113-405014,//www.beekebouw.nl,https://www.bouwendnederland.nl/vereniging/lidbedrijf-zoeken?page=44
Beemer Glas B.V.,AMSTERDAM,ms. van Riemsdijkweg 1  1033 RC AMSTERDAM,ms. van Riemsdijkweg 1  1033 RC AMSTERDAM,020-6335055,//www.beemerglas.com,https://www.bouwendnederland.nl/vereniging/lidbedrijf-zoeken?page=44
"Beemsterboer Boringen, Bemalingen en Sonderingen BV",MIDDENMEER,Agriport 157  1775 TA MIDDENMEER,Agriport 157  1775 TA MIDDENMEER,0226-351860,//www.beemsterboerbv.com,https://www.bouwendnederland.nl/vereniging/lidbedrijf-zoeken?page=44
Beemsterbouwers B.V.,ZUIDOOSTBEEMSTER,Purmerenderweg 29  1461 DB ZUIDOOSTBEEMSTER,Purmerenderweg 29  1461 DB ZUIDOOSTBEEMSTER,0299-683789,//www.beemsterbouwers.nl,https://www.bouwendnederland.nl/vereniging/lidbedrijf-zoeken?page=44
Beens Dredging,SCHAGEN,Postbus 6  8280 AA GENEMUIDEN,Harmenkaag 7  1741 LA SCHAGEN,038-3855585,//www.beensdrededging.nl,https://www.bouwendnederland.nl/vereniging/lidbedrijf-zoeken?page=44
Beens Groep B.V.,GENEMUIDEN,Postbus 6  8280 AA GENEMUIDEN,Nylonstraat 16  8281 JX GENEMUIDEN,038-3855585,//www.beensgroep.nl,https://www.bouwendnederland.nl/vereniging/lidbedrijf-zoeken?page=44
Beens Heiwerken,GENEMUIDEN,Postbus 153  8280 AD GENEMUIDEN,Nylonstraat 16  8281 JX GENEMUIDEN,038-3857930,//www.beensheiwerken.nl,https://www.bouwendnederland.nl/vereniging/lidbedrijf-zoeken?page=44
Beheermaatschappij A.J. Ter Steege B.V.,RIJSSEN,Postbus 218  7460 AE RIJSSEN,Reggesingel 32  7461 AK RIJSSEN,0548-530000,//www.steege.nl,https://www.bouwendnederland.nl/vereniging/lidbedrijf-zoeken?page=44
Beheermaatschappij A.R.J. Martinus B.V.,HELLEVOETSLUIS,Christiaan Huygensweg 31  3225 LD HELLEVOETSLUIS,Christiaan Huygensweg 31  3225 LD HELLEVOETSLUIS,0181-331050,,https://www.bouwendnederland.nl/vereniging/lidbedrijf-zoeken?page=44
Beheermaatschappij Dassen B.V.,LANDGRAAF,Rukkenerweg 5  6373 HL LANDGRAAF,Rukkenerweg 5  6373 HL LANDGRAAF,,,https://www.bouwendnederland.nl/vereniging/lidbedrijf-zoeken?page=44
Beheermaatschappij S.B.B. B.V.,WESTERVOORT,De Smidse 2  6931 KJ WESTERVOORT,De Smidse 2  6931 KJ WESTERVOORT,026-3646271,,https://www.bouwendnederland.nl/vereniging/lidbedrijf-zoeken?page=44
Beheermaatschappij Van Heur Baexem B.V.,BAEXEM,Sint Antoniusstraat 8 -8A 6095 AK BAEXEM,Sint Antoniusstraat 8 -8A 6095 AK BAEXEM,0475-452424,//www.vanheurbaexem.nl,https://www.bouwendnederland.nl/vereniging/lidbedrijf-zoeken?page=45
Beheersmaatschappij Gebr. van Doorn Geldermalsen,GELDERMALSEN,Postbus 61  4190 CB GELDERMALSEN,Laageinde 15 a 4191 NR GELDERMALSEN,0345-571141,//www.vandoorngeldermalsen.nl,https://www.bouwendnederland.nl/vereniging/lidbedrijf-zoeken?page=45
Beijers Bouw Meijel B.V.,MEIJEL,Bosrand 22  5768 RZ MEIJEL,Bosrand 22  5768 RZ MEIJEL,077-4662682,//www.beijersbouw.nl,https://www.bouwendnederland.nl/vereniging/lidbedrijf-zoeken?page=45
BELD B.V.,GIETEN,Steenkamp 1  9461 VC GIETEN,Steenkamp 1  9461 VC GIETEN,0592-262389,//www.vitruviusbouw.nl,https://www.bouwendnederland.nl/vereniging/lidbedrijf-zoeken?page=45
Bellaart Bouw B.V.,HAARLEM,Mollerusweg 22  2031 BZ HAARLEM,Mollerusweg 22  2031 BZ HAARLEM,023-5769436,//www.bellaartbouw.nl,https://www.bouwendnederland.nl/vereniging/lidbedrijf-zoeken?page=45
Ben van der Meijden Beheer B.V.,VEENENDAAL,Middelbuurtseweg 31 a 3903 LB VEENENDAAL,Middelbuurtseweg 31 a 3903 LB VEENENDAAL,0318-514284,//www.benvandermeijden.nl,https://www.bouwendnederland.nl/vereniging/lidbedrijf-zoeken?page=45
BenDuSol,BLOKKER,Bangert 62  1695 CN BLOKKER,Bangert 62  1695 CN BLOKKER,,,https://www.bouwendnederland.nl/vereniging/lidbedrijf-zoeken?page=45
Benecke Aannemingsmij B.V.,ZAANDAM,Noorder IJ- en Zeedijk 102  1505 HT ZAANDAM,Noorder IJ- en Zeedijk 102  1505 HT ZAANDAM,075-6148503,//www.wabenecke.nl,https://www.bouwendnederland.nl/vereniging/lidbedrijf-zoeken?page=45
Benn Bouw B.V.,HOUTEN,Vrijewade 40 -9 3439 PB NIEUWEGEIN,Pakketboot 13 GG 3991 CH HOUTEN,030-2270398,//www.bennbouw.nl,https://www.bouwendnederland.nl/vereniging/lidbedrijf-zoeken?page=45
Benning Bouw B.V.,ECHTEN DR,Zegeringen 8  7932 PL ECHTEN DR,Zegeringen 8  7932 PL ECHTEN DR,0528-251288,,https://www.bouwendnederland.nl/vereniging/lidbedrijf-zoeken?page=45
Bergbouw Capelle,CAPELLE AAN DEN IJSSEL,Capelseweg 104  2907 XC CAPELLE AAN DEN IJSSEL,Capelseweg 104  2907 XC CAPELLE AAN DEN IJSSEL,010-4506404,,https://www.bouwendnederland.nl/vereniging/lidbedrijf-zoeken?page=45
Bergh Bouw BV,BERGEN OP ZOOM,Witteveenweg 2  4612 RA BERGEN OP ZOOM,Witteveenweg 2  4612 RA BERGEN OP ZOOM,0164-251240,//www.berghbouw.nl,https://www.bouwendnederland.nl/vereniging/lidbedrijf-zoeken?page=45
Bergh Bouwsystemen B.V.,BERGEN OP ZOOM,Postbus 303  4600 AH BERGEN OP ZOOM,Witteveenweg 2  4612 RA BERGEN OP ZOOM,0164-212346,//www.berghbouwsystemen.nl,https://www.bouwendnederland.nl/vereniging/lidbedrijf-zoeken?page=45
Bergh Brandveiligheid B.V.,OUD GASTEL,Blauwhekken 11  4751 XD OUD GASTEL,Blauwhekken 11  4751 XD OUD GASTEL,0165-515555,//www.berghbrandscheidingen.nl,https://www.bouwendnederland.nl/vereniging/lidbedrijf-zoeken?page=45
Berghege Bouwservice B.V.,OSS,Begijnenstraat 46  5341 BD OSS,Begijnenstraat 3  5341 BD OSS,0412-633977,//www.berghege.nl,https://www.bouwendnederland.nl/vereniging/lidbedrijf-zoeken?page=45
Berghege Heerkens Bouwgroep B.V.,TILBURG,Postbus 10  5000 AA TILBURG,Prof Cobbenhagenlaan 95  5037 DB TILBURG,013-4666980,//www.berghegeheerkens.nl,https://www.bouwendnederland.nl/vereniging/lidbedrijf-zoeken?page=45
Berghege Heerkens Materieel B.V.,TILBURG,Postbus 35  5000 AA TILBURG,Swaardvenstraat 6  5048 AV TILBURG,013-5820370,//www.hvb.nl,https://www.bouwendnederland.nl/vereniging/lidbedrijf-zoeken?page=45
Berkglas B.V.,ETTEN-LEUR,Leerlooierstraat 20  4871 EN ETTEN-LEUR,Leerlooierstraat 20  4871 EN ETTEN-LEUR,076-5038209,//www.berkglas.nl,https://www.bouwendnederland.nl/vereniging/lidbedrijf-zoeken?page=45
Bert Oostenbruggen Aannemersbedrijf,MAARSSEN,Wilhelminaweg 3  3603 CR MAARSSEN,Wilhelminaweg 3  3603 CR MAARSSEN,030-2368843,//www.oostenbruggen.nl,https://www.bouwendnederland.nl/vereniging/lidbedrijf-zoeken?page=45
Bescon Bestrijdingstechnieken B.V.,RODEN,Produktieweg 8  9301 ZS RODEN,Produktieweg 8  9301 ZS RODEN,0800-2580000,//www.bescon.nl,https://www.bouwendnederland.nl/vereniging/lidbedrijf-zoeken?page=45
Bescon Vochtbestrijding B.V.,RODEN,Produktieweg 8  9301 ZS RODEN,Produktieweg 8  9301 ZS RODEN,,,https://www.bouwendnederland.nl/vereniging/lidbedrijf-zoeken?page=46
BESIX Infra Nederland B.V.,HERTEN,Postbus 1080  6040 KB ROERMOND,Oude Trambaan 29  6049 GT HERTEN,0475-777800,//www.besixinfranederland.nl/,https://www.bouwendnederland.nl/vereniging/lidbedrijf-zoeken?page=46
Besix Nederland B.V.,DORDRECHT,Postbus 3018  3301 DA DORDRECHT,Laan van Europa 900  3317 DB DORDRECHT,078-2062300,//www.besix.nl,https://www.bouwendnederland.nl/vereniging/lidbedrijf-zoeken?page=46
Bessels Bouw BV,WILP GLD,Enkweg 5 A 7384 CP WILP GLD,Enkweg 5 A 7384 CP WILP GLD,0571-261439,//www.besselsbouw.nl,https://www.bouwendnederland.nl/vereniging/lidbedrijf-zoeken?page=46
Bestbouw Haastrecht,HAASTRECHT,Blekerstraat 2  2851 BL HAASTRECHT,Blekerstraat 2  2851 BL HAASTRECHT,0182-502522,//www.bestbouw.nl,https://www.bouwendnederland.nl/vereniging/lidbedrijf-zoeken?page=46
Bestman Infra B.V.,STAD AAN 'T HARINGVLIET,Molendijk 60 a 3243 AM STAD AAN 'T HARINGVLIET,Molendijk 60 a 3243 AM STAD AAN 'T HARINGVLIET,0187-669665,//www.bestmaninfra.nl,https://www.bouwendnederland.nl/vereniging/lidbedrijf-zoeken?page=46
Bestratingsbedrijf G. van Gelder/Fijn BV,HATTEMERBROEK,Voskuilerdijk 2 A 8094 PW HATTEMERBROEK,Voskuilerdijk 2 A 8094 PW HATTEMERBROEK,038-3764068,//www.vangelder-fijn.nl,https://www.bouwendnederland.nl/vereniging/lidbedrijf-zoeken?page=46
Bestratingsbedrijf Kranendonk VOF,ZWIJNDRECHT,Lievershil 9  3332 RH ZWIJNDRECHT,Lievershil 9  3332 RH ZWIJNDRECHT,078-6121832,//www.kranendonkvof.nl,https://www.bouwendnederland.nl/vereniging/lidbedrijf-zoeken?page=46
Bestratingsbedrijf Van Veenschoten B.V.,HILVERSUM,Nieuwe Havenweg 12  1216 BN HILVERSUM,Nieuwe Havenweg 12  1216 BN HILVERSUM,035-6235220,//www.veenschotenwegenbouw.nl,https://www.bouwendnederland.nl/vereniging/lidbedrijf-zoeken?page=46
Beton isolatie Bouw B.V.,OOSTERHOUT NB,Krombraak 6  4906 CR OOSTERHOUT NB,Krombraak 6  4906 CR OOSTERHOUT NB,6-19189073,//www.betonisolatiebouw.nl,https://www.bouwendnederland.nl/vereniging/lidbedrijf-zoeken?page=46
Beton- en aannemersbedrijf Veenstra B.V.,JISTRUM,Joost Wiersmaweg 5  9258 CC JISTRUM,Joost Wiersmaweg 5  9258 CC JISTRUM,0512-471225,//www.veenstrabv.nl,https://www.bouwendnederland.nl/vereniging/lidbedrijf-zoeken?page=46
Beton- en Vlechtbedrijf Hadek B.V.,BREUKELEN UT,Broekdijk West 28  3621 LV BREUKELEN UT,Broekdijk West 28  3621 LV BREUKELEN UT,0346-241287,//www.hadek.nl,https://www.bouwendnederland.nl/vereniging/lidbedrijf-zoeken?page=46
Betonbedrijf Renes B.V.,STOLWIJK,Koolwijkseweg 5  2821 NS STOLWIJK,Koolwijkseweg 5  2821 NS STOLWIJK,0182-342058,//www.melsrenes-betonvloeren.nl,https://www.bouwendnederland.nl/vereniging/lidbedrijf-zoeken?page=46
Betonboor-& Zaagbedrijf Tempelman B.V.,MARKELO,Noordachtereschweg 10  7475 BL MARKELO,Noordachtereschweg 10  7475 BL MARKELO,0547-362425,//www.tempelman.nl,https://www.bouwendnederland.nl/vereniging/lidbedrijf-zoeken?page=46
Betonboringen Zuid Nederland,ETTEN-LEUR,Schellingstraat 23  4879 NK ETTEN-LEUR,Schellingstraat 23  4879 NK ETTEN-LEUR,076-5016404,//www.betonboringenzuidned.nl,https://www.bouwendnederland.nl/vereniging/lidbedrijf-zoeken?page=46
Betonbouw K. Stolk B.V.,IJMUIDEN,Rondehoep West 48  1191 KL OUDERKERK AAN DE AMSTEL,Industriestraat 52  1976 CV IJMUIDEN,0255-520746,//www.betonbouwstolk.nl,https://www.bouwendnederland.nl/vereniging/lidbedrijf-zoeken?page=46
Betonhoeve Holding B.V.,AMSTERDAM,Postbus 37715  1030 BG AMSTERDAM,Kropaarstraat 1 F 1032 LA AMSTERDAM,020-6362028,//www.betonhoeve.nl,https://www.bouwendnederland.nl/vereniging/lidbedrijf-zoeken?page=46
Betonstaalvlechtwerken Gebroeders Van Hemert,LEIDERDORP,Bedrijvenweg 14  2351 BC LEIDERDORP,Bedrijvenweg 14  2351 BC LEIDERDORP,071-5411787,//www.gebrvanhemert.nl,https://www.bouwendnederland.nl/vereniging/lidbedrijf-zoeken?page=46
Betsema Groep B.V.,LELYSTAD,Postbus 65  8560 AB BALK,De Serpeling 9  8219 PZ LELYSTAD,0514-603900,//www.betsemagroep.nl,https://www.bouwendnederland.nl/vereniging/lidbedrijf-zoeken?page=46
Betucom Bouw,BEESD,Marienwaerdt St Jansstg 2  4153 RW BEESD,Marienwaerdt St Jansstg 2  4153 RW BEESD,0345-572832,//www.betucom.nl,https://www.bouwendnederland.nl/vereniging/lidbedrijf-zoeken?page=46
Betuwe Funderingen B.V.,OPHEUSDEN,Postbus 37  4040 DA KESTEREN,Tolsestraat 14  4043 KB OPHEUSDEN,0488-480022,//www.betuwe-funderingen.nl,https://www.bouwendnederland.nl/vereniging/lidbedrijf-zoeken?page=47
Beugel Infrastructuur,BEILEN,De Musels 2 a 9411 VN BEILEN,De Musels 2 a 9411 VN BEILEN,0593-522578,//www.beugel-beilen.nl,https://www.bouwendnederland.nl/vereniging/lidbedrijf-zoeken?page=47
Bevanos B.V.,UTRECHT,Techniekweg 10  3542 DS UTRECHT,Techniekweg 10  3542 DS UTRECHT,030-2412414,//www.bevanos.nl,https://www.bouwendnederland.nl/vereniging/lidbedrijf-zoeken?page=47
Bevanos Vastgoedonderhoud B.V.,UTRECHT,Techniekweg 10  3542 DS UTRECHT,Techniekweg 10  3542 DS UTRECHT,030-2412414,//www.bevanos.nl,https://www.bouwendnederland.nl/vereniging/lidbedrijf-zoeken?page=47
Bezemer Bouw B.V.,BERGAMBACHT,Ambachtstraat 22  2861 EX BERGAMBACHT,Ambachtstraat 22  2861 EX BERGAMBACHT,0182-351356,//www.bezemerbouw.nl,https://www.bouwendnederland.nl/vereniging/lidbedrijf-zoeken?page=47
BG Bouw B.V.,LEERDAM,Novy Borstraat 24  4143 JD LEERDAM,Novy Borstraat BGBOUWBV 24 4143 JD LEERDAM,0345-631651,//www.bgbouw.com,https://www.bouwendnederland.nl/vereniging/lidbedrijf-zoeken?page=47
BGM B.V.,HELMOND,Varenschut 3  5705 DK HELMOND,Varenschut 3  5705 DK HELMOND,0492-534880,//www.bgmdeuren.nl,https://www.bouwendnederland.nl/vereniging/lidbedrijf-zoeken?page=47
Bibo Allround Bouw B.V.,Oosthuizen,Westerkoogstraat 51  1474 MK OOSTHUIZEN,Westerkoogstraat 51 Bibo Allround Bouw B.V. 1474 MK Oosthuizen,4036-29,//www.biboallroundbouw.nl,https://www.bouwendnederland.nl/vereniging/lidbedrijf-zoeken?page=47
Biesheuvel & de Bruin Timmerwerken B.V.,HARDINXVELD-GIESSENDAM,Drijverschuit 46  3372 VA HARDINXVELD-GIESSENDAM,Griendaak 10  3371 KH HARDINXVELD-GIESSENDAM,0184-230026,//www.biesheuvelendebruin.nl,https://www.bouwendnederland.nl/vereniging/lidbedrijf-zoeken?page=47
Biggelaar Groep B.V.,VELDDRIEL,Postbus 18  5330 AA KERKDRIEL,Oude Weistraat 17  5334 LK VELDDRIEL,0418-636000,//www.vandenbiggelaar.nl,https://www.bouwendnederland.nl/vereniging/lidbedrijf-zoeken?page=47
Bijland Bouw B.V.,STIENS,Truerderdyk 7 c 9051 JB STIENS,Truerderdyk 7 c 9051 JB STIENS,058-2571608,//www.bijlandbouw.nl,https://www.bouwendnederland.nl/vereniging/lidbedrijf-zoeken?page=47
Bijpost Bestratingen B.V.,DEN HELDER,Postbus 296  1780 AG DEN HELDER,Burg Ritmeesterweg 23 M 1784 NV DEN HELDER,0223-624612,//www.bijpostbestrating.nl,https://www.bouwendnederland.nl/vereniging/lidbedrijf-zoeken?page=47
Bijster Kozijntechniek B.V.,HILLEGOM,Satellietbaan 12 D 2181 MH HILLEGOM,Satellietbaan 12 D 2181 MH HILLEGOM,0252-534772,//www.selectwindowsbijster.nl,https://www.bouwendnederland.nl/vereniging/lidbedrijf-zoeken?page=47
BIK Bouw B.V.,BARENDRECHT,Oosteinde 11 r 2991 LG BARENDRECHT,Oosteinde 11 r 2991 LG BARENDRECHT,0180-726946,//www.bikbouw.nl,https://www.bouwendnederland.nl/vereniging/lidbedrijf-zoeken?page=47
BINX Holding B.V.,GROENLO,Bolwerk 2  7141 JM GROENLO,Bolwerk 2  7141 JM GROENLO,085-5363000,//www.bi-smart.nl,https://www.bouwendnederland.nl/vereniging/lidbedrijf-zoeken?page=47
BINX Smartility B.V.,GROENLO,Bolwerk 2  7141 JM GROENLO,Bolwerk 2  7141 JM GROENLO,085-5363000,//www.bi-smart.nl,https://www.bouwendnederland.nl/vereniging/lidbedrijf-zoeken?page=47
BINX Smartility West B.V.,ROTTERDAM,Van Nelleweg 1  3044 BC ROTTERDAM,Van Nelleweg 1  3044 BC ROTTERDAM,085-0825500,//www.bi-smart.nl,https://www.bouwendnederland.nl/vereniging/lidbedrijf-zoeken?page=47
BJ-Bouw,LEUSDEN,Petri Markensteinstraat 15  3832 LK LEUSDEN,Petri Markensteinstraat 15  3832 LK LEUSDEN,033-2587851,//www.bjbouw.nl,https://www.bouwendnederland.nl/vereniging/lidbedrijf-zoeken?page=47
BJW projecten B.V.,MOERGESTEL,De Sonman 10  5066 GJ MOERGESTEL,De Sonman 10  5066 GJ MOERGESTEL,013-5043170,,https://www.bouwendnederland.nl/vereniging/lidbedrijf-zoeken?page=47
BKB Bouw v.o.f.,VOLENDAM,Damcoogh 131  1132 EC VOLENDAM,Damcoogh 131  1132 EC VOLENDAM,,,https://www.bouwendnederland.nl/vereniging/lidbedrijf-zoeken?page=47
BLM Wegenbouw B.V.,WESSEM,Postbus 3616  6019 ZG WESSEM,Waage Naak 4  6019 AA WESSEM,0475-567777,//www.blmwegenbouw.nl,https://www.bouwendnederland.nl/vereniging/lidbedrijf-zoeken?page=48
BLM Wegenbouw B.V.,HELMOND,Postbus 958  5700 AZ HELMOND,Kanaaldijk Z.W. 9 A 5706 LD HELMOND,0475-567777,//www.blmwegenbouw.nl,https://www.bouwendnederland.nl/vereniging/lidbedrijf-zoeken?page=48
Bloem Infra B.V.,HEEL,Postbus 5049  6097 ZG HEEL,St. Antoniusstraat 10  6097 ND HEEL,0475-572140,//www.bctbv.nl,https://www.bouwendnederland.nl/vereniging/lidbedrijf-zoeken?page=48
Bloemendal Bouw B.V.,LEUSDEN,Bedrijfsweg 11  3831 KE LEUSDEN,Bedrijfsweg 11  3831 KE LEUSDEN,033-4941396,//www.bloemendalbouw.nl,https://www.bouwendnederland.nl/vereniging/lidbedrijf-zoeken?page=48
Blom Glasservice B.V.,'S-GRAVENHAGE,Zinkwerf 55  2544 EC 'S-GRAVENHAGE,Zinkwerf 55  2544 EC 'S-GRAVENHAGE,070-3912675,//www.blomglasservice.nl,https://www.bouwendnederland.nl/vereniging/lidbedrijf-zoeken?page=48
BM Onderhoud B.V.,HARDINXVELD GIESSENDAM,Postbus 13  3370 AA HARDINXVELD GIESSENDAM,Hakgriend 26  3371 KA HARDINXVELD GIESSENDAM,0184-677200,//www.bmvanhouwelingen.nl,https://www.bouwendnederland.nl/vereniging/lidbedrijf-zoeken?page=48
BM Ontwikkeling B.V.,HARDINXVELD GIESSENDAM,Postbus 13  3370 AA HARDINXVELD GIESSENDAM,Hakgriend 26  3371 KA HARDINXVELD GIESSENDAM,0184-677200,//www.bmvanhouwelingen.nl,https://www.bouwendnederland.nl/vereniging/lidbedrijf-zoeken?page=48
BM Utiliteit B.V.,HARDINXVELD-GIESSENDAM,Hakgriend 26  3371 KA HARDINXVELD-GIESSENDAM,Hakgriend 26  3371 KA HARDINXVELD-GIESSENDAM,0345-471030,//www.bmvhouwelingen.nl,https://www.bouwendnederland.nl/vereniging/lidbedrijf-zoeken?page=48
BM van Houwelingen BV,HARDINXVELD GIESSENDAM,Postbus 13  3370 AA HARDINXVELD GIESSENDAM,Hakgriend 26  3371 KA HARDINXVELD GIESSENDAM,0184-677200,//www.bmvanhouwelingen.nl,https://www.bouwendnederland.nl/vereniging/lidbedrijf-zoeken?page=48
BM Wonen B.V.,HARDINXVELD GIESSENDAM,Postbus 13  3370 AA HARDINXVELD GIESSENDAM,Hakgriend 26  3371 KA HARDINXVELD GIESSENDAM,0184-677200,//www.bmvanhouwelingen.nl,https://www.bouwendnederland.nl/vereniging/lidbedrijf-zoeken?page=48
BMC bouw,THOLEN,Touwslagersdreef 29  4691 LW THOLEN,Touwslagersdreef 29  4691 LW THOLEN,06-51688339,//www.bmcbouw.nl,https://www.bouwendnederland.nl/vereniging/lidbedrijf-zoeken?page=48
BMN De Klerk,HARDINXVELD-GIESSENDAM,Postbus 125  3370 AC HARDINXVELD-GIESSENDAM,Wiedhaak 18  3371 KD HARDINXVELD-GIESSENDAM,0184-613675,//www.bmndeklerk.nl,https://www.bouwendnederland.nl/vereniging/lidbedrijf-zoeken?page=48
BMU Groep B.V.,SOESTERBERG,Centurionbaan 12  3769 AV SOESTERBERG,Centurionbaan 12  3769 AV SOESTERBERG,0346-350504,//www.bmu-groep.nl,https://www.bouwendnederland.nl/vereniging/lidbedrijf-zoeken?page=48
BMV B.V.,VELDHOVEN,Heiberg 10  5504 PB VELDHOVEN,Heiberg 10  5504 PB VELDHOVEN,040-2941194,//www.bmv.nl,https://www.bouwendnederland.nl/vereniging/lidbedrijf-zoeken?page=48
Bob infratechniek B.V.,AMSTERDAM,Nieuw-Zeelandweg 6 L 1045 AL AMSTERDAM,Nieuw-Zeelandweg 6 L 1045 AL AMSTERDAM,,,https://www.bouwendnederland.nl/vereniging/lidbedrijf-zoeken?page=48
Boekema Verbouw & Renovatie B.V.,GRONINGEN,Postbus 636  9700 AP GRONINGEN,Wasaweg 14  9723 JD GRONINGEN,050-5730720,//www.boekema.nl,https://www.bouwendnederland.nl/vereniging/lidbedrijf-zoeken?page=48
Boele & van Eesteren bv,RIJSWIJK ZH,Laan van Vredenoord 14  2289 DJ RIJSWIJK ZH,Laan van Vredenoord 14  2289 DJ RIJSWIJK ZH,070-4144200,//www.boele.nl,https://www.bouwendnederland.nl/vereniging/lidbedrijf-zoeken?page=48
Boelé Bouw,HAARLEM,Jan Tademaweg  18  2031cv HAARLEM,Jan Tademaweg  18  2031cv HAARLEM,023-5328218,//www.boelebouw.nl,https://www.bouwendnederland.nl/vereniging/lidbedrijf-zoeken?page=48
Boer Bouw B.V.,NIEUWERBRUG,De Bree 13  2415 BE NIEUWERBRUG AAN DEN RIJN,De Bree 13  2415 BE NIEUWERBRUG,0348-688221,//www.boer-nieuwerbrug.nl,https://www.bouwendnederland.nl/vereniging/lidbedrijf-zoeken?page=48
Boer Glas B.V. Zwolle,ZWOLLE,Baileystraat 9  8013 RV ZWOLLE,Baileystraat 9  8013 RV ZWOLLE,038-4600022,//www.boerglas.nl,https://www.bouwendnederland.nl/vereniging/lidbedrijf-zoeken?page=48
Boer Nieuwerbrug B.V.,NIEUWERBRUG AAN DEN RIJN,De Bree 13  2415 BE NIEUWERBRUG AAN DEN RIJN,De Bree 13  2415 BE NIEUWERBRUG AAN DEN RIJN,,,https://www.bouwendnederland.nl/vereniging/lidbedrijf-zoeken?page=49
Boerboom Aanneming en Onderhoud B.V.,NIJMEGEN,Hogelandseweg 71  6545 AB NIJMEGEN,Hogelandseweg 71  6545 AB NIJMEGEN,0243-230960,//www.boerboom-nijmegen.nl,https://www.bouwendnederland.nl/vereniging/lidbedrijf-zoeken?page=49
Boerbouw Groningen BV,LEEK,Postbus 14  9350 AA LEEK,Lage Traan 4 C 9351 VL LEEK,085-0036125,//www.boerbouw.nl,https://www.bouwendnederland.nl/vereniging/lidbedrijf-zoeken?page=49
Boers Bouw Amsterdam B.V.,AMSTERDAM,Internetstraat 17  1033 MS AMSTERDAM,Internetstraat 17  1033 MS AMSTERDAM,020-2199921,//www.boersbouwamsterdam.nl,https://www.bouwendnederland.nl/vereniging/lidbedrijf-zoeken?page=49
Boerstal Bouw B.V.,DIDAM,Majoraan 7  6942 SB DIDAM,Majoraan 7  6942 SB DIDAM,0316-296510,//www.boerstalbouw.nl,https://www.bouwendnederland.nl/vereniging/lidbedrijf-zoeken?page=49
Boja Aannemingsbedrijf,RENKUM,Industrieweg 18  6871 KA RENKUM,Industrieweg 18  6871 KA RENKUM,0317-315432,//www.boja-aannemingsbedrijf.nl,https://www.bouwendnederland.nl/vereniging/lidbedrijf-zoeken?page=49
Boksman Bouwbedrijf B.V.,NAALDWIJK,Grote Woerdlaan 28 b 2671 CL NAALDWIJK,Grote Woerdlaan 28 b 2671 CL NAALDWIJK,0174-624800,//www.boksmanbv.nl,https://www.bouwendnederland.nl/vereniging/lidbedrijf-zoeken?page=49
Bolkesteijn Group B.V.,HOOGEVEEN,Postbus 172  7900 AD HOOGEVEEN,Alteveer 70  7907 GA HOOGEVEEN,085-0795170,//www.bolkesteijn.com,https://www.bouwendnederland.nl/vereniging/lidbedrijf-zoeken?page=49
Bolkesteijn Handel & Transport B.V.,HOOGEVEEN,Alteveer 70  7907 GA HOOGEVEEN,Alteveer 70  7907 GA HOOGEVEEN,085-0795170,//https://bolkesteijn.com/handel-transport,https://www.bouwendnederland.nl/vereniging/lidbedrijf-zoeken?page=49
Bolkesteijn Infrastructuur B.V.,HOOGEVEEN,Postbus 172  7900 AD HOOGEVEEN,Alteveer 70  7907 GA HOOGEVEEN,085-0795170,//www.bolkesteijn.com,https://www.bouwendnederland.nl/vereniging/lidbedrijf-zoeken?page=49
Bolkesteijn Materieel B.V.,HOOGEVEEN,Alteveer 70  7907 GA HOOGEVEEN,Alteveer 70  7907 GA HOOGEVEEN,,,https://www.bouwendnederland.nl/vereniging/lidbedrijf-zoeken?page=49
Bolkesteijn Personeel B.V.,HOOGEVEEN,Alteveer 70  7907 GA HOOGEVEEN,Alteveer 70  7907 GA HOOGEVEEN,,,https://www.bouwendnederland.nl/vereniging/lidbedrijf-zoeken?page=49
Bolkesteijn Rail B.V.,HOOGEVEEN,Alteveer 70  7907 GA HOOGEVEEN,Alteveer 70  7907 GA HOOGEVEEN,085-0795170,//https://bolkesteijn.com/rail,https://www.bouwendnederland.nl/vereniging/lidbedrijf-zoeken?page=49
Bolton Bouw B.V.,WOERDEN,Zegveldse Uitweg 1  3443 JE WOERDEN,Zegveldse Uitweg 1  3443 JE WOERDEN,0348-692600,//www.boltonbouw.nl,https://www.bouwendnederland.nl/vereniging/lidbedrijf-zoeken?page=49
Bomi Bouw,HEDEL,Uithovensestraat 13 a 5321 GC HEDEL,Uithovensestraat 13 a 5321 GC HEDEL,073-5996411,//www.bomibouw.nl,https://www.bouwendnederland.nl/vereniging/lidbedrijf-zoeken?page=49
Bondroe Sloopwerken en Bouwwerkzaamheden,NIEUW-VENNEP,Venneperhof 80  2151 AZ NIEUW-VENNEP,Venneperhof 80  2151 AZ NIEUW-VENNEP,,,https://www.bouwendnederland.nl/vereniging/lidbedrijf-zoeken?page=49
Bonneveld Aannemingsbedrijf B.V.,BUNSCHOTEN-SPAKENBURG,Ampereweg 4  3752 LR BUNSCHOTEN-SPAKENBURG,Ampereweg 4  3752 LR BUNSCHOTEN-SPAKENBURG,035-5280340,//www.bonneveld.nl,https://www.bouwendnederland.nl/vereniging/lidbedrijf-zoeken?page=49
"BOOG, ontwerp en bouw",'S-GRAVENZANDE,Hoflaan 15  2691 AM 'S-GRAVENZANDE,Hoflaan 15  2691 AM 'S-GRAVENZANDE,085-2012324,//www.boog.pro,https://www.bouwendnederland.nl/vereniging/lidbedrijf-zoeken?page=49
Boogert Holding B.V.,OOSTERLAND,Manteling 8  4307 CJ OOSTERLAND,Manteling 8  4307 CJ OOSTERLAND,,,https://www.bouwendnederland.nl/vereniging/lidbedrijf-zoeken?page=49
Boonstra Bouw B.V.,HAARLEM,Palletweg 12  2031 DB HAARLEM,Palletweg 12  2031 DB HAARLEM,023-5837814,//www.boonstrabouw.nl,https://www.bouwendnederland.nl/vereniging/lidbedrijf-zoeken?page=49
Bootsma Bouwbedrijf B.V.,EASTERWIERRUM,Doarpsstrjitte 8  9021 CL EASTERWIERRUM,Doarpsstrjitte 8  9021 CL EASTERWIERRUM,058-2501325,//www.bootsmabouwbedrijf.nl,https://www.bouwendnederland.nl/vereniging/lidbedrijf-zoeken?page=50
Borghuis Bouw,DEURNINGEN,Deurningerstraat 45  7561 RN DEURNINGEN,Deurningerstraat 45  7561 RN DEURNINGEN,074-3492322,//www.borghuisbouw.nl,https://www.bouwendnederland.nl/vereniging/lidbedrijf-zoeken?page=50
Borluap Bouwbeheer B.V.,'S-GRAVENHAGE,,V Weede van Dijkveldstr 73  2582 KS 'S-GRAVENHAGE,070-3554930,,https://www.bouwendnederland.nl/vereniging/lidbedrijf-zoeken?page=50
Borm Glastechniek B.V.,WERVERSHOOF,Nijverheidsweg 11  1693 AM WERVERSHOOF,Nijverheidsweg 11  1693 AM WERVERSHOOF,,,https://www.bouwendnederland.nl/vereniging/lidbedrijf-zoeken?page=50
Borrenbergs Bouwbedrijf B.V.,LUYKSGESTEL,Postbus 56  5575 ZH LUYKSGESTEL,Dorpstraat 104  5575 AE LUYKSGESTEL,0497-541478,//www.borrenbergsbouwbedrijf.nl,https://www.bouwendnederland.nl/vereniging/lidbedrijf-zoeken?page=50
Borsboom Grondwatertechniek BV,'S-GRAVENHAGE,Postbus 12  2260 AA LEIDSCHENDAM,Spoorlaan 7  2495 AL 'S-GRAVENHAGE,088-8908899,//www.borsboomgrondwatertechniek.nl,https://www.bouwendnederland.nl/vereniging/lidbedrijf-zoeken?page=50
Bos Grijpskerke B.V.,GRIJPSKERKE,Hondegemsweg 25  4364 RA GRIJPSKERKE,Hondegemsweg 25  4364 RA GRIJPSKERKE,,,https://www.bouwendnederland.nl/vereniging/lidbedrijf-zoeken?page=50
Bos Totaalbouw,LOTTUM,van Wijlickshove 16  5973 KG LOTTUM,van Wijlickshove 16  5973 KG LOTTUM,,,https://www.bouwendnederland.nl/vereniging/lidbedrijf-zoeken?page=50
Bosalis Nederland B.V.,AMSTERDAM,Kwadrantweg 7  1042 AG AMSTERDAM,Kwadrantweg 7  1042 AG AMSTERDAM,,,https://www.bouwendnederland.nl/vereniging/lidbedrijf-zoeken?page=50
Bosgoed Bouw & Advies,EMPE,Ganzekolk 9  7399 AK EMPE,Ganzekolk 9  7399 AK EMPE,0575-476699,//www.bosgoedbouw.nl,https://www.bouwendnederland.nl/vereniging/lidbedrijf-zoeken?page=50
Boskalis Environmental B.V.,PAPENDRECHT,Postbus 76  3350 AB PAPENDRECHT,Rosmolenweg 20  3356 LK PAPENDRECHT,078-6969900,//www.environmental.boskalis.com,https://www.bouwendnederland.nl/vereniging/lidbedrijf-zoeken?page=50
Boskalis Nederland B.V.,PAPENDRECHT,Rosmolenweg 2  3356 LK PAPENDRECHT,Rosmolenweg 2  3356 LK PAPENDRECHT,078-2065000,//www.boskalis.com,https://www.bouwendnederland.nl/vereniging/lidbedrijf-zoeken?page=50
Boskalis Nederland Infra B.V.,PAPENDRECHT,Postbus 76  3350 AB PAPENDRECHT,Rosmolenweg 2  3356 LK PAPENDRECHT,078-2065000,//www.boskalis.com,https://www.bouwendnederland.nl/vereniging/lidbedrijf-zoeken?page=50
Boskalis Offshore International B.V.,PAPENDRECHT,Postbus 43  3350 AA PAPENDRECHT,Rosmolenweg 20  3356 LK PAPENDRECHT,078-6969000,//www.nederland.boskalis.com,https://www.bouwendnederland.nl/vereniging/lidbedrijf-zoeken?page=50
Bosman Infra B.V.,SITTARD,Industriestraat 33  6135 KG SITTARD,Industriestraat 33  6135 KG SITTARD,046-4527829,//www.bosmaninfra.nl,https://www.bouwendnederland.nl/vereniging/lidbedrijf-zoeken?page=50
Boswijk-Bouw B.V.,DOORN,Velperengh 10  3941 BZ DOORN,Velperengh 10  3941 BZ DOORN,0343-413540,//www.boswijk.nl,https://www.bouwendnederland.nl/vereniging/lidbedrijf-zoeken?page=50
Bot Bouw B.V.,HEERHUGOWAARD,Postbus 15  1700 AA HEERHUGOWAARD,K.P.C. de Bazelweg 2  1703 DJ HEERHUGOWAARD,072-5752700,//www.botbouw.nl,https://www.bouwendnederland.nl/vereniging/lidbedrijf-zoeken?page=50
Bot Bouw Initiatief B.V.,HEERHUGOWAARD,Postbus 15  1700 AA HEERHUGOWAARD,K.P.C. de Bazelweg 2  1703 DJ HEERHUGOWAARD,072-5752700,//www.botbouw.nl,https://www.bouwendnederland.nl/vereniging/lidbedrijf-zoeken?page=50
Bot Bouwgroep B.V.,HEERHUGOWAARD,Postbus 15  1700 AA HEERHUGOWAARD,K.P.C. de Bazelweg 2  1703 DJ HEERHUGOWAARD,072-5752700,//www.botbouw.nl,https://www.bouwendnederland.nl/vereniging/lidbedrijf-zoeken?page=50
Bot Ramen & Deuren B.V.,HEERHUGOWAARD,W.M. Dudokweg 5  1703 DA HEERHUGOWAARD,W.M. Dudokweg 5  1703 DA HEERHUGOWAARD,072-5715441,//www.botramenendeuren.nl,https://www.bouwendnederland.nl/vereniging/lidbedrijf-zoeken?page=50
Botau Bouw & Renovatie B.V.,WADDINXVEEN,Coenecoop 111  2741 PH WADDINXVEEN,Coenecoop 111  2741 PH WADDINXVEEN,0182-634047,//www.botau.nl,https://www.bouwendnederland.nl/vereniging/lidbedrijf-zoeken?page=51
Botman Bouw B.V.,WERVERSHOOF,Handelsweg 2  1693 AZ WERVERSHOOF,Handelsweg 2  1693 AZ WERVERSHOOF,0228-584007,//www.botmanbouw.nl,https://www.bouwendnederland.nl/vereniging/lidbedrijf-zoeken?page=51
Bots Beheer B.V.,DEURNE,Energiestraat 21  5753 RN DEURNE,Energiestraat 21  5753 RN DEURNE,0493-341521,//www.bots.nl,https://www.bouwendnederland.nl/vereniging/lidbedrijf-zoeken?page=51
Bots Bouwgroep B.V.,DEURNE,Energiestraat 21  5753 RN DEURNE,Energiestraat 21  5753 RN DEURNE,0493-341521,//www.bots.nl,https://www.bouwendnederland.nl/vereniging/lidbedrijf-zoeken?page=51
Bots Bouwgroep Valkenswaard B.V.,DEURNE,Energiestraat 21  5753 RN DEURNE,Energiestraat 21  5753 RN DEURNE,040-2042920,//www.bots.nl,https://www.bouwendnederland.nl/vereniging/lidbedrijf-zoeken?page=51
Bots Service B.V.,DEURNE,Energiestraat 21  5753 RN DEURNE,Energiestraat 21  5753 RN DEURNE,0493-350550,//www.coopmanslutters.nl,https://www.bouwendnederland.nl/vereniging/lidbedrijf-zoeken?page=51
Bots Wonen B.V.,DEURNE,Energiestraat 21  5753 RN DEURNE,Energiestraat 21  5753 RN DEURNE,0493-341521,//www.bots.nl,https://www.bouwendnederland.nl/vereniging/lidbedrijf-zoeken?page=51
Bottelier Slooptechniek B.V.,HAARLEM,Oude Waarderweg 1  2031 AC HAARLEM,Oude Waarderweg 1  2031 AC HAARLEM,023-5319443,//www.botterlierbv.nl,https://www.bouwendnederland.nl/vereniging/lidbedrijf-zoeken?page=51
Boubedriuw Klein Swormink B.V.,HARTWERD,Middelzeedijk 16  8741 KD HARTWERD,Middelzeedijk 16  8741 KD HARTWERD,,,https://www.bouwendnederland.nl/vereniging/lidbedrijf-zoeken?page=51
Boubedriuw Kooistra Kubaard,KUBAARD,Greate Buorren 13  8732 EE KUBAARD,Greate Buorren 13  8732 EE KUBAARD,0515-331330,//www.boubedriuwkooistra.nl,https://www.bouwendnederland.nl/vereniging/lidbedrijf-zoeken?page=51
BoutenGeotron B.V.,BEUNINGEN GLD,Postbus 200  6660 AE ELST GLD,Goudwerf 3  6641 TE BEUNINGEN GLD,024-3774703,//www.boutengeotron.nl,https://www.bouwendnederland.nl/vereniging/lidbedrijf-zoeken?page=51
Bouter Bouw B.V.,LEIDEN,Rooseveltstraat 1  2321 BK LEIDEN,Rooseveltstraat 1  2321 BK LEIDEN,071-5310506,//www.bouterbouw.nl,https://www.bouwendnederland.nl/vereniging/lidbedrijf-zoeken?page=51
Bouw & Kozijnen Midden-Nederland B.V.,IJSSELSTEIN UT,Ambachtsweg 6  3401 MK IJSSELSTEIN UT,Ambachtsweg 6  3401 MK IJSSELSTEIN UT,030-2005033,//www.bekmn.nl,https://www.bouwendnederland.nl/vereniging/lidbedrijf-zoeken?page=51
Bouw & Restauratie Zuyd,NUTH,Industriestraat 7  6361 HD NUTH,Industriestraat 7  6361 HD NUTH,045-5242400,//www.habenu-vandekreeke.com,https://www.bouwendnederland.nl/vereniging/lidbedrijf-zoeken?page=51
Bouw & Tekenburo Overeem,BARNEVELD,Gelkenhorsterweg 4  3771 RH BARNEVELD,Gelkenhorsterweg 4  3771 RH BARNEVELD,0342-408696,//www.overeem.nu,https://www.bouwendnederland.nl/vereniging/lidbedrijf-zoeken?page=51
Bouw & Timmerbedrijf Van Hamersveld B.V.,ALMERE,Guus Gelukstraat 26  1336 ZK ALMERE,Guus Gelukstraat  26  1336 ZK ALMERE,036-8484553,//www.bouwbedrijfvanhamersveld.nl,https://www.bouwendnederland.nl/vereniging/lidbedrijf-zoeken?page=51
Bouw 2000 B.V.,ALMERE,Editiestraat 6  1321 NG ALMERE,Editiestraat 6  1321 NG ALMERE,036-5461000,//www.bouw2000.nl,https://www.bouwendnederland.nl/vereniging/lidbedrijf-zoeken?page=51
Bouw 2020 B.V.,DE COCKSDORP,Postweg 85  1795 JL DE COCKSDORP,Postweg 85  1795 JL DE COCKSDORP,0222-311305,,https://www.bouwendnederland.nl/vereniging/lidbedrijf-zoeken?page=51
Bouw Combinatie Uden,Zeeland,Postbus 30  5410 AA ZEELAND,Hogeweg 3  5411LP Zeeland,0486-451857,//www.bouwcombinatieuden.nl,https://www.bouwendnederland.nl/vereniging/lidbedrijf-zoeken?page=51
Bouw en Aannemersbedrijf Paans,MONNICKENDAM,Beatrixlaan 10  1141 EL MONNICKENDAM,Beatrixlaan 10  1141 EL MONNICKENDAM,0299-742061,//www.bouwbedrijfpaans.nl,https://www.bouwendnederland.nl/vereniging/lidbedrijf-zoeken?page=51
Bouw en Aannemersbedrijf Uenk en Zn.,LIEREN,Veldbrugweg 18  7364 AE LIEREN,Veldbrugweg 18  7364 AE LIEREN,055-5062144,//www.uenk-bouw.nl,https://www.bouwendnederland.nl/vereniging/lidbedrijf-zoeken?page=52
Bouw en Aannemersbedrijf Vlaar B.V.,HENSBROEK,Dorpsweg 132  1711 RM HENSBROEK,Dorpsweg 132  1711 RM HENSBROEK,0226-452494,//www.vlaar-bouw.nl,https://www.bouwendnederland.nl/vereniging/lidbedrijf-zoeken?page=52
Bouw en Aannemingsbedrijf Meekel B.V.,HEEMSTEDE,Scheldelaan 20  2105 XG HEEMSTEDE,Scheldelaan 20  2105 XG HEEMSTEDE,023-8221650,//www.buwbedrijfmeekel.nl,https://www.bouwendnederland.nl/vereniging/lidbedrijf-zoeken?page=52
Bouw en Aannemingsbedrijf Zoeteman B.V.,RHOON,Postbus 958  3160 AD RHOON,Dienstenstraat 17  3161 GN RHOON,010-5015333,//www.zoeteman.com,https://www.bouwendnederland.nl/vereniging/lidbedrijf-zoeken?page=52
Bouw en Houtbewerkingsbedrijf A. Renting,MEPPEN,De Kockstraat 6  7855 TC MEPPEN,De Kockstraat 6  7855 TC MEPPEN,0591-371683,,https://www.bouwendnederland.nl/vereniging/lidbedrijf-zoeken?page=52
Bouw en Interieur Patrick Snoeren B.V.,KAATSHEUVEL,Marktstraat 71 b 5171 GN KAATSHEUVEL,Marktstraat 71 b 5171 GN KAATSHEUVEL,1234-678910,//www.bouweninterieur.com,https://www.bouwendnederland.nl/vereniging/lidbedrijf-zoeken?page=52
Bouw en Montage De Koning B.V.,VIJFHUIZEN,Kromme Spieringweg 555  2141 AL VIJFHUIZEN,Kromme Spieringweg 555  2141 AL VIJFHUIZEN,023-5581286,,https://www.bouwendnederland.nl/vereniging/lidbedrijf-zoeken?page=52
Bouw en Ontwikkeling Station NL B.V.,ERMELO,Schoolweg 8  3852 ZE ERMELO,Schoolweg 8  3852 ZE ERMELO,,,https://www.bouwendnederland.nl/vereniging/lidbedrijf-zoeken?page=52
Bouw en Timmerbedrijf van Reen,Loenen,Hameinde 3  7371 CS LOENEN GLD,Hameinde 3  7371 CS Loenen,301-2354,//www.bouwbedrijfvanreen.nl,https://www.bouwendnederland.nl/vereniging/lidbedrijf-zoeken?page=52
Bouw en Timmerwerken Van Dijk B.V.,RHENOY,Dorpsstraat 28  4152 EP RHENOY,Dorpsstraat 28  4152 EP RHENOY,,,https://www.bouwendnederland.nl/vereniging/lidbedrijf-zoeken?page=52
Bouw Infra mensen Mierlo,MIERLO,Goorsedijk 6  5731 PC MIERLO,Goorsedijk 6  5731 PC MIERLO,0492-665505,//www.bouwinframensen-mierlo.nl,https://www.bouwendnederland.nl/vereniging/lidbedrijf-zoeken?page=52
Bouw Matters B.V.,ROTTERDAM,W Frederik Hermansstr 99  1011 DG AMSTERDAM,Gouderakstraat 40 B 3079 DB ROTTERDAM,020-2090092,//www.bouwmatters.nl,https://www.bouwendnederland.nl/vereniging/lidbedrijf-zoeken?page=52
Bouw Molens en Techniek Bertus Dijkstra,SLOTEN FR,Jachthaven 14  8556 AM SLOTEN FR,Jachthaven 14  8556 AM SLOTEN FR,0514-531230,//www.bertusdijkstra.nl,https://www.bouwendnederland.nl/vereniging/lidbedrijf-zoeken?page=52
Bouw Net B.V.,GRAAUW,Graauwsedijk 39  4569 PH GRAAUW,Graauwsedijk 39  4569 PH GRAAUW,0114-635673,//https://bouwnet.net,https://www.bouwendnederland.nl/vereniging/lidbedrijf-zoeken?page=52
Bouw Realisatie Goessens B.V.,SCHINNEN,Veeweg 5  6365 CV SCHINNEN,Veeweg 5  6365 CV SCHINNEN,,,https://www.bouwendnederland.nl/vereniging/lidbedrijf-zoeken?page=52
Bouw Team De Liemers,ZEVENAAR,Heilige Huisjes 16  6905 AA ZEVENAAR,Heilige Huisjes 16  6905 AA ZEVENAAR,0316-253587,//www.Btdl.nl,https://www.bouwendnederland.nl/vereniging/lidbedrijf-zoeken?page=52
Bouw Totaal B.V.,EMMELOORD,Havenstraat 26  8304 AH EMMELOORD,Havenstraat 26  8304 AH EMMELOORD,0527-264509,//www.bouwtotaalemmeloord.nl,https://www.bouwendnederland.nl/vereniging/lidbedrijf-zoeken?page=52
Bouw Totaal Combinatie,DORDRECHT,Pieter Zeemanweg 47  3316 GZ DORDRECHT,Pieter Zeemanweg 47  3316 GZ DORDRECHT,078-2049335,//www.dakopbouwtotaal.nl,https://www.bouwendnederland.nl/vereniging/lidbedrijf-zoeken?page=52
Bouw Zorggroep B.V.,AMSTERDAM,Amundsenweg 8  1056 AT AMSTERDAM,Amundsenweg 8  1056 AT AMSTERDAM,,,https://www.bouwendnederland.nl/vereniging/lidbedrijf-zoeken?page=52
Bouw- & Aannemersbedrijf Hylke B.V.,TIJNJE,De Wispel 10  8406 AZ TIJNJE,De Wispel 10  8406 AZ TIJNJE,0513-645164,//www.woningverbouwen.nl,https://www.bouwendnederland.nl/vereniging/lidbedrijf-zoeken?page=52
Bouw- & Metselbedrijf T. Vermeer B.V.,SCHIJNDEL,Vivaldistraat 39  5481 LW SCHIJNDEL,Vivaldistraat 39  5481 LW SCHIJNDEL,073-5478538,,https://www.bouwendnederland.nl/vereniging/lidbedrijf-zoeken?page=53
Bouw- en Aann.bedrijf Schoonderbeek B.V.,AMERSFOORT,Computerweg 16  3821 AB AMERSFOORT,Computerweg 16  3821 AB AMERSFOORT,033-4558365,//www.schoonderbeekbouw.nl,https://www.bouwendnederland.nl/vereniging/lidbedrijf-zoeken?page=53
Bouw- en Aannemersbedrijf Adrie Spanjaards B.V.,WIJCHEN,Graafseweg 394  6603 CJ WIJCHEN,Graafseweg 394  6603 CJ WIJCHEN,024-6453257,,https://www.bouwendnederland.nl/vereniging/lidbedrijf-zoeken?page=53
Bouw- en aannemersbedrijf Harrie Houtsma B.V.,MIERLO,Ambachtweg 9  5731 AE MIERLO,Ambachtweg 9  5731 AE MIERLO,0492-663398,//www.houtsmabv.nl,https://www.bouwendnederland.nl/vereniging/lidbedrijf-zoeken?page=53
Bouw- en Aannemersbedrijf Hoekstra,HURDEGARYP,Burgemeester Drijberweg 36  9254 BJ HURDEGARYP,Burgemeester Drijberweg 36  9254 BJ HURDEGARYP,06-54928726,//www.bbhoekstra.nl,https://www.bouwendnederland.nl/vereniging/lidbedrijf-zoeken?page=53
Bouw- en Aannemersbedrijf J.P. den Hartog & Zn. B.V.,LOENERSLOOT,Binnenweg 5  3634 AD LOENERSLOOT,Binnenweg 5  3634 AD LOENERSLOOT,0294-295510,//www.jpdenhartog.nl,https://www.bouwendnederland.nl/vereniging/lidbedrijf-zoeken?page=53
Bouw- en Aannemersbedrijf Lieftink,SINDEREN,Sinderenseweg 97  7065 BH SINDEREN,Sinderenseweg 97  7065 BH SINDEREN,0315-617290,,https://www.bouwendnederland.nl/vereniging/lidbedrijf-zoeken?page=53
Bouw- en Aannemersbedrijf Ossendrijver B.V.,AMERSFOORT,De Stuwdam 14  3815 KM AMERSFOORT,De Stuwdam 14  3815 KM AMERSFOORT,033-4720479,//www.ossendrijver.nl,https://www.bouwendnederland.nl/vereniging/lidbedrijf-zoeken?page=53
Bouw- en Aannemersbedrijf Snoek B.V.,SPIERDIJK,Noord Spierdijkerweg 156  1643 NL SPIERDIJK,Noord Spierdijkerweg 156  1643 NL SPIERDIJK,0229-561681,//www.snoekbouwbedrijf.nl,https://www.bouwendnederland.nl/vereniging/lidbedrijf-zoeken?page=53
Bouw- en aannemersbedrijf van Walbeek,BAAMBRUGGE,Rijksstraatweg 55  1396 JE BAAMBRUGGE,Rijksstraatweg 55  1396 JE BAAMBRUGGE,0294-293111,//www.vanwalbeekbouw.nl,https://www.bouwendnederland.nl/vereniging/lidbedrijf-zoeken?page=53
Bouw- en Aannemersbedrijf Willem Hoekstra V.O.F.,HURDEGARYP,Hoeksterpaed 13  9254 EH HURDEGARYP,Hoeksterpaed 13  9254 EH HURDEGARYP,0511-475538,//www.willemhoekstrabouw.nl,https://www.bouwendnederland.nl/vereniging/lidbedrijf-zoeken?page=53
Bouw- en Aannemingsbedr. Van der Meer B.V.,KAMERIK,Van Teylingenweg 145  3471 GH KAMERIK,Van Teylingenweg 145  3471 GH KAMERIK,0348-402578,//www.vandermeerbouw.nl,https://www.bouwendnederland.nl/vereniging/lidbedrijf-zoeken?page=53
Bouw- en Aannemingsbedrijf `De Heemraad` B.V.,AMSTELVEEN,Kalkbranderij 2  1185 ZX AMSTELVEEN,Kalkbranderij 2  1185 ZX AMSTELVEEN,020-6458888,//www.heemraadbouw.nl,https://www.bouwendnederland.nl/vereniging/lidbedrijf-zoeken?page=53
Bouw- en Aannemingsbedrijf A.J. van der Tol B.V.,BUNNIK,Schoudermantel 45  3981 AG BUNNIK,Schoudermantel 45  3981 AG BUNNIK,030-6561400,//www.bouwbedrijfvdtol.nl,https://www.bouwendnederland.nl/vereniging/lidbedrijf-zoeken?page=53
Bouw- en Aannemingsbedrijf A.W. Krijger en Zn,ANNA PAULOWNA,Amsteldijk 17  1761 JP ANNA PAULOWNA,Amsteldijk 17  1761 JP ANNA PAULOWNA,0223-531278,,https://www.bouwendnederland.nl/vereniging/lidbedrijf-zoeken?page=53
Bouw- en Aannemingsbedrijf C. Spek B.V.,OUDERKERK AAN DEN IJSSEL,Lageweg 42 b 2935 CE OUDERKERK AAN DEN IJSSEL,Lageweg 42 b 2935 CE OUDERKERK AAN DEN IJSSEL,0180-681532,//www.cspekbv.nl,https://www.bouwendnederland.nl/vereniging/lidbedrijf-zoeken?page=53
Bouw- en Aannemingsbedrijf C.L. Uijtewaal B.V.,HARMELEN,Postbus 177  3440 AD WOERDEN,Utrechtsestraatweg 36 C 3481 LA HARMELEN,0348-462525,//www.uijtewaalgroep.nl,https://www.bouwendnederland.nl/vereniging/lidbedrijf-zoeken?page=53
Bouw- en Aannemingsbedrijf D. Pater & Zn. V.O.F.,VOORTHUIZEN,Jan de Jagerweg 52  3781 BS VOORTHUIZEN,Jan de Jagerweg 52  3781 BS VOORTHUIZEN,0342-474466,//www.bouwbedrijfdpater.nl,https://www.bouwendnederland.nl/vereniging/lidbedrijf-zoeken?page=53
Bouw- en Aannemingsbedrijf Dave Blom,HAARLEM,Emrikweg 37 b 2031 BT HAARLEM,Emrikweg 37 b 2031 BT HAARLEM,-0622022721,//www.daveblom.com,https://www.bouwendnederland.nl/vereniging/lidbedrijf-zoeken?page=53
Bouw- en Aannemingsbedrijf De Ridder B.V.,UITHUIZEN,Bovenhuizen 52 -54 9981 HB UITHUIZEN,Bovenhuizen 52 -54 9981 HB UITHUIZEN,0595-433883,//www.bouwbedrijfderidder.nl,https://www.bouwendnederland.nl/vereniging/lidbedrijf-zoeken?page=53
Bouw- en Aannemingsbedrijf Dirk Bos B.V.,AMERONGEN,Industrieweg zuid 21  3958 VV AMERONGEN,Industrieweg zuid 21  3958 VV AMERONGEN,0343-451176,//www.dbos.nl,https://www.bouwendnederland.nl/vereniging/lidbedrijf-zoeken?page=54
Bouw- en Aannemingsbedrijf G. de Haan en Zn.,GARYP,Greate Buorren 31 a 9263 PL GARYP,Greate Buorren 31 a 9263 PL GARYP,0511-521287,//www.bouwbedrijf-dehaan.nl,https://www.bouwendnederland.nl/vereniging/lidbedrijf-zoeken?page=54
Bouw- en Aannemingsbedrijf Gebr. Onderdelinden,VLAARDINGEN,Maasstraat 39  3134 EM VLAARDINGEN,Maasstraat 39  3134 EM VLAARDINGEN,010-4346523,//www.gbo-bouw.nl,https://www.bouwendnederland.nl/vereniging/lidbedrijf-zoeken?page=54
Bouw- en Aannemingsbedrijf Gebr. Verschoor B.V.,PERNIS ROTTERDAM,Boonstraat 21  3195 BA PERNIS ROTTERDAM,Boonstraat 21  3195 BA PERNIS ROTTERDAM,010-4169211,//www.gebr-verschoor.nl,https://www.bouwendnederland.nl/vereniging/lidbedrijf-zoeken?page=54
Bouw- en Aannemingsbedrijf Griekspoor B.V.,NIEUW-VENNEP,Venneperweg 831  2152 MB NIEUW-VENNEP,Venneperweg 831  2152 MB NIEUW-VENNEP,0252-864717,//www.bouwbedrijfgriekspoor.nl,https://www.bouwendnederland.nl/vereniging/lidbedrijf-zoeken?page=54
Bouw- en Aannemingsbedrijf Hoog-Antink B.V.,WINTERSWIJK MEDDO,Geldereschweg 118  7104 AL WINTERSWIJK MEDDO,Geldereschweg 118  7104 AL WINTERSWIJK MEDDO,0543-569465,//www.hoog-antink.nl,https://www.bouwendnederland.nl/vereniging/lidbedrijf-zoeken?page=54
Bouw- en aannemingsbedrijf Hoogendoorn B.V.,GOUDA,Voorwillenseweg 37 -41 2806 ZC GOUDA,Voorwillenseweg 37 -41 2806 ZC GOUDA,0182-517404,//www.hoogendoorn-gouda.nl,https://www.bouwendnederland.nl/vereniging/lidbedrijf-zoeken?page=54
Bouw- en Aannemingsbedrijf J.J. de Haas B.V.,MAASSLUIS,Kortebuurt 17  3141 EH MAASSLUIS,Kortebuurt 17  3141 EH MAASSLUIS,010-5913073,//www.jjdehaas.nl,https://www.bouwendnederland.nl/vereniging/lidbedrijf-zoeken?page=54
Bouw- en aannemingsbedrijf J.Mekenkamp B.V.,SOEST,Oostergracht 17 -05 3763 LX SOEST,Oostergracht 17 -05 3763 LX SOEST,035-8885021,//www.jmekenkamp.nl,https://www.bouwendnederland.nl/vereniging/lidbedrijf-zoeken?page=54
Bouw- en aannemingsbedrijf John Koster B.V.,HOLLANDSCHEVELD,Hollandscheveldse Opgaande 75  7913 VB HOLLANDSCHEVELD,Hollandscheveldse Opgaande 75  7913 VB HOLLANDSCHEVELD,0528-340966,//www.jkbouw.nl,https://www.bouwendnederland.nl/vereniging/lidbedrijf-zoeken?page=54
Bouw- en Aannemingsbedrijf Manten B.V.,HILVERSUM,Vaartweg 185  1217 ST HILVERSUM,Vaartweg 185  1217 ST HILVERSUM,035-6246731,//www.mantenbv.nl,https://www.bouwendnederland.nl/vereniging/lidbedrijf-zoeken?page=54
Bouw- en Aannemingsbedrijf Meerburg B.V.,LEIDERDORP,Rietschans 71  2352 BB LEIDERDORP,Rietschans 71  2352 BB LEIDERDORP,071-2040256,//www.meerburg.nl,https://www.bouwendnederland.nl/vereniging/lidbedrijf-zoeken?page=54
Bouw- en Aannemingsbedrijf P.B. Hulsbos,AALSMEERDERBRUG,Aalsmeerderdijk 363  1436 BH AALSMEERDERBRUG,Aalsmeerderdijk 363  1436 BH AALSMEERDERBRUG,0297-322374,//www.hulsbosbouw.nl,https://www.bouwendnederland.nl/vereniging/lidbedrijf-zoeken?page=54
Bouw- en Aannemingsbedrijf Raaijmakers B.V.,GEMERT,Molenstraat 43  5421 KD GEMERT,Molenstraat 43  5421 KD GEMERT,0492-362625,//www.bouwbedrijf-raaijmakers.nl,https://www.bouwendnederland.nl/vereniging/lidbedrijf-zoeken?page=54
Bouw- en Aannemingsbedrijf Rijkeboer bv,BAARN,Hermesweg 30  3741 GP BAARN,Hermesweg 30  3741 GP BAARN,035-5416815,//www.rijkeboerbaarn.nl,https://www.bouwendnederland.nl/vereniging/lidbedrijf-zoeken?page=54
Bouw- en Aannemingsbedrijf van Dam,RIDDERKERK,Waalweg 1  2988 CH RIDDERKERK,Waalweg 1  2988 CH RIDDERKERK,0180-423612,//http://www.bouwbedrijfvandam.nl/home,https://www.bouwendnederland.nl/vereniging/lidbedrijf-zoeken?page=54
Bouw- en aannemingsbedrijf van der Ende B.V.,BERGAMBACHT,Timmerfabriekstraat 10  2861 GV BERGAMBACHT,Timmerfabriekstraat 10  2861 GV BERGAMBACHT,0182-350409,//www.vanderendebv.nl,https://www.bouwendnederland.nl/vereniging/lidbedrijf-zoeken?page=54
Bouw- en Aannemingsbedrijf Van Hoorn & Van der Kley B.V.,OUDEWATER,Elzenweg 36  3421 TT OUDEWATER,Elzenweg 36  3421 TT OUDEWATER,0348-561390,//www.hoornkley.nl,https://www.bouwendnederland.nl/vereniging/lidbedrijf-zoeken?page=54
Bouw- en Aannemingsbedrijf van Nieuwenhuizen B.V.,HARDERWIJK,Postbus 395  3840 AJ HARDERWIJK,Lorentzstraat 4  3846 AW HARDERWIJK,0341-414265,//www.vannieuwenhuizenbv.nl,https://www.bouwendnederland.nl/vereniging/lidbedrijf-zoeken?page=54
Bouw- en Aannemingsbedrijf Van Omme & De Groot B.V.,ROTTERDAM,Postbus 26033  3002 EA ROTTERDAM,Heemraadssingel 223  3023 CD ROTTERDAM,010-4775811,//www.vanomme-degroot.nl,https://www.bouwendnederland.nl/vereniging/lidbedrijf-zoeken?page=54
Bouw- en Aannemingsbedrijf Van Stralen,VOORSCHOTEN,Jan van Goyenplantsoen 10  2251 JA VOORSCHOTEN,Donklaan 74  2254 AD VOORSCHOTEN,071-5616871,//www.vanstralenbouw.nl,https://www.bouwendnederland.nl/vereniging/lidbedrijf-zoeken?page=55
Bouw- en Aannemingsbedrijf Vrolick B.V.,HAARLEM,Pieter Goedkoopweg 30  2031 EL HAARLEM,Pieter Goedkoopweg 30  2031 EL HAARLEM,023-5314892,//www.vrolick.nl,https://www.bouwendnederland.nl/vereniging/lidbedrijf-zoeken?page=55
Bouw- en Aannemingsbedrijf W. de Wit B.V.,LINSCHOTEN,Cattenbroekerdijk 26  3461 BC LINSCHOTEN,Cattenbroekerdijk 26  3461 BC LINSCHOTEN,0348-411020,//www.bouwbedrijfwdewit.nl,https://www.bouwendnederland.nl/vereniging/lidbedrijf-zoeken?page=55
Bouw- en Aannemingsbedrijf Webbink B.V.,VRIEZENVEEN,Oosteinde 373  7671 BC VRIEZENVEEN,Oosteinde 373  7671 BC VRIEZENVEEN,0546-561288,//www.webbink-bouw.nl,https://www.bouwendnederland.nl/vereniging/lidbedrijf-zoeken?page=55
Bouw- en Aannemingsmaatschappij Vos B.V.,DELDEN,Postbus 77  7490 AB DELDEN,Noordwal 4 -6 7491 BJ DELDEN,074-3762754,//www.vosbouwmij.nl,https://www.bouwendnederland.nl/vereniging/lidbedrijf-zoeken?page=55
Bouw- en Handelsbedrijf C.N. Bouman Andel B.V.,GIESSEN,Ambachtstraat 7  4283 JD GIESSEN,Ambachtstraat 7  4283 JD GIESSEN,0183-441498,//www.bouman-andel.nl,https://www.bouwendnederland.nl/vereniging/lidbedrijf-zoeken?page=55
Bouw- en Handelscentrum Bruggink B.V.,HEELWEG,Molenweg 11  7055 AW HEELWEG,Molenweg 11  7055 AW HEELWEG,0315-242929,//www.bruggink-bv.nl,https://www.bouwendnederland.nl/vereniging/lidbedrijf-zoeken?page=55
Bouw- en Handelsmaatschappij A. van Wingerden B.V.,NIEUW-LEKKERLAND,Veenweideweg 15  2957 LD NIEUW-LEKKERLAND,Veenweideweg 15  2957 LD NIEUW-LEKKERLAND,078-6129534,,https://www.bouwendnederland.nl/vereniging/lidbedrijf-zoeken?page=55
Bouw- en Handelsmaatschappij H.J. Poppink B.V.,FLERINGEN,Ootmarsumseweg 228  7666 NC FLERINGEN,Ootmarsumseweg 228  7666 NC FLERINGEN,0546-441294,//www.poppink.nl,https://www.bouwendnederland.nl/vereniging/lidbedrijf-zoeken?page=55
Bouw- en Handelsonderneming Van Baaren B.V.,SCHOONHOVEN,De Smaragd 21  2872 ZT SCHOONHOVEN,De Smaragd 21  2872 ZT SCHOONHOVEN,0348-552066,//www.vanbaaren-aannemers.nl,https://www.bouwendnederland.nl/vereniging/lidbedrijf-zoeken?page=55
Bouw- en Klussenbedrijf Heeten B.V.,RAALTE,Karveelstraat 8  8102 GX RAALTE,Karveelstraat 8  8102 GX RAALTE,0572-381221,//www.bkh-raalte.nl,https://www.bouwendnederland.nl/vereniging/lidbedrijf-zoeken?page=55
Bouw- en Machinaal Timmerbedrijf G.G. Kunz B.V.,DELFT,Ampereweg 17  2627 BG DELFT,Ampereweg 17  2627 BG DELFT,015-2141788,//www.kunzbv.nl,https://www.bouwendnederland.nl/vereniging/lidbedrijf-zoeken?page=55
Bouw- en Montagebedrijf EEWY-Hijink VOF,WINTERSWIJK,Koningsweg 52  7102 DV WINTERSWIJK,Koningsweg 52  7102 DV WINTERSWIJK,,,https://www.bouwendnederland.nl/vereniging/lidbedrijf-zoeken?page=55
Bouw- en Onderhoudsbedrijf De Kock B.V.,ALBLASSERDAM,Wattstraat 1  2952 AX ALBLASSERDAM,Wattstraat 1  2952 AX ALBLASSERDAM,078-6912196,//www.dekockbouw.nl,https://www.bouwendnederland.nl/vereniging/lidbedrijf-zoeken?page=55
Bouw- en Onderhoudsbedrijf J.M. Groenen en Zn. B.V.,VELDHOVEN,De Run 3117  5503 LH VELDHOVEN,De Run 3117  5503 LH VELDHOVEN,040-2309911,//www.groenen-bouw.nl,https://www.bouwendnederland.nl/vereniging/lidbedrijf-zoeken?page=55
Bouw- en Renovatiebedrijf Wolbers B.V.,TER APEL,Viaductstraat 114  9561 AG TER APEL,Viaductstraat 114  9561 AG TER APEL,0599-587858,//www.wolbersbouw.nl,https://www.bouwendnederland.nl/vereniging/lidbedrijf-zoeken?page=55
Bouw- en Restauratiebedrijf Van de Burgt en Strooij B.V.,AMERSFOORT,Amsterdamseweg 155  3812 RR AMERSFOORT,Amsterdamseweg 155  3812 RR AMERSFOORT,033-4450100,//www.vandeburgtenstrooij.nl,https://www.bouwendnederland.nl/vereniging/lidbedrijf-zoeken?page=55
Bouw- en Restauratiebedrijf VAN DIJK B.V.,WOUDENBERG,Parallelweg 11  3931 MS WOUDENBERG,Parallelweg 11  3931 MS WOUDENBERG,,,https://www.bouwendnederland.nl/vereniging/lidbedrijf-zoeken?page=55
Bouw- en Schildersbedrijf P. Rijnierse & Zoon B.V.,OVERVEEN,Zijlweg 13  2051 BA OVERVEEN,Zijlweg 13  2051 BA OVERVEEN,023-5277169,//www.rijnierse.nl,https://www.bouwendnederland.nl/vereniging/lidbedrijf-zoeken?page=55
Bouw- en tegelzetbedrijf P. Geurts B.V.,TEGELEN,Emmaplein 3  5932 ED TEGELEN,Emmaplein 3  5932 ED TEGELEN,077-3732930,//www.bouwbedrijfgeurts.nl,https://www.bouwendnederland.nl/vereniging/lidbedrijf-zoeken?page=55
Bouw- en Timmerbedrijf Boer,MIDDELSTUM,Pompsterweg 12  9991 TJ MIDDELSTUM,Pompsterweg 12  9991 TJ MIDDELSTUM,0595-438009,//www.timmerbedrijf-boer.nl,https://www.bouwendnederland.nl/vereniging/lidbedrijf-zoeken?page=56
Bouw- en Timmerbedrijf Mario Theeuwen V.O.F.,WANSSUM,St Leonardsweg 25 A 5861 BP WANSSUM,St Leonardsweg 25 A 5861 BP WANSSUM,0478-531799,//www.mariotheeuwen.nl,https://www.bouwendnederland.nl/vereniging/lidbedrijf-zoeken?page=56
Bouw- en Timmerbedrijf R. Schilder,OPMEER,De Veken 33  1716 KE OPMEER,De Veken 33  1716 KE OPMEER,0229-581955,//www.richardschilder.nl,https://www.bouwendnederland.nl/vereniging/lidbedrijf-zoeken?page=56
Bouw- en Timmerbedrijf Toon Braat & Zn,ROOSENDAAL,Amerikalaan 13  4703 AC ROOSENDAAL,Amerikalaan 13  4703 AC ROOSENDAAL,,,https://www.bouwendnederland.nl/vereniging/lidbedrijf-zoeken?page=56
Bouw-Slim.nl B.V.,SWIFTERBANT,Industrieweg 30  8255 PB SWIFTERBANT,Industrieweg 30  8255 PB SWIFTERBANT,0321-384691,//www.bouw-slim.nl,https://www.bouwendnederland.nl/vereniging/lidbedrijf-zoeken?page=56
Bouw-Timmerbedrijf J. Dollee B.V.,ZUIDOOSTBEEMSTER,Middenpad 26  1461 BW ZUIDOOSTBEEMSTER,Middenpad 26  1461 BW ZUIDOOSTBEEMSTER,,,https://www.bouwendnederland.nl/vereniging/lidbedrijf-zoeken?page=56
Bouwactief 's-Gravenzande B.V.,'S-GRAVENZANDE,Fultonstraat 1  2691 HA 'S-GRAVENZANDE,Fultonstraat 1  2691 HA 'S-GRAVENZANDE,0174-418168,//www.bouwactief.nl,https://www.bouwendnederland.nl/vereniging/lidbedrijf-zoeken?page=56
Bouwbedijf Iden,NOORDBROEK,Zuiderstraat 42  9635 AM NOORDBROEK,Zuiderstraat 42  9635 AM NOORDBROEK,0598-453148,//www.bouwbedrijf-iden.nl,https://www.bouwendnederland.nl/vereniging/lidbedrijf-zoeken?page=56
Bouwbedr. Ben van der Meijden B.V.,VEENENDAAL,Middelbuurtseweg 31  3903 LB VEENENDAAL,Middelbuurtseweg 31  3903 LB VEENENDAAL,0318-514284,//www.benvandermeijden.nl,https://www.bouwendnederland.nl/vereniging/lidbedrijf-zoeken?page=56
Bouwbedrijf  de Wit B.V.,WASSENAAR,Windlustweg 4  2242 HL WASSENAAR,Windlustweg 4  2242 HL WASSENAAR,070-5113429,//www.bouwbedrijfdewit.nl,https://www.bouwendnederland.nl/vereniging/lidbedrijf-zoeken?page=56
Bouwbedrijf `De Delta` B.V.,MIDDELBURG,Postbus 8017  4330 EA MIDDELBURG,Herculesweg 14  4338 PL MIDDELBURG,0118-679000,//www.dedelta.nl,https://www.bouwendnederland.nl/vereniging/lidbedrijf-zoeken?page=56
Bouwbedrijf A. de Haan,BUITENPOST,Voltastraat 4  9285 XZ BUITENPOST,Voltastraat 4  9285 XZ BUITENPOST,0511-541904,//www.dehaan-bouwbedrijf.nl,https://www.bouwendnederland.nl/vereniging/lidbedrijf-zoeken?page=56
Bouwbedrijf A. Huurdeman B.V.,AMERSFOORT,Terminalweg 13  3821 AJ AMERSFOORT,Terminalweg 13  3821 AJ AMERSFOORT,033-4553838,//www.huurdeman.nl,https://www.bouwendnederland.nl/vereniging/lidbedrijf-zoeken?page=56
Bouwbedrijf A. Jansen B.V.,KRUININGEN,Sluisweg 2  4416 NH KRUININGEN,Sluisweg 2  4416 NH KRUININGEN,,,https://www.bouwendnederland.nl/vereniging/lidbedrijf-zoeken?page=56
Bouwbedrijf A. Janssen,HONSELERSDIJK,Nieuweweg 106  2675 BE HONSELERSDIJK,Nieuweweg 106  2675 BE HONSELERSDIJK,0174-624189,//www.bouwbedrijfajanssen.nl,https://www.bouwendnederland.nl/vereniging/lidbedrijf-zoeken?page=56
Bouwbedrijf A. Schollee,WORMERVEER,Vrijheidweg 53  1521 RP WORMERVEER,Vrijheidweg 53  1521 RP WORMERVEER,075-6282834,//www.schollee.nl,https://www.bouwendnederland.nl/vereniging/lidbedrijf-zoeken?page=56
Bouwbedrijf A. van der Wal B.V.,WOLVEGA,Postbus 293  8470 AG WOLVEGA,Oppers 3 a 8471 ZK WOLVEGA,0561-613080,//www.avanderwalbv.nl,https://www.bouwendnederland.nl/vereniging/lidbedrijf-zoeken?page=56
Bouwbedrijf A. van Schijndel B.V.,GEMERT,Scheiweg 1  5421 XL GEMERT,Scheiweg 1  5421 XL GEMERT,0492-363027,//www.avanschijndel.nl,https://www.bouwendnederland.nl/vereniging/lidbedrijf-zoeken?page=56
Bouwbedrijf A.E. Mandersloot B.V.,RENSWOUDE,De Hooge Hoek 32  3927 GG RENSWOUDE,De Hooge Hoek 32  3927 GG RENSWOUDE,0318-303596,//www.aemandersloot.nl,https://www.bouwendnederland.nl/vereniging/lidbedrijf-zoeken?page=56
Bouwbedrijf A.G. School,GROENINGEN,Hultenhoek 1  5826 AE GROENINGEN,Hultenhoek 1  5826 AE GROENINGEN,0478-631582,//www.bouwbedrijfagschool.nl,https://www.bouwendnederland.nl/vereniging/lidbedrijf-zoeken?page=56
Bouwbedrijf A.H. Visser & Zn. B.V.,LEMMER,Straatweg 22  8531 HE LEMMER,Straatweg 22  8531 HE LEMMER,0514-561464,//www.bouwbedrijfahvisser.nl,https://www.bouwendnederland.nl/vereniging/lidbedrijf-zoeken?page=57
Bouwbedrijf A.Th. van Bruggen,HAARLEM,Oosterstraat 1 c 2022 CT HAARLEM,Oosterstraat 1 c 2022 CT HAARLEM,023-5390270,//www.vanbruggenbouwbedrijf.nl,https://www.bouwendnederland.nl/vereniging/lidbedrijf-zoeken?page=57
Bouwbedrijf aan de Stegge B.V.,ENTER,Postbus 38  7468 ZG ENTER,vonderweg 6 6  7468 DC ENTER,0547-381774,//www.aandestegge.com,https://www.bouwendnederland.nl/vereniging/lidbedrijf-zoeken?page=57
Bouwbedrijf Aartsen &  Weijman,BAAK,Zutphen-Emmerikseweg 56  7223 DH BAAK,Zutphen-Emmerikseweg 56  7223 DH BAAK,0575-572572,//www.bouwbedrijfaartsen-weijman.nl,https://www.bouwendnederland.nl/vereniging/lidbedrijf-zoeken?page=57
Bouwbedrijf Adriaanse B.V.,MIDDELBURG,Heerlijkheidsweg 13  4332 SN MIDDELBURG,Heerlijkheidsweg 13  4332 SN MIDDELBURG,,,https://www.bouwendnederland.nl/vereniging/lidbedrijf-zoeken?page=57
Bouwbedrijf ADSuijkerbuijk B.V.,RUCPHEN,Sprundelseweg 45 C 4715 RB RUCPHEN,Sprundelseweg 45 C 4715 RB RUCPHEN,0165-348053,//www.bbads.nl,https://www.bouwendnederland.nl/vereniging/lidbedrijf-zoeken?page=57
Bouwbedrijf Alberts & de Croon B.V.,Deventer,Kluwerweg 13  7418 HK DEVENTER,Kluwerweg 13  7418 HK Deventer,0571-700515,//www.acbouwbedrijf.nl,https://www.bouwendnederland.nl/vereniging/lidbedrijf-zoeken?page=57
Bouwbedrijf Alexander Robbers B.V.,BERGHEM,Zevenbergseweg 9  5351 PE BERGHEM,Zevenbergseweg 9  5351 PE BERGHEM,0412-760157,//www.bouwbedrijfrobbers.nl,https://www.bouwendnederland.nl/vereniging/lidbedrijf-zoeken?page=57
Bouwbedrijf All-bouw Zaanstad,WORMER,Eendrachtstraat 17  1531 DT WORMER,Eendrachtstraat 17  1531 DT WORMER,075-2023866,//www.allbouwzaanstad.nl,https://www.bouwendnederland.nl/vereniging/lidbedrijf-zoeken?page=57
Bouwbedrijf Andre Doevendans B.V.,TILBURG,Kapitein Hatterasstraat 30  5015 BB TILBURG,Kapitein Hatterasstraat 30  5015 BB TILBURG,013-5360353,//www.andredoevendans.nl,https://www.bouwendnederland.nl/vereniging/lidbedrijf-zoeken?page=57
Bouwbedrijf Andree,WINSUM FR,De Havens 1  8635 ME BOAZUM,St. Michaelsberch 5  8831 ZM WINSUM FR,0515-520984,//www.bouwbedrijfandree.nl,https://www.bouwendnederland.nl/vereniging/lidbedrijf-zoeken?page=57
Bouwbedrijf ArHenCo,NIEUWERKERK AD IJSSEL,2e Tochtweg 60  2913 LS NIEUWERKERK AD IJSSEL,2e Tochtweg 60  2913 LS NIEUWERKERK AD IJSSEL,0180-324368,//www.arhenco.nl,https://www.bouwendnederland.nl/vereniging/lidbedrijf-zoeken?page=57
Bouwbedrijf Aris en Edmond Kabel B.V.,ILPENDAM,Dorpsstraat 29  1452 PE ILPENDAM,Dorpsstraat 29  1452 PE ILPENDAM,020-4361583,//www.kabel-bouw.nl,https://www.bouwendnederland.nl/vereniging/lidbedrijf-zoeken?page=57
Bouwbedrijf Aris Molenaar,ZIJDEWIND,Havenstraat 36  1736 KE ZIJDEWIND,Havenstraat 36  1736 KE ZIJDEWIND,,,https://www.bouwendnederland.nl/vereniging/lidbedrijf-zoeken?page=57
Bouwbedrijf Assink Haaksbergen B.V.,HAAKSBERGEN,Kattendamsweg 9  7482 NM HAAKSBERGEN,Kattendamsweg 9  7482 NM HAAKSBERGEN,074-3575372,,https://www.bouwendnederland.nl/vereniging/lidbedrijf-zoeken?page=57
Bouwbedrijf AvH Bouw B.V.,GRAVE,Koninginnedijk 838  5361 CR GRAVE,Koninginnedijk 838  5361 CR GRAVE,,,https://www.bouwendnederland.nl/vereniging/lidbedrijf-zoeken?page=57
Bouwbedrijf B&J B.V.,ZAANDAM,De Gortpeller 88  1502 BV ZAANDAM,De Gortpeller 88  1502 BV ZAANDAM,075-0000000,,https://www.bouwendnederland.nl/vereniging/lidbedrijf-zoeken?page=57
Bouwbedrijf B. Desaunois B.V.,ZWAAGDIJK,Appelmarkt 4  1681 PE ZWAAGDIJK-OOST,Appelmarkt 4  1681 PE ZWAAGDIJK,0228-545060,//www.desaunois.nl,https://www.bouwendnederland.nl/vereniging/lidbedrijf-zoeken?page=57
Bouwbedrijf B. Jannink B.V.,HOGE HEXEL,Oude Schoolweg 1  7645 AS HOGE HEXEL,Oude Schoolweg 1  7645 AS HOGE HEXEL,0546-697235,//www.janninkbouw.nl,https://www.bouwendnederland.nl/vereniging/lidbedrijf-zoeken?page=57
Bouwbedrijf B.J. van der Steeg B.V.,GENEMUIDEN,Sasdijk 1  8281 BM GENEMUIDEN,Sasdijk 1  8281 BM GENEMUIDEN,038-3854288,//www.vandersteeg.nl,https://www.bouwendnederland.nl/vereniging/lidbedrijf-zoeken?page=57
Bouwbedrijf Bakker Arkel B.V.,ARKEL,Postbus 781  4200 AT GORINCHEM,Onderweg 28  4241 XG ARKEL,0183-622311,//www.bakkerarkel.nl,https://www.bouwendnederland.nl/vereniging/lidbedrijf-zoeken?page=58
"Bouwbedrijf Bakker Arkel B.V., vestiging",CAPELLE AAN DEN IJSSEL,Mient 20  2903 LC CAPELLE AAN DEN IJSSEL,Mient 20  2903 LC CAPELLE AAN DEN IJSSEL,,,https://www.bouwendnederland.nl/vereniging/lidbedrijf-zoeken?page=58
Bouwbedrijf Bakker B.V.,WOLVEGA,Heerenveenseweg 99  8471 ZA WOLVEGA,Heerenveenseweg 99  8471 ZA WOLVEGA,0561-499253,//www.bouwbedrijfbakker.nl,https://www.bouwendnederland.nl/vereniging/lidbedrijf-zoeken?page=58
Bouwbedrijf Balemans B.V.,BREDA,Hoenderparkweg 14  4838 BK BREDA,Hoenderparkweg 14  4838 BK BREDA,076-5212901,//www.balemans.nl,https://www.bouwendnederland.nl/vereniging/lidbedrijf-zoeken?page=58
Bouwbedrijf Barten B.V.,HOUTEN,Kaagschip 7  3991 CS HOUTEN,Kaagschip 7  3991 CS HOUTEN,0343-521944,//www.barten.nl,https://www.bouwendnederland.nl/vereniging/lidbedrijf-zoeken?page=58
Bouwbedrijf Bastion B.V.,GROENLO,Den Sliem 37 a 7141 JE GROENLO,Den Sliem 37 a 7141 JE GROENLO,0544-729096,//www.bouwbedrijfbastion.nl,https://www.bouwendnederland.nl/vereniging/lidbedrijf-zoeken?page=58
Bouwbedrijf Baten B.V.,GELDROP,Spaarpot 21  5667 KV GELDROP,Spaarpot 21  5667 KV GELDROP,040-2856039,//www.batenbouw.nl,https://www.bouwendnederland.nl/vereniging/lidbedrijf-zoeken?page=58
Bouwbedrijf Batenburg B.V.,HALSTEREN,Steenspil 12 b 4661 TZ HALSTEREN,Steenspil 12 b 4661 TZ HALSTEREN,0167-560620,//https://bouwbedrijfbatenburg.nl/,https://www.bouwendnederland.nl/vereniging/lidbedrijf-zoeken?page=58
Bouwbedrijf BDS,KATWIJK ZH,Boulevard 48  2225 AD KATWIJK ZH,Blokmakerstraat 7  2222 AD KATWIJK ZH,,,https://www.bouwendnederland.nl/vereniging/lidbedrijf-zoeken?page=58
Bouwbedrijf Beck V.O.F.,KLUNDERT,Walstraat 26  4791 JC KLUNDERT,Walstraat 26  4791 JC KLUNDERT,0168-407525,//www.bouwbedrijfbeck.nl,https://www.bouwendnederland.nl/vereniging/lidbedrijf-zoeken?page=58
Bouwbedrijf Beitler B.V.,HOEVELAKEN,De Wel 26  3871 MV HOEVELAKEN,De Wel 26  3871 MV HOEVELAKEN,033-2534218,//www.bouwbedrijfbeitler.nl,https://www.bouwendnederland.nl/vereniging/lidbedrijf-zoeken?page=58
Bouwbedrijf Bejaco B.V.,BENSCHOP,Dorp 109  3405 BB BENSCHOP,Dorp 109  3405 BB BENSCHOP,0348-451450,//www.bejaco.nl,https://www.bouwendnederland.nl/vereniging/lidbedrijf-zoeken?page=58
Bouwbedrijf Beltman B.V.,BORCULO,Korenbree 44  7271 LH BORCULO,Korenbree 44  7271 LH BORCULO,0545-271975,//www.beltmanbouw.nl,https://www.bouwendnederland.nl/vereniging/lidbedrijf-zoeken?page=58
Bouwbedrijf Bepam B.V.,AALTEN,Vierde Broekdijk 27  7122 JD AALTEN,Vierde Broekdijk 27  7122 JD AALTEN,0543-473235,//www.bouwbedrijfbepam.nl,https://www.bouwendnederland.nl/vereniging/lidbedrijf-zoeken?page=58
Bouwbedrijf Berghege B.V.,OSS,Postbus 46  5340 AA OSS,Begijnenstraat 3  5341 BD OSS,0412-633977,//www.berghege.nl,https://www.bouwendnederland.nl/vereniging/lidbedrijf-zoeken?page=58
Bouwbedrijf Bert Groot B.V.,HEERHUGOWAARD,Newtonstraat 42  F 1704 SB HEERHUGOWAARD,Newtonstraat 42 F 1704 SB HEERHUGOWAARD,072-5346544,//www.bertgroot.nl,https://www.bouwendnederland.nl/vereniging/lidbedrijf-zoeken?page=58
Bouwbedrijf Bert Jansen B.V.,OCHTEN,Mercuriusweg 46  4051 CV OCHTEN,Mercuriusweg 46  4051 CV OCHTEN,0488-484016,//www.bertjansenbv.nl,https://www.bouwendnederland.nl/vereniging/lidbedrijf-zoeken?page=58
Bouwbedrijf Beurskens,SON EN BREUGEL,Zuiderkruislaan 26  5694 LV SON EN BREUGEL,Zuiderkruislaan 26  5694 LV SON EN BREUGEL,0499-471065,//www.bouwbedrijfbeurskens.nl,https://www.bouwendnederland.nl/vereniging/lidbedrijf-zoeken?page=58
Bouwbedrijf Bijland Berlikum B.V.,BERLIKUM FR,Jetskereed 1 e 9041 VJ BERLIKUM FR,Jetskereed 1 e 9041 VJ BERLIKUM FR,0518-461331,//www.bouwbedrijfbijland.nl,https://www.bouwendnederland.nl/vereniging/lidbedrijf-zoeken?page=58
Bouwbedrijf Blaauboer,Den Burg,De Dageraad 12  1797 SL DEN HOORN TEXEL,Wezenland 3A  1791 AZ Den Burg,,,https://www.bouwendnederland.nl/vereniging/lidbedrijf-zoeken?page=58
Bouwbedrijf Blokzijl B.V.,BLIJHAM,Hoofdweg 154  9697 NR BLIJHAM,Hoofdweg 154  9697 NR BLIJHAM,0597-561225,//www.bouwbedrijfblokzijl.nl,https://www.bouwendnederland.nl/vereniging/lidbedrijf-zoeken?page=59
Bouwbedrijf Bodavi BV,HEDEL,Ammerzodenseweg 27  5321 GA HEDEL,Ammerzodenseweg 27  5321 GA HEDEL,073-5991541,//www.bodavi.nl,https://www.bouwendnederland.nl/vereniging/lidbedrijf-zoeken?page=59
Bouwbedrijf Boelens B.V.,NORG,Asserstraat 24  9331 JC NORG,Asserstraat 24  9331 JC NORG,0592-612254,//www.bouwbedrijfboelens.nl,https://www.bouwendnederland.nl/vereniging/lidbedrijf-zoeken?page=59
Bouwbedrijf Boerekamp B.V.,BLADEL,Industrieweg 10  5531 AD BLADEL,Industrieweg 10  5531 AD BLADEL,0497-514284,//www.boerekamp.nl,https://www.bouwendnederland.nl/vereniging/lidbedrijf-zoeken?page=59
Bouwbedrijf Boers B.V.,GRUBBENVORST,Parallelweg 8  5971 BG GRUBBENVORST,Parallelweg 8  5971 BG GRUBBENVORST,077-3661601,//www.boersbouw.nl,https://www.bouwendnederland.nl/vereniging/lidbedrijf-zoeken?page=59
Bouwbedrijf Boesenkool Nieuwleusen B.V.,NIEUWLEUSEN,Meeleweg 14  7711 EM NIEUWLEUSEN,Meeleweg 14  7711 EM NIEUWLEUSEN,0529-484830,//www.bouwbedrijfboesenkool.nl,https://www.bouwendnederland.nl/vereniging/lidbedrijf-zoeken?page=59
Bouwbedrijf Bolten B.V.,ALKMAAR,Laanenderweg 65  1812 PW ALKMAAR,Laanenderweg 65  1812 PW ALKMAAR,072-5400544,//www.bolten.net,https://www.bouwendnederland.nl/vereniging/lidbedrijf-zoeken?page=59
Bouwbedrijf Bon B.V.,LOENEN AAN DE VECHT,De Werf 6  3632 AE LOENEN AAN DE VECHT,De Werf 6  3632 AE LOENEN AAN DE VECHT,0294-233736,//www.bonbouw.nl,https://www.bouwendnederland.nl/vereniging/lidbedrijf-zoeken?page=59
Bouwbedrijf Boogert B.V.,OOSTERLAND,Manteling 8  4307 CJ OOSTERLAND,Manteling 8  4307 CJ OOSTERLAND,0111-641596,//www.bouwbedrijfboogert.nl,https://www.bouwendnederland.nl/vereniging/lidbedrijf-zoeken?page=59
Bouwbedrijf Boorsma,ST.-ANNAPAROCHIE,De Draai 9  9076 PD ST.-ANNAPAROCHIE,De Draai 9  9076 PD ST.-ANNAPAROCHIE,0517-231843,//www.bouwbedrijfboorsma.nl,https://www.bouwendnederland.nl/vereniging/lidbedrijf-zoeken?page=59
Bouwbedrijf Boot B.V.,BREDA,Grenssteen 27  4815 PP BREDA,Grenssteen 27  4815 PP BREDA,076-5415597,//www.bouwbedrijfboot.nl,https://www.bouwendnederland.nl/vereniging/lidbedrijf-zoeken?page=59
Bouwbedrijf Bootsma B.V. Tirns,TIRNS,Terpstrjitte 5  8632 WJ TIRNS,Terpstrjitte 5  8632 WJ TIRNS,0515-569394,//www.bootsma-tirns.nl,https://www.bouwendnederland.nl/vereniging/lidbedrijf-zoeken?page=59
Bouwbedrijf Bos Terschelling B.V.,TERSCHELLING FORMERUM,Formerum 93  8894 KD TERSCHELLING FORMERUM,Formerum 93  8894 KD TERSCHELLING FORMERUM,0562-448541,//www.jaapsbosbeheer.nl,https://www.bouwendnederland.nl/vereniging/lidbedrijf-zoeken?page=59
Bouwbedrijf Bosma B.V.,RUTTEN,Meerweg 41  8313 AL RUTTEN,Meerweg 41  8313 AL RUTTEN,0527-262341,//www.bosmabv.nl,https://www.bouwendnederland.nl/vereniging/lidbedrijf-zoeken?page=59
Bouwbedrijf Bouwop B.V.,OUDE MEER,Schipholdijk 268  1438 AE OUDE MEER,Schipholdijk 268  1438 AE OUDE MEER,020-4954008,//www.bouwop.nl,https://www.bouwendnederland.nl/vereniging/lidbedrijf-zoeken?page=59
Bouwbedrijf Bouwstof B.V.,ZWAAG,De Factorij 28 L 1689 AL ZWAAG,De Factorij 28 L 1689 AL ZWAAG,0229-282544,//www.bouwstof.nl,https://www.bouwendnederland.nl/vereniging/lidbedrijf-zoeken?page=59
Bouwbedrijf Braakman & Pannekoek B.V.,EPE,Kweekweg 32 G 8161 PG EPE,Kweekweg 32 G 8161 PG EPE,0578-615186,//www.braakmanpannekoek.nl,https://www.bouwendnederland.nl/vereniging/lidbedrijf-zoeken?page=59
Bouwbedrijf Braamhaar B.V.,ENTER,Veldegge 37  7468 DJ ENTER,Veldegge 37  7468 DJ ENTER,0547-381404,//www.bouwbedrijf-braamhaar.nl,https://www.bouwendnederland.nl/vereniging/lidbedrijf-zoeken?page=59
Bouwbedrijf Bruinhorst & Van den Broek B.V.,BARNEVELD,Wesselseweg 60  3771 PD BARNEVELD,Wesselseweg 60  3771 PD BARNEVELD,0342-416012,//www.bouwbedrijfbbb.nl,https://www.bouwendnederland.nl/vereniging/lidbedrijf-zoeken?page=59
Bouwbedrijf Bruinsma B.V.,HEERENVEEN,Leeuwarderstraatweg 83 -85 8441 PH HEERENVEEN,Leeuwarderstraatweg 83 -85 8441 PH HEERENVEEN,0513-633467,//www.bouwbedrijf-bruinsma.nl,https://www.bouwendnederland.nl/vereniging/lidbedrijf-zoeken?page=59
Bouwbedrijf Bukkems-Willems B.V.,MILHEEZE,Binnenveld 12  5763 BT MILHEEZE,Binnenveld 12  5763 BT MILHEEZE,0492-345195,//www.bukkems-willems.nl,https://www.bouwendnederland.nl/vereniging/lidbedrijf-zoeken?page=60
Bouwbedrijf Burgmans B.V.,BERGEIJK,Standerdmolen 3 A 5571 RN BERGEIJK,Standerdmolen 3 a 5571 RN BERGEIJK,0497-572220,//www.bouwbedrijfburgmans.nl,https://www.bouwendnederland.nl/vereniging/lidbedrijf-zoeken?page=60
Bouwbedrijf Busstra B.V.,LUINJEBERD,Aengwirderweg 129  A 8459 BK LUINJEBERD,Aengwirderweg 129  A 8459 BK LUINJEBERD,0513-529444,//www.busstra.nl,https://www.bouwendnederland.nl/vereniging/lidbedrijf-zoeken?page=60
Bouwbedrijf C&P van Engelen BV,GILZE,Akkerstraat 11  5126 PJ GILZE,Akkerstraat 11  5126 PJ GILZE,0161-455381,//www.vanengelengilze.nl,https://www.bouwendnederland.nl/vereniging/lidbedrijf-zoeken?page=60
Bouwbedrijf C. Bos B.V.,LIMMEN,Middenweg 41 a 1906 AP LIMMEN,Middenweg 41 a 1906 AP LIMMEN,072-5051226,//www.bouwbedrijfcbos.nl,https://www.bouwendnederland.nl/vereniging/lidbedrijf-zoeken?page=60
Bouwbedrijf C. Keizer,WAPENVELD,Manenbergerweg 1  8191 LS WAPENVELD,Lagestraat  13  8191 LN WAPENVELD,038-4478746,//www.keizerbouwbedrijf.nl,https://www.bouwendnederland.nl/vereniging/lidbedrijf-zoeken?page=60
Bouwbedrijf C. Leeuwis B.V.,BARNEVELD,Amersfoortsestraat 37  3772 CG BARNEVELD,Amersfoortsestraat 37  3772 CG BARNEVELD,0342-414005,//www.bouwbedrijfleeuwis.nl,https://www.bouwendnederland.nl/vereniging/lidbedrijf-zoeken?page=60
Bouwbedrijf C. Tadema Groningen B.V.,GRONINGEN,Postbus 70093  9704 AB GRONINGEN,Peizerweg 142  9727 AP GRONINGEN,050-5276677,//www.tademagroningen.nl,https://www.bouwendnederland.nl/vereniging/lidbedrijf-zoeken?page=60
Bouwbedrijf C.G. Waleveld en Zonen B.V.,AMSTERDAM,Rhoneweg 20  1043 AH AMSTERDAM,Rhoneweg 20  1043 AH AMSTERDAM,023-5378477,//www.waleveld.nl,https://www.bouwendnederland.nl/vereniging/lidbedrijf-zoeken?page=60
Bouwbedrijf C.J. Heesters & Zn. B.V.,RAAMSDONKSVEER,Zalmweg 38  4941 VX RAAMSDONKSVEER,Zalmweg 38  4941 VX RAAMSDONKSVEER,0162-512363,//www.bouwbedrijfheesters.nl,https://www.bouwendnederland.nl/vereniging/lidbedrijf-zoeken?page=60
Bouwbedrijf C.J. Rijk B.V.,HEINKENSZAND,Danielsweg 1  4451 HP HEINKENSZAND,Danielsweg 1  4451 HP HEINKENSZAND,0113-561593,//www.rijkbouw.nl,https://www.bouwendnederland.nl/vereniging/lidbedrijf-zoeken?page=60
Bouwbedrijf Ceelen B.V.,HELMOND,Korte Venstraat 6  5708 JP HELMOND,Korte Venstraat 6  5708 JP HELMOND,0492-525463,//www.bouwbedrijfceelen.nl,https://www.bouwendnederland.nl/vereniging/lidbedrijf-zoeken?page=60
Bouwbedrijf Cor Koper B.V.,HEERHUGOWAARD,Dopplerstraat 1  1704 SR HEERHUGOWAARD,Dopplerstraat 1  1704 SR HEERHUGOWAARD,072-5314375,//www.corkoper.nl,https://www.bouwendnederland.nl/vereniging/lidbedrijf-zoeken?page=60
Bouwbedrijf Cornel B.V.,JOURE,Produksjewei 8  8501 XD JOURE,Produksjewei 8  8501 XD JOURE,0513-415800,//www.bouwbedrijf-cornel.nl,https://www.bouwendnederland.nl/vereniging/lidbedrijf-zoeken?page=60
Bouwbedrijf D. Adema v.o.f.,WESTERGEEST,Eelke Meinertswei 12  9295 KB WESTERGEEST,Eelke Meinertswei 12  9295 KB WESTERGEEST,0511-442187,//www.bouwbedrijfadema.nl,https://www.bouwendnederland.nl/vereniging/lidbedrijf-zoeken?page=60
Bouwbedrijf D. Middelkoop,AALSMEER,Hellendaalstraat 1  1431 ZG AALSMEER,Hellendaalstraat 1  1431 ZG AALSMEER,0297-293959,//www.diobouw.nl,https://www.bouwendnederland.nl/vereniging/lidbedrijf-zoeken?page=60
Bouwbedrijf D. van der Veer,SONDEL,Beuckenswijkstraat 16  8565 GN SONDEL,Beuckenswijkstraat 16  8565 GN SONDEL,0514-602198,,https://www.bouwendnederland.nl/vereniging/lidbedrijf-zoeken?page=60
Bouwbedrijf Daamen Veldhoven B.V,VELDHOVEN,De Run 5407  5504 DG VELDHOVEN,De Run 5407  5504 DG VELDHOVEN,,,https://www.bouwendnederland.nl/vereniging/lidbedrijf-zoeken?page=60
Bouwbedrijf Damsteegt,NIEUW-LEKKERLAND,Veenweideweg 25  2957 LD NIEUW LEKKERLAND,Veenweideweg 25  2957 LD NIEUW-LEKKERLAND,0184-687340,//www.damsteegt.nl,https://www.bouwendnederland.nl/vereniging/lidbedrijf-zoeken?page=60
Bouwbedrijf Davelaar B.V.,WOUDENBERG,De Nort 3  3931 NE WOUDENBERG,De Nort 3  3931 NE WOUDENBERG,033-2866916,//www.davelaar.nl,https://www.bouwendnederland.nl/vereniging/lidbedrijf-zoeken?page=60
Bouwbedrijf de Betuwe B.V.,RUURLO,Spoorstraat 66 A 7261 AG RUURLO,Spoorstraat 66 A 7261 AG RUURLO,026-7852131,//www.bouwbedrijfdebetuwe.nl,https://www.bouwendnederland.nl/vereniging/lidbedrijf-zoeken?page=61
Bouwbedrijf De Boer BV,GRONINGEN,Wismarweg 23  9723 HC GRONINGEN,Wismarweg 23  9723 HC GRONINGEN,050-5472100,//www.bouwbedrijf-deboer.nl,https://www.bouwendnederland.nl/vereniging/lidbedrijf-zoeken?page=61
"Bouwbedrijf de Boer, vestiging Kantens",KANTENS,Bredeweg 2  9995 PT KANTENS,Bredeweg 2  9995 PT KANTENS,0595-552241,//www.bouwbedrijf-deboer.nl,https://www.bouwendnederland.nl/vereniging/lidbedrijf-zoeken?page=61
Bouwbedrijf de Bruin Putten B.V.,PUTTEN,Kerkwegje 17  3882 BA PUTTEN,Kerkwegje 17  3882 BA PUTTEN,0341-352069,//www.debruinputten.nl,https://www.bouwendnederland.nl/vereniging/lidbedrijf-zoeken?page=61
Bouwbedrijf De Caluwé B.V.,GRAAUW,Dorpsstraat 2 b 4569 AJ GRAAUW,Dorpsstraat 2 b 4569 AJ GRAAUW,0114-633010,//www.bouwbedrijfdecaluwe.com,https://www.bouwendnederland.nl/vereniging/lidbedrijf-zoeken?page=61
Bouwbedrijf De Driehoek bv,,Industrieweg 9 b 7141 DD GROENLO,Industrieweg 9b b 7141 DD,0544-463155,//www.bouwbedrijfdedriehoek.nl,https://www.bouwendnederland.nl/vereniging/lidbedrijf-zoeken?page=61
Bouwbedrijf de graaf,RAALTE,Westdorplaan 99  8101 BD RAALTE,Westdorplaan 99  8101 BD RAALTE,0572-355714,//www.degraaftimmerbedrijf.nl,https://www.bouwendnederland.nl/vereniging/lidbedrijf-zoeken?page=61
Bouwbedrijf de Graaf B.V.,LEIMUIDEN,Burg Bakhuizenlaan 44  2451 AB LEIMUIDEN,Burgemeester Bakhuizenlaan 44  2451 AB LEIMUIDEN,0172-506506,//www.bouwbedrijfdegraafbv.nl,https://www.bouwendnederland.nl/vereniging/lidbedrijf-zoeken?page=61
Bouwbedrijf De Graafschap B.V.,DOETINCHEM,Postbus 8033  7000 DE DOETINCHEM,Expeditieweg 7  7007 CM DOETINCHEM,0314-820290,//www.bouwbedrijfdegraafschap.nl,https://www.bouwendnederland.nl/vereniging/lidbedrijf-zoeken?page=61
Bouwbedrijf De Groot,DE ZILK,Zilkerduinweg 392 a 2191 AV DE ZILK,Zilkerduinweg 392 a 2191 AV DE ZILK,0252-517057,//www.bouwbedrijf-degroot.nl,https://www.bouwendnederland.nl/vereniging/lidbedrijf-zoeken?page=61
Bouwbedrijf de Haan Diepenveen B.V.,DIEPENVEEN,Molenweg 36  7431 BK DIEPENVEEN,Molenweg 36  7431 BK DIEPENVEEN,0570-592500,//www.dehaandiepenveen.nl,https://www.bouwendnederland.nl/vereniging/lidbedrijf-zoeken?page=61
Bouwbedrijf De Haze B.V.,KAMPERLAND,Ruiterplaatweg 2 D 4493 PG KAMPERLAND,Ruiterplaatweg 2 D 4493 PG KAMPERLAND,0113-373939,//www.rijkbouw.nl,https://www.bouwendnederland.nl/vereniging/lidbedrijf-zoeken?page=61
Bouwbedrijf De Hoogh,DONGEN,Minister Ruys de Beerenbrouckstraat 4  5104 KD DONGEN,Minister Ruys de Beerenbrouckstraat 4  5104 KD DONGEN,0162-320980,//www.bouwbedrijfdehoogh.nl,https://www.bouwendnederland.nl/vereniging/lidbedrijf-zoeken?page=61
Bouwbedrijf De Jong,LANGEZWAAG,Boerestreek 4 c 8404 BJ LANGEZWAAG,Boerestreek 4 c 8404 BJ LANGEZWAAG,0513-688870,//www.bouwbedrijfdejonglangezwaag.nl,https://www.bouwendnederland.nl/vereniging/lidbedrijf-zoeken?page=61
Bouwbedrijf De Jong & De Wal B.V.,GROU,De Seize 9  9001 XT GROU,De Seize 9  9001 XT GROU,0566-621579,//www.dejongdewal.nl,https://www.bouwendnederland.nl/vereniging/lidbedrijf-zoeken?page=61
Bouwbedrijf de Jong Twente B.V.,HENGELO OV,Benninksweg 58  7555 PA HENGELO OV,Benninksweg 58  7555 PA HENGELO OV,074-2918083,//www.bouwbedrijf-dejong.nl,https://www.bouwendnederland.nl/vereniging/lidbedrijf-zoeken?page=61
Bouwbedrijf De Jonge BV,NAARDEN,Nikkelstraat 1 c 1411 AB NAARDEN,Nikkelstraat 1 c 1411 AB NAARDEN,035-5235216,//www.bouwbedrijfdejonge.nl,https://www.bouwendnederland.nl/vereniging/lidbedrijf-zoeken?page=61
Bouwbedrijf de Laat B.V.,MADE,Crullaan 56  4921 VE MADE,Crullaan 56  4921 VE MADE,,,https://www.bouwendnederland.nl/vereniging/lidbedrijf-zoeken?page=61
Bouwbedrijf De Lange-Van der Plas B.V.,KATWIJK ZH,Ambachtsweg 20 A 2222 AL KATWIJK ZH,ambachtsweg 20 A 2222 AL KATWIJK ZH,071-4024417,//www.delangevanderplas.nl,https://www.bouwendnederland.nl/vereniging/lidbedrijf-zoeken?page=61
Bouwbedrijf De Langen & van den Berg B.V.,BERGAMBACHT,Smederijstraat 35  2861 GP BERGAMBACHT,Smederijstraat 35  2861 GP BERGAMBACHT,0182-351759,//www.delangenvdberg.nl,https://www.bouwendnederland.nl/vereniging/lidbedrijf-zoeken?page=61
Bouwbedrijf de Roest B.V.,HEERJANSDAM,Nessenweg 2  2995 DA HEERJANSDAM,Nessenweg 2  2995 DA HEERJANSDAM,078-6775160,//www.bouwbedrijfderoest.nl,https://www.bouwendnederland.nl/vereniging/lidbedrijf-zoeken?page=62
Bouwbedrijf De Vries,MAURIK,Goudplevier 14  4021 HT MAURIK,Goudplevier 14  4021 HT MAURIK,,,https://www.bouwendnederland.nl/vereniging/lidbedrijf-zoeken?page=62
Bouwbedrijf De Vries,WOUDSEND,Vosseleane 18  8551 RA WOUDSEND,Vosseleane 18  8551 RA WOUDSEND,0514-591318,//www.bouwbedrijfdevrieswoudsend.nl,https://www.bouwendnederland.nl/vereniging/lidbedrijf-zoeken?page=62
Bouwbedrijf de Vries,SNEEK,Zeilmakersstraat 13  8601 WT SNEEK,Zeilmakersstraat 13  8601 WT SNEEK,0515-430500,//www.vriesbouw.nl,https://www.bouwendnederland.nl/vereniging/lidbedrijf-zoeken?page=62
Bouwbedrijf De Vries Leeuwarden BV,LEEUWARDEN,Postbus 2573  8901 AB LEEUWARDEN,Spanjaardslaan 12 a 8917 AT LEEUWARDEN,058-2129174,//www.bdvl.nl,https://www.bouwendnederland.nl/vereniging/lidbedrijf-zoeken?page=62
Bouwbedrijf De Waal Utrecht B.V.,UTRECHT,Pythagoraslaan 101  3584 BB UTRECHT,Pythagoraslaan 101  3584 BB UTRECHT,030-2662744,,https://www.bouwendnederland.nl/vereniging/lidbedrijf-zoeken?page=62
Bouwbedrijf de Winter,GOUDA,James Wattstraat 7 B 2809 PA GOUDA,James Wattstraat 7 B 2809 PA GOUDA,0182-338130,//www.bouwbedrijfdewinter.nl,https://www.bouwendnederland.nl/vereniging/lidbedrijf-zoeken?page=62
Bouwbedrijf de Witte B.V.,STAPHORST,Weth Timmermanstraat 3  7951 SH STAPHORST,Wethouder Timmermanstraat 3  7951 SH STAPHORST,0522-461634,//www.dewittebv.nl,https://www.bouwendnederland.nl/vereniging/lidbedrijf-zoeken?page=62
Bouwbedrijf Den Hoorn B.V.,DEN HOORN ZH,Herfordstraat 14  7418 EX DEVENTER,Harnaskade 14  2635 CB DEN HOORN ZH,015-2618883,,https://www.bouwendnederland.nl/vereniging/lidbedrijf-zoeken?page=62
Bouwbedrijf den Toom-Heikoop B.V.,GORINCHEM,Vaart 10  4206 CE GORINCHEM,Vaart 10  4206 CE GORINCHEM,0183-581251,//www.bouwbedrijfdth.nl,https://www.bouwendnederland.nl/vereniging/lidbedrijf-zoeken?page=62
Bouwbedrijf Dijkers,KOCKENGEN,Wagendijk 24  3628 ER KOCKENGEN,Wagendijk 24  3628 ER KOCKENGEN,0346-241272,,https://www.bouwendnederland.nl/vereniging/lidbedrijf-zoeken?page=62
Bouwbedrijf Dijksterhuis B.V.,UITHUIZEN,Maarweg 26  9981 KZ UITHUIZEN,Industrieweg 12 b 9981 HJ UITHUIZEN,0595-432491,//www.dijksterhuis-bouw.nl,https://www.bouwendnederland.nl/vereniging/lidbedrijf-zoeken?page=62
Bouwbedrijf Dijkstra Schiermonnikoog B.V.,SCHIERMONNIKOOG,Melle Grietjespad 7  9166 LT SCHIERMONNIKOOG,Melle Grietjespad 7  9166 LT SCHIERMONNIKOOG,0519-531762,//www.bouwenopschier.nl,https://www.bouwendnederland.nl/vereniging/lidbedrijf-zoeken?page=62
Bouwbedrijf Dimmendaal B.V.,LOCHEM,Aalsvoort 69  7241 MA LOCHEM,Aalsvoort 69  7241 MA LOCHEM,0573-253073,,https://www.bouwendnederland.nl/vereniging/lidbedrijf-zoeken?page=62
Bouwbedrijf Dirk Schipper B.V.,HILVERSUM,Van Hogendorplaan 54  1215 EJ HILVERSUM,Van Hogendorplaan 54  1215 EJ HILVERSUM,035-7370338,//www.dirkschipper.nl,https://www.bouwendnederland.nl/vereniging/lidbedrijf-zoeken?page=62
Bouwbedrijf DK Bouw B.V.,BEVERWIJK,Bankenlaan 42  1944 NM BEVERWIJK,Bankenlaan 42  1944 NM BEVERWIJK,,,https://www.bouwendnederland.nl/vereniging/lidbedrijf-zoeken?page=62
Bouwbedrijf Dobu B.V.,SOMEREN,Dorser 5  5711 LE SOMEREN,Dorser 5  5711 LE SOMEREN,0493-496500,//www.bouwbedrijfdobu.nl,https://www.bouwendnederland.nl/vereniging/lidbedrijf-zoeken?page=62
Bouwbedrijf Dolstra BV,OLDEMARKT,de Hare 27  8375 GD OLDEMARKT,de Hare 27  8375 GD OLDEMARKT,0561-451006,//www.bouwbedrijfdolstra.nl,https://www.bouwendnederland.nl/vereniging/lidbedrijf-zoeken?page=62
Bouwbedrijf Doorn BV,EMMELOORD,Verlengde Gildenweg 19  8304 BK EMMELOORD,Verlengde Gildenweg 19  8304 BK EMMELOORD,0527-615692,//www.bouwbedrijfdoorn.nl,https://www.bouwendnederland.nl/vereniging/lidbedrijf-zoeken?page=62
Bouwbedrijf Doornbos,ROODESCHOOL,Tilweg 10  9983 SR ROODESCHOOL,Tilweg 10  9983 SR ROODESCHOOL,0595-412499,//www.bouwbedrijfdoornbos.nl,https://www.bouwendnederland.nl/vereniging/lidbedrijf-zoeken?page=62
Bouwbedrijf Doornbos B.V.,TYNAARLO,Energieweg 7  9482 WH TYNAARLO,Energieweg 7  9482 WH TYNAARLO,0592-542400,//www.doorbouw.nl,https://www.bouwendnederland.nl/vereniging/lidbedrijf-zoeken?page=63
Bouwbedrijf E. Schuit B.V.,HILLEGOM,Leidsestraat 126  2182 DS HILLEGOM,Leidsestraat 126  2182 DS HILLEGOM,0252-515836,//www.schuitbouwbedrijf.nl,https://www.bouwendnederland.nl/vereniging/lidbedrijf-zoeken?page=63
Bouwbedrijf E.H. de Vries B.V.,ROSSUM GLD,Maasdijk 132  5328 BJ ROSSUM GLD,Maasdijk 132  5328 BJ ROSSUM GLD,,,https://www.bouwendnederland.nl/vereniging/lidbedrijf-zoeken?page=63
Bouwbedrijf E.J. Veldhuis,EPE,Tongerenseweg 32  8162 PN EPE,Tongerenseweg 32  8162 PN EPE,0578-612287,//www.bouwbedrijfveldhuis.nl,https://www.bouwendnederland.nl/vereniging/lidbedrijf-zoeken?page=63
Bouwbedrijf E.S. van Venrooij B.V.,NOOTDORP,Koperslager 5  2631 RK NOOTDORP,Koperslager 5  2631 RK NOOTDORP,015-3109275,//www.venrooijbouw.nl,https://www.bouwendnederland.nl/vereniging/lidbedrijf-zoeken?page=63
Bouwbedrijf Ed. van Sundert B.V.,ETTEN-LEUR,Mon Plaisir 31  4879 AK ETTEN-LEUR,Mon Plaisir 31  4879 AK ETTEN-LEUR,076-5021719,,https://www.bouwendnederland.nl/vereniging/lidbedrijf-zoeken?page=63
Bouwbedrijf Eekma de Jong,KOUDUM,Tj. van der Walstraat 38  8723 CA KOUDUM,Tj. van der Walstraat 38  8723 CA KOUDUM,0514-681504,//www.eekmadejong.nl,https://www.bouwendnederland.nl/vereniging/lidbedrijf-zoeken?page=63
Bouwbedrijf Eikelboom B.V.,BEUSICHEM,Ringelpoel  2  4112 MA BEUSICHEM,Ringelpoel 2  4112 MA BEUSICHEM,0345-250058,//www.bb-eikelboom.nl,https://www.bouwendnederland.nl/vereniging/lidbedrijf-zoeken?page=63
Bouwbedrijf Eikenaar B.V.,MEPPEL,Handelsweg 3  7944 HN MEPPEL,Handelsweg 3  7944 HN MEPPEL,0522-242121,//www.eikenaarbv.nl,https://www.bouwendnederland.nl/vereniging/lidbedrijf-zoeken?page=63
Bouwbedrijf Eldering B.V.,GRONINGEN,U T Delfiaweg 17  9745 EN GRONINGEN,U T Delfiaweg 17  9745 EN GRONINGEN,050-5566433,//www.bouwbedrijfeldering.nl,https://www.bouwendnederland.nl/vereniging/lidbedrijf-zoeken?page=63
Bouwbedrijf en Kassenbouw Stavenuiter B.V.,ZWAAG,David Ricardoweg 6  1689 ZR ZWAAG,David Ricardoweg 6  1689 ZR ZWAAG,0229-262392,//www.stavenuiter.nl,https://www.bouwendnederland.nl/vereniging/lidbedrijf-zoeken?page=63
Bouwbedrijf Enderink B.V.,JOPPE,Lochemseweg 64  7215 RC JOPPE,Lochemseweg 64  7215 RC JOPPE,0575-494179,//www.enderink.nl,https://www.bouwendnederland.nl/vereniging/lidbedrijf-zoeken?page=63
Bouwbedrijf Engels & Verbiest B.V.,OEGSTGEEST,Kerckwervelaan 5  2343 PC OEGSTGEEST,De Boeg 4 B 2343 HK OEGSTGEEST,06-52038506,//www.bouwbedrijfengels-verbiest.nl,https://www.bouwendnederland.nl/vereniging/lidbedrijf-zoeken?page=63
Bouwbedrijf Esselink V.O.F.,GENEMUIDEN,Katoenstraat 22  8281 JZ GENEMUIDEN,Katoenstraat 22  8281 JZ GENEMUIDEN,038-3446272,//www.bouwbedrijf-esselink.nl,https://www.bouwendnederland.nl/vereniging/lidbedrijf-zoeken?page=63
Bouwbedrijf Exterkate Borne b.v.,BORNE,Gildestraat 9  7622 AZ BORNE,Gildestraat 9  7622 AZ BORNE,074-2662317,//www.bouwbedrijfexterkate.nl,https://www.bouwendnederland.nl/vereniging/lidbedrijf-zoeken?page=63
Bouwbedrijf F. Kooi B.V.,NOORDHORN,Rijksstraatweg 12  9804 PD NOORDHORN,Rijksstraatweg 12  9804 PD NOORDHORN,0594-502366,//www.bouwbedrijfkooi.nl,https://www.bouwendnederland.nl/vereniging/lidbedrijf-zoeken?page=63
Bouwbedrijf F. Rooijakkers B.V.,HELMOND,Rodenburg 10  5706 LX HELMOND,Kastanjehoutstraat 2 a 5706 XZ HELMOND,0492-523246,//www.bouwbedrijf-rooijakkers.nl,https://www.bouwendnederland.nl/vereniging/lidbedrijf-zoeken?page=63
Bouwbedrijf F. van der Meer en Zonen B.V.,SINT ANNAPAROCHIE,Schuringaweg 60  9076 GV SINT ANNAPAROCHIE,Schuringaweg 60  9076 GV SINT ANNAPAROCHIE,0518-401438,//www.bouwbedrijfvdmeer.nl,https://www.bouwendnederland.nl/vereniging/lidbedrijf-zoeken?page=63
Bouwbedrijf F.X. Huiberts B.V.,ANNA PAULOWNA,De Lange Ring 1  1761 AS ANNA PAULOWNA,De Lange Ring 1  1761 AS ANNA PAULOWNA,0223-531494,//www.fxhuiberts.nl,https://www.bouwendnederland.nl/vereniging/lidbedrijf-zoeken?page=63
Bouwbedrijf Fledderman BV.,SIDDEBUREN,Hoofdweg 90  9628 CR SIDDEBUREN,Hoofdweg 90  9628 CR SIDDEBUREN,0598-432444,//www.fledderman.nl,https://www.bouwendnederland.nl/vereniging/lidbedrijf-zoeken?page=63
Bouwbedrijf Frankena,VLIELAND,Fortweg 4  8899 CC VLIELAND,Fortweg 4  8899 CC VLIELAND,0515-331559,//www.frankenabouw.nl,https://www.bouwendnederland.nl/vereniging/lidbedrijf-zoeken?page=64
Bouwbedrijf Frans Joosen B.V.,Wagenberg,Dorpsstraat 50  4845 CG WAGENBERG,Dorpsstraat  50  4845 CG Wagenberg,076-5934002,//www.fransjoosen.nl,https://www.bouwendnederland.nl/vereniging/lidbedrijf-zoeken?page=64
Bouwbedrijf Frans Vink & Zonen B.V.,MOORDRECHT,Zuidplaspolderweg 3  2841 DC MOORDRECHT,Zuidplaspolderweg 3  2841 DC MOORDRECHT,0182-373044,//www.vinkbedrijven.nl,https://www.bouwendnederland.nl/vereniging/lidbedrijf-zoeken?page=64
Bouwbedrijf Frans Zegel B.V.,OUDESCHILD,Krukas 5  1792 CW OUDESCHILD,Krukas 5  1792 CW OUDESCHILD,0222-315351,//www.franszegel.nl,https://www.bouwendnederland.nl/vereniging/lidbedrijf-zoeken?page=64
Bouwbedrijf Fred Meeder B.V.,SOEST,Veenbesstraat 472  3765BN SOEST,Veenbesstraat 472  3765 BN SOEST,035-6016265,//www.bouwbedrijffredmeeder.nl,https://www.bouwendnederland.nl/vereniging/lidbedrijf-zoeken?page=64
Bouwbedrijf Fred Verweij,NIEUWKOOP,Nieuwveenseweg 35  2421 LB NIEUWKOOP,Nieuwveenseweg 35  2421 LB NIEUWKOOP,0172-573576,//www.fredverweij.nl,https://www.bouwendnederland.nl/vereniging/lidbedrijf-zoeken?page=64
Bouwbedrijf G. Hulshof B.V.,TUBBERGEN,Postbus 15  7650 AA TUBBERGEN,Newtonstraat 2  7651 AN TUBBERGEN,0546-621247,//www.bouwbedrijfhulshof.nl,https://www.bouwendnederland.nl/vereniging/lidbedrijf-zoeken?page=64
Bouwbedrijf G. Schuil B.V.,SURHUISTERVEEN,De Fazant 16  9231 JZ SURHUISTERVEEN,Vierhuisterweg 26  9231 AR SURHUISTERVEEN,0512-364473,,https://www.bouwendnederland.nl/vereniging/lidbedrijf-zoeken?page=64
Bouwbedrijf G. van Werven B.V.,KAMPEN,Noordweg 160  8262 BX KAMPEN,Dorpstraat 4  8262 CJ KAMPEN,038-3313609,//www.vanwervenbouw.nl,https://www.bouwendnederland.nl/vereniging/lidbedrijf-zoeken?page=64
Bouwbedrijf G. Zweers en Zn. B.V.,ANE,Postbus 91  7770 AB HARDENBERG,Engeland 9  7784 CH ANE,0524-561268,//www.bouwbedrijfzweers.nl,https://www.bouwendnederland.nl/vereniging/lidbedrijf-zoeken?page=64
Bouwbedrijf G.C.Burgers,KUDELSTAART,Kudelstaartseweg 259  1433 GH KUDELSTAART,Kudelstaartseweg 259  1433 GH KUDELSTAART,0297-327650,//www.burgersbouw.nl,https://www.bouwendnederland.nl/vereniging/lidbedrijf-zoeken?page=64
Bouwbedrijf G.M. van de Waal BV,INGEN,Rijnstraat 1  4031 KJ INGEN,Rijnstraat 1  4031 KJ INGEN,0344-601310,//www.gmvandewaal.nl,https://www.bouwendnederland.nl/vereniging/lidbedrijf-zoeken?page=64
Bouwbedrijf G.M. van Rooij B.V.,GEFFEN,Veldstraat 31 a 5386 AW GEFFEN,Veldstraat 31 a 5386 AW GEFFEN,073-5321997,//www.bouwbedrijfgmvanrooij.nl,https://www.bouwendnederland.nl/vereniging/lidbedrijf-zoeken?page=64
Bouwbedrijf G.P. Blokdijk B.V.,HAARLEM,Slot van Nieuwerkerkstraat 12  2034 KK HAARLEM,Slot van Nieuwerkerkstraat 12  2034 KK HAARLEM,023-5333378,//www.blokdijk-bouwbedrijf.nl,https://www.bouwendnederland.nl/vereniging/lidbedrijf-zoeken?page=64
Bouwbedrijf Gebr. Dingemans B.V.,NOORDHOEK,Noordhoeksedijk 20  4759 CB NOORDHOEK,Noordhoeksedijk 20  4759 CB NOORDHOEK,,,https://www.bouwendnederland.nl/vereniging/lidbedrijf-zoeken?page=64
Bouwbedrijf Gebr. Huurman Zoetermeer B.V.,ZOETERMEER,Den Hoorn 6  2712 BC ZOETERMEER,Den Hoorn 6  2712 BC ZOETERMEER,079-3315212,//www.gebrhuurman.nl,https://www.bouwendnederland.nl/vereniging/lidbedrijf-zoeken?page=64
Bouwbedrijf Gebr. In den Eng B.V.,CULEMBORG,Postbus 255  4100 AG CULEMBORG,Parallelweg West 15 c 4104 AX CULEMBORG,0345-512026,//www.indeneng.nl,https://www.bouwendnederland.nl/vereniging/lidbedrijf-zoeken?page=64
Bouwbedrijf gebr. Oenema V.O.F.,BALK,Eigen Haard 20  8561 EX BALK,Eigen Haard 20  8561 EX BALK,0514-603054,//www.bouwbedrijfoenema.nl,https://www.bouwendnederland.nl/vereniging/lidbedrijf-zoeken?page=64
Bouwbedrijf Gebr. Scherrenberg B.V.,NIEUWEGEIN,Overijselhaven 5  3433 PH NIEUWEGEIN,Overijselhaven 5  3433 PH NIEUWEGEIN,030-2887765,//www.scherrenberg.com,https://www.bouwendnederland.nl/vereniging/lidbedrijf-zoeken?page=64
Bouwbedrijf Gebr. Ten Heggeler B.V.,HENGEVELDE,Het Wegdam 21  7496 CB HENGEVELDE,Het Wegdam 21  7496 CB HENGEVELDE,0547-333037,//www.tenheggeler.nl,https://www.bouwendnederland.nl/vereniging/lidbedrijf-zoeken?page=64
Bouwbedrijf Gebr. Van Gisbergen B.V.,HOOGE MIERDE,'t Bogtje 8  5095 CD HOOGE MIERDE,'t Bogtje 8  5095 CD HOOGE MIERDE,013-5091265,//www.gisbergen.nl,https://www.bouwendnederland.nl/vereniging/lidbedrijf-zoeken?page=65
Bouwbedrijf Gebr. Van Scheppingen B.V.,MIJDRECHT,Bozenhoven 135  3641 AE MIJDRECHT,Bozenhoven 135  3641 AE MIJDRECHT,0297-281369,//www.scheppingenbouw.nl,https://www.bouwendnederland.nl/vereniging/lidbedrijf-zoeken?page=65
Bouwbedrijf Gebr. Winkelaar,PURMEREND,Ohmstraat 4  1446 TD PURMEREND,Ohmstraat 4  1446 TD PURMEREND,0299-462707,,https://www.bouwendnederland.nl/vereniging/lidbedrijf-zoeken?page=65
Bouwbedrijf Gebrs. Van Herpen B.V.,HEESCH,Postbus 22  5384 ZG HEESCH,Bosschebaan 84  5384 VZ HEESCH,0412-451208,//www.herpenbouw.nl,https://www.bouwendnederland.nl/vereniging/lidbedrijf-zoeken?page=65
Bouwbedrijf GECO ALKMAAR B.V.,ALKMAAR,Berenkoog 60  1822 BZ ALKMAAR,Berenkoog 60  1822 BZ ALKMAAR,072-5640640,//www.bouwbedrijfgeco.nl,https://www.bouwendnederland.nl/vereniging/lidbedrijf-zoeken?page=65
Bouwbedrijf Geers B.V.,ALMEN,Kapelweg 22 A 7218 NJ ALMEN,Kapelweg 22 A 7218 NJ ALMEN,0575-431295,//www.geers.nl,https://www.bouwendnederland.nl/vereniging/lidbedrijf-zoeken?page=65
Bouwbedrijf Geertse v.o.f.,VROUWENPOLDER,Dorpsdijk 14  4354 AC VROUWENPOLDER,Dorpsdijk 14  4354 AC VROUWENPOLDER,0118-591320,//www.geertse.nl,https://www.bouwendnederland.nl/vereniging/lidbedrijf-zoeken?page=65
Bouwbedrijf Geesink,REKKEN,Holterweg 23  7157 AG REKKEN,Holterweg 23  7157 AG REKKEN,0545-431209,,https://www.bouwendnederland.nl/vereniging/lidbedrijf-zoeken?page=65
Bouwbedrijf Gelens B.V.,ETTEN-LEUR,Mon Plaisir 25  4879 AK ETTEN-LEUR,Mon Plaisir 25  4879 AK ETTEN-LEUR,076-5034306,//www.bouwbedrijfgelens.nl,https://www.bouwendnederland.nl/vereniging/lidbedrijf-zoeken?page=65
Bouwbedrijf Gerards V.O.F.,WIJNANDSRADE,Koningsgraven 24  6363 BE WIJNANDSRADE,Koningsgraven 24  6363 BEZ WIJNANDSRADE,045-5243410,//www.bouwbedrijfgerards.com,https://www.bouwendnederland.nl/vereniging/lidbedrijf-zoeken?page=65
Bouwbedrijf Geras B.V.,DIESSEN,De Buskes 4  5087 MA DIESSEN,De Buskes 4  5087 MA DIESSEN,013-5169750,//www.aannemersbedrijfverhoeven.nl,https://www.bouwendnederland.nl/vereniging/lidbedrijf-zoeken?page=65
Bouwbedrijf Gervas,VEENDAM,Poolsterweg 3 a 9641 MP VEENDAM,Poolsterweg 3 A 9641 MP VEENDAM,0598-613007,//www.bouwbedrijfgervas.nl,https://www.bouwendnederland.nl/vereniging/lidbedrijf-zoeken?page=65
Bouwbedrijf Gevers,AARLE RIXTEL,Phaffstraat 36  5735 CN AARLE RIXTEL,Phaffstraat 36  5735 CN AARLE RIXTEL,0492-381846,//www.bouwbedrijfgevers.nl,https://www.bouwendnederland.nl/vereniging/lidbedrijf-zoeken?page=65
Bouwbedrijf Gimpel,NIEUW-VENNEP,Venneperweg 146  2153 MA NIEUW-VENNEP,Venneperweg 146  2153 MA NIEUW-VENNEP,,,https://www.bouwendnederland.nl/vereniging/lidbedrijf-zoeken?page=65
Bouwbedrijf Goetheer & Huissoon B.V.,KAPELLE,Biezelingseweg 2 a 4421 KN KAPELLE,Biezelingseweg 2 a 4421 KN KAPELLE,0113-333040,//www.goetheer-huissoon.nl,https://www.bouwendnederland.nl/vereniging/lidbedrijf-zoeken?page=65
Bouwbedrijf Goorhuis B.V.,KOOTWIJKERBROEK,Garderbroekerweg 130  3774 JH KOOTWIJKERBROEK,Garderbroekerweg 130  3774 JH KOOTWIJKERBROEK,0342-443711,//www.bouwbedrijfgoorhuisbv.nl,https://www.bouwendnederland.nl/vereniging/lidbedrijf-zoeken?page=65
Bouwbedrijf Goudbeek,EPE,Weteringdijk 23  8161 SE EPE,Weteringdijk 23  8161 SE EPE,0578-642221,//www.bouwbedrijfgoudbeek.nl,https://www.bouwendnederland.nl/vereniging/lidbedrijf-zoeken?page=65
Bouwbedrijf Groen B.V.,BEVERWIJK,Wijkermeerweg 47  1948 NT BEVERWIJK,Wijkermeerweg 47  1948 NT BEVERWIJK,0251-226755,//www.bouwbedrijfgroen.nl,https://www.bouwendnederland.nl/vereniging/lidbedrijf-zoeken?page=65
Bouwbedrijf Groen en Wit B.V.,SINT PANCRAS,Benedenweg 12 -14 1834 AH SINT PANCRAS,Benedenweg 12 -14 1834 AH SINT PANCRAS,072-5642980,//www.groenenwit.nl,https://www.bouwendnederland.nl/vereniging/lidbedrijf-zoeken?page=65
Bouwbedrijf Groenen B.V.,BODEGRAVEN,Postbus 293  2410 AG BODEGRAVEN,Buitenkerk 61 A 2411 PC BODEGRAVEN,0172-612316,//www.groenenbouw.nl,https://www.bouwendnederland.nl/vereniging/lidbedrijf-zoeken?page=65
Bouwbedrijf Grooteman- van Dijk B.V.,ZWAAGDIJK,Appelmarkt 8  1681 PE ZWAAGDIJK,Appelmarkt 8  1681 PE ZWAAGDIJK,0228-583392,//www.grooteman-vandijk.nl,https://www.bouwendnederland.nl/vereniging/lidbedrijf-zoeken?page=66
Bouwbedrijf Groothuis Vollenhove B.V.,VOLLENHOVE,De Weyert 32  8325 EM VOLLENHOVE,De Weyert 32  8325 EM VOLLENHOVE,0527-243366,,https://www.bouwendnederland.nl/vereniging/lidbedrijf-zoeken?page=66
Bouwbedrijf Gunnewiek B.V.,BELTRUM,Zieuwentseweg 16  7156 RR BELTRUM,Zieuwentseweg 16  7156 RR BELTRUM,0544-481294,//www.bouwbedrijf-gunnewiek.nl,https://www.bouwendnederland.nl/vereniging/lidbedrijf-zoeken?page=66
Bouwbedrijf H. ter Haar B.V.,REUTUM,Ootmarsumseweg 355  7667 PB REUTUM,Ootmarsumseweg 355  7667 PB REUTUM,0541-670478,//www.bouwbedrijfterhaar.nl,https://www.bouwendnederland.nl/vereniging/lidbedrijf-zoeken?page=66
Bouwbedrijf H. Veenstra,OUDEHASKE,Hasker Utgongen 2  8465 SJ OUDEHASKE,Hasker Utgongen 2  8465 SJ OUDEHASKE,0513-677465,//www.bouwveenstra.nl,https://www.bouwendnederland.nl/vereniging/lidbedrijf-zoeken?page=66
Bouwbedrijf H.J. Klomps B.V.,DINXPERLO,Postbus 58  7090 AB DINXPERLO,Meniststraat 2  7091 ZZ DINXPERLO,0315-657000,//www.klomps.nl,https://www.bouwendnederland.nl/vereniging/lidbedrijf-zoeken?page=66
Bouwbedrijf H.J. Koenen B.V.,AMSTELVEEN,De Loetenweg 9  1187 WB AMSTELVEEN,De Loetenweg 9  1187 WB AMSTELVEEN,0882-865636,//www.avokoenen.nl,https://www.bouwendnederland.nl/vereniging/lidbedrijf-zoeken?page=66
Bouwbedrijf H.J. Talsma en Zonen B.V.,DRACHTEN,Tussendiepen 45  9206 AB DRACHTEN,Tussendiepen 45  9206 AB DRACHTEN,0512-512728,//www.bouwbedrijf-talsma.nl,https://www.bouwendnederland.nl/vereniging/lidbedrijf-zoeken?page=66
Bouwbedrijf H.W. Joosten B.V.,ZEVENAAR,Celsiusstraat 3  6902 PV ZEVENAAR,Celsiusstraat 3  6902 PV ZEVENAAR,0316-344454,//www.bouwbedrijfjoosten.nl,https://www.bouwendnederland.nl/vereniging/lidbedrijf-zoeken?page=66
Bouwbedrijf Haarhuis Albergen B.V.,ALBERGEN,Ootmarsumseweg 188  7665 SE ALBERGEN,Ootmarsumseweg 188  7665 SE ALBERGEN,0546-441269,//www.bouwbedrijfhaarhuis.nl,https://www.bouwendnederland.nl/vereniging/lidbedrijf-zoeken?page=66
Bouwbedrijf Haarsma B.V.,FRANEKER,Oostelijke Industrieweg 25 a 8801 JW FRANEKER,Oostelijke Industrieweg 25 a 8801 JW FRANEKER,0517-398107,//www.bouwbedrijfhaarsma.nl,https://www.bouwendnederland.nl/vereniging/lidbedrijf-zoeken?page=66
Bouwbedrijf Hak B.V.,ACHTERVELD,Klettersteeg 10 A 3792 NL ACHTERVELD,Klettersteeg 10 A 3792 NL ACHTERVELD,,,https://www.bouwendnederland.nl/vereniging/lidbedrijf-zoeken?page=66
Bouwbedrijf Hamhuis B.V.,HARDENBERG,Floralaan 92  7772 MX HARDENBERG,Handelsstraat 61  7772 TS HARDENBERG,0523-270930,//www.bouwbedrijfhamhuis.nl,https://www.bouwendnederland.nl/vereniging/lidbedrijf-zoeken?page=66
Bouwbedrijf Hanro B.V.,SCHIJNDEL,Putsteeg 85  5481 XT SCHIJNDEL,Putsteeg 85  5481 XT SCHIJNDEL,073-8518877,//www.hanro.nl,https://www.bouwendnederland.nl/vereniging/lidbedrijf-zoeken?page=66
Bouwbedrijf Haveman & de Vries v.o.f.,GARYP,Inialoane 76  9263 RE GARYP,Inialoane 76  9263 RE GARYP,0511-521191,//www.havemandevries.nl,https://www.bouwendnederland.nl/vereniging/lidbedrijf-zoeken?page=66
Bouwbedrijf Heerooms B.V.,PURMEREND,Newtonstraat 81  1446 VS PURMEREND,Newtonstraat 81  1446 VS PURMEREND,0299-840901,//www.bouwbedrijfheerooms.nl,https://www.bouwendnederland.nl/vereniging/lidbedrijf-zoeken?page=66
Bouwbedrijf Heijnen Aalten B.V.,AALTEN,Nijverheidsweg 28 c 7122 AB AALTEN,Nijverheidsweg 28 c 7122 AB AALTEN,0543-474243,//www.bouwgroep.nl,https://www.bouwendnederland.nl/vereniging/lidbedrijf-zoeken?page=66
Bouwbedrijf Helmuth Welling B.V.,DIDAM,Nevelhorstpad 3  6941 RE DIDAM,Nevelhorstpad 3  6941 RE DIDAM,0316-240047,//www.bhw-bv.nl,https://www.bouwendnederland.nl/vereniging/lidbedrijf-zoeken?page=66
Bouwbedrijf Hemeltjen B.V.,WIJHE,Nijverheidsweg 2  8131 TX WIJHE,Nijverheidsweg 2  8131 TX WIJHE,0570-521741,//www.hemeltjen.nl,https://www.bouwendnederland.nl/vereniging/lidbedrijf-zoeken?page=66
Bouwbedrijf Henckel B.V.,MEEDHUIZEN,Meedhuizerweg 40 A 9937 PA MEEDHUIZEN,Meedhuizerweg 40 A 9937 PA MEEDHUIZEN,,,https://www.bouwendnederland.nl/vereniging/lidbedrijf-zoeken?page=66
Bouwbedrijf Hendriks Gemert B.V.,GEMERT,Scheiweg 62  5421 XH GEMERT,Scheiweg 62  5421 XH GEMERT,0492-364655,//www.bouwbedrijfhendriksgemert.nl,https://www.bouwendnederland.nl/vereniging/lidbedrijf-zoeken?page=67
Bouwbedrijf Hengeveld BV,WINTERSWIJK MISTE,Brinkeweg 23  7109 BN WINTERSWIJK MISTE,Brinkeweg 23  7109 BN WINTERSWIJK MISTE,0543-565217,//www.hengeveldbouw.nl,https://www.bouwendnederland.nl/vereniging/lidbedrijf-zoeken?page=67
Bouwbedrijf Hertzinger B.V.,LEUSDEN,Bedrijfsweg 14  3831 KE LEUSDEN,Bedrijfsweg 14  3831 KE LEUSDEN,033-4343030,//www.bouwbedrijfhertzinger.nl,https://www.bouwendnederland.nl/vereniging/lidbedrijf-zoeken?page=67
Bouwbedrijf Hiemstra Tzummarum B.V.,TZUMMARUM,Swaerderwei 31 a 8851 EG TZUMMARUM,Swaerderwei 31 a 8851 EG TZUMMARUM,0518-481578,//www.bouwbedrijfhiemstra.nl,https://www.bouwendnederland.nl/vereniging/lidbedrijf-zoeken?page=67
Bouwbedrijf Hijnekamp,RHENEN,Achterbergsestraatweg 126  3911 CX RHENEN,Achterbergsestraatweg 126  3911 CX RHENEN,0317-613705,//www.aannemer-hijnekamp.nl,https://www.bouwendnederland.nl/vereniging/lidbedrijf-zoeken?page=67
Bouwbedrijf Hoekstra & Hoekstra B.V.,LISSE,Meer en Duin 8 b 2163 HA LISSE,Meer en Duin 8 b 2163 HA LISSE,0252-416782,//www.hoekstrabouwbedrijf.nl,https://www.bouwendnederland.nl/vereniging/lidbedrijf-zoeken?page=67
Bouwbedrijf Hollands Kroon,HIPPOLYTUSHOEF,De Wieken 50  1777 HT HIPPOLYTUSHOEF,De Wieken 50  1777 HT HIPPOLYTUSHOEF,59-2272,//www.bouwbedrijfhollandskroon.nl,https://www.bouwendnederland.nl/vereniging/lidbedrijf-zoeken?page=67
Bouwbedrijf Holwerda V.O.F.,OOSTERNIJKERK,'t Oogh 6  9137 SL OOSTERNIJKERK,'t Oogh 6  9137 SL OOSTERNIJKERK,0519-241316,//www.bouwbedrijfholwerdabv.nl,https://www.bouwendnederland.nl/vereniging/lidbedrijf-zoeken?page=67
Bouwbedrijf Hoogeslag B.V.,Raalte,Almelosestraat 54  8102 HE RAALTE,Almelosestraat 54  8102 HE Raalte,0572-351227,//www.hoogeslagbouw.nl,https://www.bouwendnederland.nl/vereniging/lidbedrijf-zoeken?page=67
Bouwbedrijf Hoorn 80 B.V.,HOORN NH,Atoomweg 14 -16 1627 LE HOORN NH,Atoomweg 14 -16 1627 LE HOORN NH,0229-211290,//www.bouwhoorn80.nl,https://www.bouwendnederland.nl/vereniging/lidbedrijf-zoeken?page=67
Bouwbedrijf Horevoorts B.V.,ALPHEN NB,Belsebaan 5 a 5131 PH ALPHEN NB,Belsebaan 5 a 5131 PH ALPHEN NB,013-5081297,//www.bouwbedrijfhorevoorts.nl,https://www.bouwendnederland.nl/vereniging/lidbedrijf-zoeken?page=67
Bouwbedrijf Horsman & Co. Lisse B.V.,LISSE,2e Poellaan 12  2161 CJ LISSE,2e Poellaan 12  2161 CJ LISSE,0252-413155,//www.horsman.nl,https://www.bouwendnederland.nl/vereniging/lidbedrijf-zoeken?page=67
Bouwbedrijf Hubers B.V.,LICHTENVOORDE,Mercatorstraat 2  7131 PX LICHTENVOORDE,Mercatorstraat 2  7131 PX LICHTENVOORDE,0544-371455,//www.hubers.nl,https://www.bouwendnederland.nl/vereniging/lidbedrijf-zoeken?page=67
Bouwbedrijf Hukker v.o.f.,RUURLO,Barchemseweg 40  7261 DD RUURLO,Barchemseweg 40  7261 DD RUURLO,0573-452525,//www.hukker.nl,https://www.bouwendnederland.nl/vereniging/lidbedrijf-zoeken?page=67
Bouwbedrijf Hulshof de Kloet B.V.,BARNEVELD,Anthonie Fokkerstraat 51 A 3772 MP BARNEVELD,Anthonie Fokkerstraat 51 A 3772 MP BARNEVELD,0318-884010,//www.hulshofdekloet.nl,https://www.bouwendnederland.nl/vereniging/lidbedrijf-zoeken?page=67
Bouwbedrijf Hulzebosch BV,ANE,De Vaart 53  7784 DK ANE,De Vaart 53  7784 DK ANE,0524-561596,//www.hulzeboschbouw.nl,https://www.bouwendnederland.nl/vereniging/lidbedrijf-zoeken?page=67
Bouwbedrijf Hummel BV,HAULERWIJK,Turfsteker 43  8433 HT HAULERWIJK,Turfsteker 43  8433 HT HAULERWIJK,0516-422096,//www.bouwbedrijfhummel.nl,https://www.bouwendnederland.nl/vereniging/lidbedrijf-zoeken?page=67
Bouwbedrijf Huurman Leiden B.V.,LEIDEN,Postbus 1111  2302 BC LEIDEN,Nieuwenhuizenweg 10  2314 XR LEIDEN,071-5769341,//www.huurman-leiden.nl,https://www.bouwendnederland.nl/vereniging/lidbedrijf-zoeken?page=67
Bouwbedrijf I.J. Lemmens B.V.,MAASTRICHT,Schoenerweg 33  6222 NX MAASTRICHT,Schoenerweg 33  6222 NX MAASTRICHT,043-3633232,//www.bblemmens.nl,https://www.bouwendnederland.nl/vereniging/lidbedrijf-zoeken?page=67
Bouwbedrijf IJ. Broere B.V.,VINKEVEEN,Herenweg 260  3645 DX VINKEVEEN,Herenweg 260  3645 DX VINKEVEEN,0297-261254,,https://www.bouwendnederland.nl/vereniging/lidbedrijf-zoeken?page=67
Bouwbedrijf In 't Zandt B.V.,LOMM,Spikweien 46  5943 AD LOMM,Spikweien 46  5943 AD LOMM,077-4734004,//www.intzandtbv.nl,https://www.bouwendnederland.nl/vereniging/lidbedrijf-zoeken?page=68
Bouwbedrijf J. Eekhout B.V.,KWINTSHEUL,Bovendijk 7  2295 RV KWINTSHEUL,Bovendijk 7  2295 RV KWINTSHEUL,0174-295740,//www.eekhoutbouw.nl,https://www.bouwendnederland.nl/vereniging/lidbedrijf-zoeken?page=68
Bouwbedrijf J. Heeringa B.V.,WITMARSUM,Postbus 19  8748 ZL WITMARSUM,De Tunen 17  8748 EG WITMARSUM,0517-533080,//www.bouwbedrijf-heeringa.nl,https://www.bouwendnederland.nl/vereniging/lidbedrijf-zoeken?page=68
Bouwbedrijf J. Kooi & Zonen B.V.,GRONINGEN,Osloweg 142  9723 BX GRONINGEN,Osloweg 142  9723 BX GRONINGEN,050-5252237,,https://www.bouwendnederland.nl/vereniging/lidbedrijf-zoeken?page=68
Bouwbedrijf J. Koster B.V.,HOOGEVEEN,Het Roefje 30  7908 KE HOOGEVEEN,De Vos van Steenwijklaan 23  7902 NN HOOGEVEEN,,,https://www.bouwendnederland.nl/vereniging/lidbedrijf-zoeken?page=68
Bouwbedrijf J. Kuit,KIEL-WINDEWEER,Sluisweg 62  9605 PT KIEL-WINDEWEER,Sluisweg 62  9605 PT KIEL-WINDEWEER,0598-351590,//www.aannemer-kuit.nl,https://www.bouwendnederland.nl/vereniging/lidbedrijf-zoeken?page=68
Bouwbedrijf J. Nat en Zn. B.V.,STOMPETOREN,Oterlekerweg 2 d 1841 GP STOMPETOREN,Oterlekerweg 2 d 1841 GP STOMPETOREN,072-5039248,//www.natenzn.nl,https://www.bouwendnederland.nl/vereniging/lidbedrijf-zoeken?page=68
Bouwbedrijf J. Spans,SINT JANSKLOOSTER,Barsbeek 82  8326 BR SINT JANSKLOOSTER,Barsbeek 82  8326 BR SINT JANSKLOOSTER,0527-246179,//www.bouwbedrijfjspans.nl,https://www.bouwendnederland.nl/vereniging/lidbedrijf-zoeken?page=68
Bouwbedrijf J. Stam B.V.,KOEDIJK,Kanaaldijk 243  1831 BG KOEDIJK,Kanaaldijk 243  1831 BG KOEDIJK,,,https://www.bouwendnederland.nl/vereniging/lidbedrijf-zoeken?page=68
Bouwbedrijf J. van de Kieft,BARNEVELD,Uilebaardlaan 30  3772 PN BARNEVELD,Uilebaardlaan 30  3772 PN BARNEVELD,0342-401623,//www.bouwbedrijfvandekieft.nl,https://www.bouwendnederland.nl/vereniging/lidbedrijf-zoeken?page=68
Bouwbedrijf J. van de Linde Kloetinge B.V.,GOES,Albert Plesmanweg 19  4462 GC GOES,Albert Plesmanweg 19  4462 GC GOES,0113-221040,//www.jvandelinde.nl,https://www.bouwendnederland.nl/vereniging/lidbedrijf-zoeken?page=68
Bouwbedrijf J. van den Hombergh B.V.,VELDEN,Veerweg 16  5941 EV VELDEN,Veerweg 16  5941 EV VELDEN,077-4724994,//www.bouwbedrijfvdhombergh.nl,https://www.bouwendnederland.nl/vereniging/lidbedrijf-zoeken?page=68
Bouwbedrijf J. van Dijk B.V.,NIJKERK GLD,Watergoorweg 31 c 3861 MA NIJKERK GLD,Watergoorweg 31 c 3861 MA NIJKERK GLD,033-2451461,//www.bouwbedrijf-jvandijk.nl,https://www.bouwendnederland.nl/vereniging/lidbedrijf-zoeken?page=68
Bouwbedrijf J. van Lierop BV,VELDHOVEN,Zandven 8  5508 RN VELDHOVEN,Zandven 8  5508 RN VELDHOVEN,,,https://www.bouwendnederland.nl/vereniging/lidbedrijf-zoeken?page=68
Bouwbedrijf J.C. de Groot B.V.,EGMOND AAN DEN HOEF,Ambachtsweg 7  1934 CR EGMOND AAN DEN HOEF,Ambachtsweg 7  1934 CR EGMOND AAN DEN HOEF,072-5062129,//www.bouwbedrijfdegroot.nl,https://www.bouwendnederland.nl/vereniging/lidbedrijf-zoeken?page=68
Bouwbedrijf J.C. Knoop B.V.,ARKEL,Vlietkade 5014  4241 WN ARKEL,Vlietkade 5014  4241 WN ARKEL,0183-561058,//www.jcknoop.com,https://www.bouwendnederland.nl/vereniging/lidbedrijf-zoeken?page=68
Bouwbedrijf J.G. Appelman B.V.,ANNA PAULOWNA,Charlottaring 8  1761 AX ANNA PAULOWNA,Charlottaring 8  1761 AX ANNA PAULOWNA,0223-531304,//www.bouwbedrijfappelman.nl,https://www.bouwendnederland.nl/vereniging/lidbedrijf-zoeken?page=68
Bouwbedrijf J.G. Meersmans Stein B.V.,STEIN LB,Driebunderweg 2 a 6171 PR STEIN LB,Driebunderweg 2 a 6171 PR STEIN LB,046-4334862,//www.bouwbedrijfmeersmans.nl,https://www.bouwendnederland.nl/vereniging/lidbedrijf-zoeken?page=68
Bouwbedrijf J.H. Poorthuis & Zoon B.V.,OLDENZAAL,Eekboerstraat 37  7575 AV OLDENZAAL,Eekboerstraat 37  7575 AV OLDENZAAL,0541-512739,//www.poorthuis-bouw.nl,https://www.bouwendnederland.nl/vereniging/lidbedrijf-zoeken?page=68
Bouwbedrijf J.H. van Boxmeer B.V.,VEGHEL,Past. Clercxstraat 45  5465 RE VEGHEL,Past. Clercxstraat 45  5465 RE VEGHEL,0413-363479,//www.bouwbedrijfvanboxmeer.nl,https://www.bouwendnederland.nl/vereniging/lidbedrijf-zoeken?page=68
Bouwbedrijf J.J. van der Meer B.V.,HAARLEM,Luciferstraat 18  2026 SG HAARLEM,Luciferstraat 18  2026 SG HAARLEM,023-2020369,//www.meermetbouwen.nl,https://www.bouwendnederland.nl/vereniging/lidbedrijf-zoeken?page=69
Bouwbedrijf J.L. van Houwelingen B.V.,AMSTERDAM,Grasweg 41  Z1 1031 HW AMSTERDAM,Grasweg 41  Z1 1031 HW AMSTERDAM,020-6170303,//www.jlvanhouwelingen.nl,https://www.bouwendnederland.nl/vereniging/lidbedrijf-zoeken?page=69
Bouwbedrijf J.P. Halman,ROTTUM FR,Binnendyk 25  8461 LD ROTTUM FR,Binnendyk 25  8461 LD ROTTUM FR,0513-627396,//www.halman.nl,https://www.bouwendnederland.nl/vereniging/lidbedrijf-zoeken?page=69
Bouwbedrijf J.P. Leguijt B.V.,KROMMENIE,Postbus 6  1560 AA KROMMENIE,Weiver 98 A 1561 XG KROMMENIE,075-6283782,//www.jpleguijt.nl,https://www.bouwendnederland.nl/vereniging/lidbedrijf-zoeken?page=69
Bouwbedrijf Jaaltink & Sessink,ZELHEM,Arendsenweg 5  7021 PC ZELHEM,Arendsenweg 5  7021 PC ZELHEM,0314-622061,//www.jaaltink-sessink.nl,https://www.bouwendnederland.nl/vereniging/lidbedrijf-zoeken?page=69
Bouwbedrijf Jaap Boonen B.V.,HIERDEN,Molenweg 24  3849 RN HIERDEN,Molenweg 24  3849 RN HIERDEN,0341-451668,,https://www.bouwendnederland.nl/vereniging/lidbedrijf-zoeken?page=69
Bouwbedrijf Jac. Tromp B.V.,ALKMAAR,Saffierstraat 6  1812 RM ALKMAAR,Saffierstraat 6  1812 RM ALKMAAR,072-5115459,//www.jactromp.nl,https://www.bouwendnederland.nl/vereniging/lidbedrijf-zoeken?page=69
Bouwbedrijf Jan de Wit B.V.,HAARLEM,Izaak Enschedeweg 22  2031 CR HAARLEM,Izaak Enschedeweg 22  2031 CR HAARLEM,023-5263031,//www.jandewitbouwbedrijf.nl,https://www.bouwendnederland.nl/vereniging/lidbedrijf-zoeken?page=69
Bouwbedrijf Jan Kooiker B.V.,BALLUM,Hollumerweg 9  9162 EJ BALLUM,Hollumerweg 9  9162 EJ BALLUM,0519-554772,//www.bouwbedrijfkooiker.nl,https://www.bouwendnederland.nl/vereniging/lidbedrijf-zoeken?page=69
Bouwbedrijf Jan v.d. Vliert B.V.,ROSMALEN,Kievitsven 44  5249 JJ ROSMALEN,Kievitsven 44  5249 JJ ROSMALEN,073-6419629,//www.janvandevliert.nl,https://www.bouwendnederland.nl/vereniging/lidbedrijf-zoeken?page=69
Bouwbedrijf Jan Vet B.V.,WORMERVEER,Rosbayerweg 138  1521 PX WORMERVEER,Rosbayerweg 138  1521 PX WORMERVEER,075-6216969,//www.bouwbedrijfvet.nl,https://www.bouwendnederland.nl/vereniging/lidbedrijf-zoeken?page=69
Bouwbedrijf Jansen B.V.,LUNTEREN,Bruinehorstweg 38  6741 PL LUNTEREN,Bruinehorstweg 38  6741 PL LUNTEREN,0318-571966,//www.jansenbouw.nl,https://www.bouwendnederland.nl/vereniging/lidbedrijf-zoeken?page=69
Bouwbedrijf Jelle Bruinsma B.V.,HARLINGEN,Industrieweg 1 c 8861 VH HARLINGEN,Industrieweg 1 c 8861 VH HARLINGEN,0517-642475,//www.bouwbedrijfbruinsma.nl,https://www.bouwendnederland.nl/vereniging/lidbedrijf-zoeken?page=69
Bouwbedrijf Joh. Steenhuizen,LEEUWARDEN,Verlengde Schrans 7  8932 NJ LEEUWARDEN,Verlengde Schrans 7  8932 NJ LEEUWARDEN,058-2890490,,https://www.bouwendnederland.nl/vereniging/lidbedrijf-zoeken?page=69
Bouwbedrijf Jolink B.V.,HUMMELO,Dorpsstraat 37  6999 AB HUMMELO,Dorpsstraat 37  6999 AB HUMMELO,0314-381309,//www.bouwbedrijf-jolink.nl,https://www.bouwendnederland.nl/vereniging/lidbedrijf-zoeken?page=69
Bouwbedrijf Jolman,DIEVERBRUG,Dieverbrug 19  7984 NG DIEVERBRUG,Dieverbrug 19  7984 NG DIEVERBRUG,0521-593099,//www.bouwbedrijfjolman.nl,https://www.bouwendnederland.nl/vereniging/lidbedrijf-zoeken?page=69
Bouwbedrijf Jongerius B.V.,KWINTSHEUL,Heulweg 105  2295 KD KWINTSHEUL,Heulweg 105  2295 KD KWINTSHEUL,0174-292864,//www.bouwbedrijfjongerius.nl,https://www.bouwendnederland.nl/vereniging/lidbedrijf-zoeken?page=69
Bouwbedrijf Jonker & Meijerhof,OUDORP NH,Kasteellaan 56  1829 BH OUDORP NH,Kasteellaan 56  1829 BH OUDORP NH,072-5113064,//www.bouwbedrijfmeijerhof.nl,https://www.bouwendnederland.nl/vereniging/lidbedrijf-zoeken?page=69
Bouwbedrijf Jordens,GENDRINGEN,Touwslagersbaan 35  7081 EJ GENDRINGEN,Touwslagersbaan 35  7081 EJ GENDRINGEN,0315-684973,//www.jordensbouwbedrijf.nl,https://www.bouwendnederland.nl/vereniging/lidbedrijf-zoeken?page=69
Bouwbedrijf Joziasse B.V.,VLISSINGEN,Industrieweg 5  4382 NA VLISSINGEN,Industrieweg 5  4382 NA VLISSINGEN,0118-417873,//www.bouwbedrijfjoziasse.nl,https://www.bouwendnederland.nl/vereniging/lidbedrijf-zoeken?page=69
Bouwbedrijf Julianus B.V.,MARSUM,Haven 6  9034 HK MARSUM,Haven 6  9034 HL MARSUM,058-2541252,//www.julianus.nl,https://www.bouwendnederland.nl/vereniging/lidbedrijf-zoeken?page=70
Bouwbedrijf Jurriens Noord B.V.,SNEEK,Postbus 49  8600 AA SNEEK,Pieter Zeemanstraat 9  8606 JG SNEEK,0515-429999,//www.jurriensnoord.nl,https://www.bouwendnederland.nl/vereniging/lidbedrijf-zoeken?page=70
Bouwbedrijf Jurriens Noord B.V.,GRONINGEN,Osloweg 125  9723 BK GRONINGEN,Osloweg 125  9723 BK GRONINGEN,050-5566779,//www.jurriensnoord.nl,https://www.bouwendnederland.nl/vereniging/lidbedrijf-zoeken?page=70
Bouwbedrijf K. Entius B.V.,ZWAAG,De Compagnie 43  1689 AG ZWAAG,De Compagnie 43  1689 AG ZWAAG,0229-237279,//www.entiusbouw.nl,https://www.bouwendnederland.nl/vereniging/lidbedrijf-zoeken?page=70
Bouwbedrijf Kalter B.V.,GENEMUIDEN,Schering 51  8281 JW GENEMUIDEN,Schering 51  8281 JW GENEMUIDEN,038-7853696,//www.bouwbedrijfkalter.nl,https://www.bouwendnederland.nl/vereniging/lidbedrijf-zoeken?page=70
Bouwbedrijf Kambier B.V.,KOUDEKERKE,Karreveld 37  4371 GA KOUDEKERKE,Karreveld 37  4371 GA KOUDEKERKE,0118-553128,//www.kambier.nl,https://www.bouwendnederland.nl/vereniging/lidbedrijf-zoeken?page=70
Bouwbedrijf Kamphorst B.V.,ERMELO,Meeboerserf 3  3851 SR ERMELO,Meeboerserf 3  3851 SR ERMELO,0341-551614,//www.kamphorstbouw.nl,https://www.bouwendnederland.nl/vereniging/lidbedrijf-zoeken?page=70
Bouwbedrijf Kamphuis B.V.,GEESTEREN OV,Beekstraat 3  7678 AZ GEESTEREN OV,Beekstraat 3  7678 AZ GEESTEREN OV,0546-488844,//www.bouwbedrijfkamphuis.nl,https://www.bouwendnederland.nl/vereniging/lidbedrijf-zoeken?page=70
Bouwbedrijf Karelsen Soest B.V.,SOEST,Smitsweg 5  3765 CA SOEST,Smitsweg 5  3765 CA SOEST,035-6016438,//www.karelsensoestbv.nl,https://www.bouwendnederland.nl/vereniging/lidbedrijf-zoeken?page=70
Bouwbedrijf Kees Goossens,ETTEN-LEUR,Guldenweg 10  4879 NL ETTEN-LEUR,Guldenweg 10  4879 NL ETTEN-LEUR,076-5032878,//www.bouwbedrijfkeesgoossens.nl,https://www.bouwendnederland.nl/vereniging/lidbedrijf-zoeken?page=70
Bouwbedrijf Kees Remmers B.V.,BERKEL-ENSCHOT,Zandstraat 4 a 5056 RM BERKEL-ENSCHOT,Zandstraat  4  5056 RM BERKEL-ENSCHOT,013-2034215,//www.keesremmers.nl,https://www.bouwendnederland.nl/vereniging/lidbedrijf-zoeken?page=70
Bouwbedrijf Kienstra B.V.,NES AMELAND,Achterdijken 86  9163 JV NES AMELAND,Achterdijken 86  9163 JV NES AMELAND,0519-542071,//www.kienstra-ameland.nl,https://www.bouwendnederland.nl/vereniging/lidbedrijf-zoeken?page=70
Bouwbedrijf Kijk in de Vegte V.O.F.,HASSELT,Doctor H A W van de Vechtlaan 114  8061 HN HASSELT,Doctor H A W van de Vechtlaan 114 a 8061 HN HASSELT,038-4772209,//www.kijkindevegtebouwbedrijf.nl,https://www.bouwendnederland.nl/vereniging/lidbedrijf-zoeken?page=70
Bouwbedrijf Kimsma B.V.,LEEUWARDEN,Edisonstraat 18  8912 AW LEEUWARDEN,Edisonstraat 18  8912 AW LEEUWARDEN,058-2883006,//www.kimsma.nl,https://www.bouwendnederland.nl/vereniging/lidbedrijf-zoeken?page=70
Bouwbedrijf Klanderman B.V.,VARSSEVELD,Aaltenseweg 69  7051 CN VARSSEVELD,Aaltenseweg 69  7051 CN VARSSEVELD,0315-241156,//www.klandermanbouw.nl,https://www.bouwendnederland.nl/vereniging/lidbedrijf-zoeken?page=70
Bouwbedrijf Kleijngeld B.V.,WAALWIJK,Energieweg 8 e 5145 NW WAALWIJK,Energieweg 8 e 5145 NW WAALWIJK,0416-567900,//www.kleijngeld.nl,https://www.bouwendnederland.nl/vereniging/lidbedrijf-zoeken?page=70
Bouwbedrijf Kleinhuis v.o.f.,OUDEGA GEM SMALLINGERLND,Sanbuorren 17  9216 VB OUDEGA GEM SMALLINGERLND,Sanbuorren 17  9216 VB OUDEGA GEM SMALLINGERLND,0512-371407,//www.bouwbedrijfkleinhuis.nl,https://www.bouwendnederland.nl/vereniging/lidbedrijf-zoeken?page=70
Bouwbedrijf Klieverik Deurningen,DEURNINGEN,Hengelosestraat 248  7562 PK DEURNINGEN,Hengelosestraat 248  7562 PK DEURNINGEN,0541-517449,//www.klieverikbouw.nl,https://www.bouwendnederland.nl/vereniging/lidbedrijf-zoeken?page=70
Bouwbedrijf Klok B.V.,NIEUWLEUSEN,Rollecate 69  7711 GG NIEUWLEUSEN,Rollecate 69  7711 GG NIEUWLEUSEN,0523-656881,//www.klokdakkapellen.nl,https://www.bouwendnederland.nl/vereniging/lidbedrijf-zoeken?page=70
Bouwbedrijf Koerkamp Twello B.V.,TWELLO,Koppelstraat 35  7391 AK TWELLO,Koppelstraat 35  7391 AK TWELLO,0571-270049,//www.koerkamp.nl,https://www.bouwendnederland.nl/vereniging/lidbedrijf-zoeken?page=70
Bouwbedrijf Koffeman B.V.,KAMPEN,Gildestraat 24  8263 AH KAMPEN,Gildestraat 24  8263 AH KAMPEN,038-3312188,//www.koffemanbouw.nl,https://www.bouwendnederland.nl/vereniging/lidbedrijf-zoeken?page=71
Bouwbedrijf Kok B.V.,DE MEERN,Zandweg 151  3454 HB DE MEERN,Zandweg 151  3454 HB DE MEERN,030-6661579,//www.bouwbedrijf-kok.nl,https://www.bouwendnederland.nl/vereniging/lidbedrijf-zoeken?page=71
Bouwbedrijf Kolthof B.V.,STIENS,It Achterbosk 1 c 9051 CS STIENS,It Achterbosk 1 c 9051 CS STIENS,058-2571771,//www.kolthofbv.nl,https://www.bouwendnederland.nl/vereniging/lidbedrijf-zoeken?page=71
Bouwbedrijf Koman B.V.,KROMMENIE,Noorderhoofdstraat 149  1561 AT KROMMENIE,Noorderhoofdstraat 149  1561 AT KROMMENIE,075-6224411,//www.koman-bouwbedrijf.nl,https://www.bouwendnederland.nl/vereniging/lidbedrijf-zoeken?page=71
Bouwbedrijf Kon B.V.,GOUDRIAAN,Noordzijde 60 a 2977 XB GOUDRIAAN,Noordzijde 60 a 2977 XB GOUDRIAAN,018-3581223,//www.bouwbedrijfkon.nl,https://www.bouwendnederland.nl/vereniging/lidbedrijf-zoeken?page=71
Bouwbedrijf Koning B.V.,WOLVEGA,Chroomweg 43  8471 XL WOLVEGA,Chroomweg 43  8471 XL WOLVEGA,0561-612423,//www.bouwbedrijfkoning.nl,https://www.bouwendnederland.nl/vereniging/lidbedrijf-zoeken?page=71
Bouwbedrijf Koning B.V.,Exloo,Postbus 40  9530 AA BORGER,Valtherweg   7875 CC Exloo,0591-552420,//www.vdhorst.nl,https://www.bouwendnederland.nl/vereniging/lidbedrijf-zoeken?page=71
Bouwbedrijf Korstanje,KOEDIJK,Kanaaldijk 241  1831 BG KOEDIJK,Kanaaldijk 241  1831 BG KOEDIJK,,,https://www.bouwendnederland.nl/vereniging/lidbedrijf-zoeken?page=71
Bouwbedrijf Koster B.V.,SNEEK,Edisonstraat 18  8606 JJ SNEEK,Edisonstraat 18  8606 JJ SNEEK,515-411822,//www.bouwbedrijf-koster.nl,https://www.bouwendnederland.nl/vereniging/lidbedrijf-zoeken?page=71
Bouwbedrijf Kreeft B.V.,EDE GLD,Maxwellstraat 49 D 6716 BX EDE GLD,Maxwellstraat 49 D 6716 BX EDE GLD,0318-632996,//www.bouwbedrijfkreeft.nl,https://www.bouwendnederland.nl/vereniging/lidbedrijf-zoeken?page=71
Bouwbedrijf Kremer en Zn. B.V.,UITHUIZEN,Kwekersweg 4  9981 GE UITHUIZEN,Kwekersweg 4  9981 GE UITHUIZEN,0595-431252,//www.bouwbedrijfkremer.nl,https://www.bouwendnederland.nl/vereniging/lidbedrijf-zoeken?page=71
Bouwbedrijf Krijger B.V.,POORTVLIET,Zuidplantsoen 2 a 4693 BC POORTVLIET,Zuidplantsoen 2 a 4693 BC POORTVLIET,0166-612339,//www.bouwbedrijfkrijger.nl,https://www.bouwendnederland.nl/vereniging/lidbedrijf-zoeken?page=71
Bouwbedrijf Krijnen B.V.,RIEL,Spoorweide 8  5133 NM RIEL,Spoorweide 8  5133 NM RIEL,013-5182005,//www.krijnenrielbv.nl,https://www.bouwendnederland.nl/vereniging/lidbedrijf-zoeken?page=71
Bouwbedrijf Krijthe,GROOTEGAST,Kievit 28  9861 HG GROOTEGAST,Kievit 28  9861 HG GROOTEGAST,28-292080,//www.bouwbedrijfkrijthe.nl,https://www.bouwendnederland.nl/vereniging/lidbedrijf-zoeken?page=71
Bouwbedrijf L. v/d Aa Tilligte B.V.,TILLIGTE,Hunenborgseweg 6  7634 PK TILLIGTE,Hunenborgseweg 6  7634 PK TILLIGTE,0541-221228,//www.bouwbedrijfvanderaa.nl,https://www.bouwendnederland.nl/vereniging/lidbedrijf-zoeken?page=71
Bouwbedrijf Lagendijk B.V.,NIEUW LEKKERLAND,Veenweideweg 15  2957 LD NIEUW LEKKERLAND,Veenweideweg 15  2957 LD NIEUW LEKKERLAND,0184-685215,//www.bouwbedrijflagendijk.nl,https://www.bouwendnederland.nl/vereniging/lidbedrijf-zoeken?page=71
Bouwbedrijf Lammersen B.V.,DELDEN,Postbus 12  7490 AA DELDEN,De Dennen 7  7491 HH DELDEN,074-3761819,//www.lammersen.nl,https://www.bouwendnederland.nl/vereniging/lidbedrijf-zoeken?page=71
Bouwbedrijf Lardenoije Maastricht-Eijsden B.V.,EIJSDEN,Industrieweg 8  6245 HW EIJSDEN,Industrieweg 8  6245 HW EIJSDEN,043-4094747,//www.lardenoijebv.nl,https://www.bouwendnederland.nl/vereniging/lidbedrijf-zoeken?page=71
Bouwbedrijf Leda BV,BARNEVELD,Parallelweg 7  3771 LE BARNEVELD,Parallelweg 7  3771 LE BARNEVELD,0342-400857,//www.bouwbedrijfleda.nl,https://www.bouwendnederland.nl/vereniging/lidbedrijf-zoeken?page=71
Bouwbedrijf Leiden B.V.,LEIDERDORP,Draadbaan 33  2352 BM LEIDERDORP,Draadbaan 33  2352 BM LEIDERDORP,071-5138981,//https://bouwbedrijfleiden.nl/,https://www.bouwendnederland.nl/vereniging/lidbedrijf-zoeken?page=71
Bouwbedrijf Lelieveldt B.V.,NIJMEGEN,Waldeck Pyrmontsingel 77  6524 BA NIJMEGEN,Waldeck Pyrmontsingel 77  6524 BA NIJMEGEN,024-3604306,//www.lelieveldt.nl,https://www.bouwendnederland.nl/vereniging/lidbedrijf-zoeken?page=72
Bouwbedrijf Leon Corstjens BV,HEEL,St. Antoniusstraat 28  6097 ND HEEL,St. Antoniusstraat 28  6097 ND HEEL,0475-571416,//www.bouwbedrijfleoncorstjens.nl,https://www.bouwendnederland.nl/vereniging/lidbedrijf-zoeken?page=72
Bouwbedrijf Lingers & van de Paal V.O.F.,GELDROP,Dwarsstraat 119  5666 BC GELDROP,Dwarsstraat 119  5666 BC GELDROP,040-2855862,//www.lingers-vandepaal.nl,https://www.bouwendnederland.nl/vereniging/lidbedrijf-zoeken?page=72
Bouwbedrijf Lisse B.V.,LISSE,Meer en Duin 24 L 2163 HA LISSE,Meer en Duin 24 L 2163 HA LISSE,0252-412885,//www.bouwbedrijflisse.nl,https://www.bouwendnederland.nl/vereniging/lidbedrijf-zoeken?page=72
Bouwbedrijf Lont B.V.,SINT ANNAPAROCHIE,De Wissel 19  9076 PT SINT ANNAPAROCHIE,De Wissel 19  9076 ZN SINT ANNAPAROCHIE,0518-409393,//www.lont.nl,https://www.bouwendnederland.nl/vereniging/lidbedrijf-zoeken?page=72
Bouwbedrijf Louwers Oostelbeers B.V.,OOST WEST EN MIDDELBEERS,Sparrendijk 6 a 5091 KE OOST WEST EN MIDDELBEERS,Sparrendijk 6 a 5091 KE OOST WEST EN MIDDELBEERS,013-5141347,//www.bouwbedrijflouwers.nl,https://www.bouwendnederland.nl/vereniging/lidbedrijf-zoeken?page=72
Bouwbedrijf Luchtenburg B.V.,OLDEHOVE,Buitensingel 176  9883 SM OLDEHOVE,Buitensingel 176  9883 SM OLDEHOVE,,,https://www.bouwendnederland.nl/vereniging/lidbedrijf-zoeken?page=72
Bouwbedrijf Lymbouw B.V.,BREDA,Postbus 4610  4803 EP BREDA,Smalle Reep 17  4816 JB BREDA,076-5710476,//www.lymbouw.nl,https://www.bouwendnederland.nl/vereniging/lidbedrijf-zoeken?page=72
Bouwbedrijf M. Blaauw VOF,JUBBEGA,Schoterlandseweg 86  8411 ZH JUBBEGA,Schoterlandseweg 86  8411 ZH JUBBEGA,0516-461676,//www.bouwbedrijfmblaauw.nl,https://www.bouwendnederland.nl/vereniging/lidbedrijf-zoeken?page=72
Bouwbedrijf M. Poelstra,NIJ BEETS,Swynswei 2 e 9245 HE NIJ BEETS,Swynswei 2 e 9245 HE NIJ BEETS,0512-461363,,https://www.bouwendnederland.nl/vereniging/lidbedrijf-zoeken?page=72
Bouwbedrijf M. van den Berg,WARMENHUIZEN,Oudewal 69  1749 CB WARMENHUIZEN,Oudewal 69  1749 CB WARMENHUIZEN,0226-392693,//www.bouwbedrijfmvdberg.nl,https://www.bouwendnederland.nl/vereniging/lidbedrijf-zoeken?page=72
Bouwbedrijf M.A.P. van Casteren,BALK,Wikelerdijk 15  8561 BD BALK,Wikelerdijk 15  8561 BD BALK,0514-604037,//www.bouwbedrijfvancasteren.nl,https://www.bouwendnederland.nl/vereniging/lidbedrijf-zoeken?page=72
Bouwbedrijf M.J. de Nijs en Zn B.V.,WARMENHUIZEN,Postbus 1  1749 ZG WARMENHUIZEN,Oudewal 21  1749 CA WARMENHUIZEN,0226-397000,//www.denijs.nl,https://www.bouwendnederland.nl/vereniging/lidbedrijf-zoeken?page=72
Bouwbedrijf Maneschijn B.V.,VROOMSHOOP,Vierzonenweg 22  7681 DZ VROOMSHOOP,Vierzonenweg 22  7681 DZ VROOMSHOOP,0546-642682,//www.maneschijn-bouw.nl,https://www.bouwendnederland.nl/vereniging/lidbedrijf-zoeken?page=72
Bouwbedrijf Markslag v.o.f.,HENGELO OV,Vockersweg 10  7554 RK HENGELO OV,Smaragdstraat 20  7554 TD HENGELO OV,074-2427835,,https://www.bouwendnederland.nl/vereniging/lidbedrijf-zoeken?page=72
Bouwbedrijf Marum,MARUM,Poortweg 7  9363 TJ MARUM,Poortweg 7  9363 TJ MARUM,0594-642698,//www.bouwbedrijfmarum.nl,https://www.bouwendnederland.nl/vereniging/lidbedrijf-zoeken?page=72
Bouwbedrijf Meijvogel B.V.,KATWIJK ZH,Nijverheidstraat 22  2222 AV KATWIJK ZH,Nijverheidstraat 22  2222 AV KATWIJK ZH,071-4025808,//www.bouwbedrijfmeijvogel.nl,https://www.bouwendnederland.nl/vereniging/lidbedrijf-zoeken?page=72
Bouwbedrijf Meliskerke B.V.,MELISKERKE,Dorpsstraat 6  4365 AM MELISKERKE,Dorpsstraat 6  4365 AM MELISKERKE,0118-561710,//www.meliskerkebv.nl,https://www.bouwendnederland.nl/vereniging/lidbedrijf-zoeken?page=72
Bouwbedrijf Meliskerke Beheer B.V.,MELISKERKE,Dorpsstraat 6  4365 AM MELISKERKE,Dorpsstraat 6  4365 AM MELISKERKE,0118-561710,//www.bouwbedrijfmeliskerke.nl,https://www.bouwendnederland.nl/vereniging/lidbedrijf-zoeken?page=72
Bouwbedrijf Meliskerke Projecten B.V.,MELISKERKE,Dorpsstraat 6  4365 AM MELISKERKE,Dorpsstraat 6  4365 AM MELISKERKE,0118-561710,,https://www.bouwendnederland.nl/vereniging/lidbedrijf-zoeken?page=72
Bouwbedrijf Messink,RUURLO,Slootsdijk 6  7261 RS RUURLO,Slootsdijk 6  7261 RS RUURLO,,,https://www.bouwendnederland.nl/vereniging/lidbedrijf-zoeken?page=73
Bouwbedrijf Mol,BRUINISSE,Nijverheidsweg 10  4311 RT BRUINISSE,Nijverheidsweg 10  4311 RT BRUINISSE,0111-484065,//www.bouwbedrijfmol.nl,https://www.bouwendnederland.nl/vereniging/lidbedrijf-zoeken?page=73
Bouwbedrijf Monkel,OUDEHORNE,Schoterlandseweg 80  8413 ND OUDEHORNE,Schoterlandseweg 80  8413 ND OUDEHORNE,0513-541745,//www.bouwbedrijfmonkel.nl,https://www.bouwendnederland.nl/vereniging/lidbedrijf-zoeken?page=73
Bouwbedrijf Moonen B.V.,'S-HERTOGENBOSCH,Postbus 3087  5203 DB 'S-HERTOGENBOSCH,Hambakenwetering 8 g 5231 DC 'S-HERTOGENBOSCH,073-6458722,//www.bouwgroepmoonen.nl,https://www.bouwendnederland.nl/vereniging/lidbedrijf-zoeken?page=73
Bouwbedrijf Mulckhuyse Ameide B.V.,AMEIDE,Industrieweg 12a Bouwbedrijf Mulckhuyse Ameide bv 4233 GA Ameide,Industrieweg 12 a 4233 GA AMEIDE,0183-601429,//www.mulckhuysebouw.nl,https://www.bouwendnederland.nl/vereniging/lidbedrijf-zoeken?page=73
Bouwbedrijf Mulder B.V.,NIEUWOLDA,Hoofdweg West 10  9944 EB NIEUWOLDA,Hoofdweg West 10  9944 EB NIEUWOLDA,0596-517100,//www.bouwbedrijfmulder.nl,https://www.bouwendnederland.nl/vereniging/lidbedrijf-zoeken?page=73
Bouwbedrijf N.K.G.,MARIENVELDE,Waalderweg 32  C 7263 RW MARIENVELDE,Waalderweg 32  C 7263 RW MARIENVELDE,0544-374243,//www.bouwbedrijf-nkg.nl,https://www.bouwendnederland.nl/vereniging/lidbedrijf-zoeken?page=73
Bouwbedrijf Nap B.V.,LUNTEREN,Postbus 129  6740 AC LUNTEREN,Kauwenhoven 37  6741 PW LUNTEREN,0318-483512,//www.bouwbedrijfnap.nl,https://www.bouwendnederland.nl/vereniging/lidbedrijf-zoeken?page=73
Bouwbedrijf Niersman BV,VOORSCHOTEN,Veurseweg 79  2251 AA VOORSCHOTEN,Veurseweg 79  2251 AA VOORSCHOTEN,071-5601350,//www.niersman.com,https://www.bouwendnederland.nl/vereniging/lidbedrijf-zoeken?page=73
Bouwbedrijf Nieuwe Maten B.V.,WORMERVEER,Nijverheidsstraat 17  1521 NG WORMERVEER,Nijverheidsstraat 17  1521 NG WORMERVEER,075-6148880,//www.nieuwematen.nl,https://www.bouwendnederland.nl/vereniging/lidbedrijf-zoeken?page=73
Bouwbedrijf Nieuwenhuis & Bouma B.V.,PINGJUM,Mulierlaan 2 a 8749 TA PINGJUM,Mulierlaan 2 a 8749 TA PINGJUM,0517-579330,//www.nieuwenhuis-bouma.nl,https://www.bouwendnederland.nl/vereniging/lidbedrijf-zoeken?page=73
Bouwbedrijf Nieuwenhuis B.V.,RIJSSEN,Postbus 290  7460 AG RIJSSEN,kalanderstraat 51  7461 JL RIJSSEN,0548-537900,//www.bouwbedrijfnieuwenhuis.nl,https://www.bouwendnederland.nl/vereniging/lidbedrijf-zoeken?page=73
Bouwbedrijf Nieuwkoop B.V.,NIEUWKOOP,Zuideinde 177  2421 AE NIEUWKOOP,Zuideinde 177  2421 AE NIEUWKOOP,0172-572424,,https://www.bouwendnederland.nl/vereniging/lidbedrijf-zoeken?page=73
Bouwbedrijf Nouws B.V.,SPRUNDEL,Ettenseweg 1  4714 SZ SPRUNDEL,Ettenseweg 1  4714 SZ SPRUNDEL,0165-384679,//www.bouwbedrijfnouws.nl,https://www.bouwendnederland.nl/vereniging/lidbedrijf-zoeken?page=73
Bouwbedrijf Obdeijn B.V.,BROEKLAND OV,Horstweg 10 A 8107 AB BROEKLAND OV,Horstweg 10 A 8107 AB BROEKLAND OV,0570-592869,//www.obdeijn.nl,https://www.bouwendnederland.nl/vereniging/lidbedrijf-zoeken?page=73
Bouwbedrijf Oerlemans B.V.,UDENHOUT,Transportweg 7  5071 NV UDENHOUT,Transportweg 7  5071 NV UDENHOUT,013-8221486,//www.bouwbedrijfoerlemans.nl,https://www.bouwendnederland.nl/vereniging/lidbedrijf-zoeken?page=73
Bouwbedrijf Offermans,RENKUM,Markweg 16  6871 KX RENKUM,Markweg 16  6871 KX RENKUM,,,https://www.bouwendnederland.nl/vereniging/lidbedrijf-zoeken?page=73
Bouwbedrijf Olbers BV,ALKMAAR,Machinestraat 2  1749 DT WARMENHUIZEN,Koedijkerstraat 41  1823 CR ALKMAAR,072-5124710,//www.olbers.nl,https://www.bouwendnederland.nl/vereniging/lidbedrijf-zoeken?page=73
Bouwbedrijf Oldenhof Hesselink B.V.,AMERSFOORT,Havenweg 21 B 3812 PR AMERSFOORT,Havenweg 21 B 3812 PR AMERSFOORT,033-7851535,//www.oldenhofhesselink.nl,https://www.bouwendnederland.nl/vereniging/lidbedrijf-zoeken?page=73
Bouwbedrijf Oonk-Noteboom B.V.,MARKELO,Goorseweg 45  7475 BC MARKELO,Goorseweg 45  7475 BC MARKELO,0547-361439,//www.oonk-noteboom.nl,https://www.bouwendnederland.nl/vereniging/lidbedrijf-zoeken?page=73
Bouwbedrijf Oskam Bunnik B.V.,BUNNIK,Postbus 31  3980 CA BUNNIK,Provincialeweg 69  3981 AM BUNNIK,030-6564454,//www.oskam-bunnik.nl,https://www.bouwendnederland.nl/vereniging/lidbedrijf-zoeken?page=74
Bouwbedrijf Osnabrugge B.V.,SCHERPENZEEL GLD,Holleweg 1  3925 LW SCHERPENZEEL GLD,Holleweg 1  3925 LW SCHERPENZEEL GLD,033-2773738,//www.bouwbedrijfosnabrugge.nl,https://www.bouwendnederland.nl/vereniging/lidbedrijf-zoeken?page=74
Bouwbedrijf Otten v.o.f.,LUTTENBERG,Luttenbergerweg 48  8105 RV LUTTENBERG,Luttenbergerweg 48  8105 RV LUTTENBERG,0572-301546,//www.bouwbedrijfotten-vof.nl,https://www.bouwendnederland.nl/vereniging/lidbedrijf-zoeken?page=74
Bouwbedrijf Oude Roelink B.V.,OLDENZAAL,Textielstraat 32  7575 CA OLDENZAAL,Textielstraat 32  7575 CA OLDENZAAL,0541-517523,//www.ouderoelinkbouw.nl,https://www.bouwendnederland.nl/vereniging/lidbedrijf-zoeken?page=74
Bouwbedrijf P. Achterhof,ZUIDWOLDE GN,Beijumerweg 1  9785 AH ZUIDWOLDE GN,Beijumerweg 1  9785 AH ZUIDWOLDE GN,050-3012395,,https://www.bouwendnederland.nl/vereniging/lidbedrijf-zoeken?page=74
Bouwbedrijf P. Broers B.V.,BREEZAND,L. Pietersestraat 77 A 1764 GT BREEZAND,L. Pietersestraat 77 A 1764 GE BREEZAND,0223-521557,//www.bouwbedrijfbroers.nl,https://www.bouwendnederland.nl/vereniging/lidbedrijf-zoeken?page=74
Bouwbedrijf P. Ott B.V.,SCHAGERBRUG,Handelsweg 6  1751 HE SCHAGERBRUG,Handelsweg 6  1751 HE SCHAGERBRUG,0224-571444,//www.bouwbedrijf-ott.nl,https://www.bouwendnederland.nl/vereniging/lidbedrijf-zoeken?page=74
Bouwbedrijf P. van Broekhoven,TILBURG,Eikstraat 49  5038 MN TILBURG,Eikstraat 49  5038 MN TILBURG,013-8200178,//www.bbvanbroekhoven.nl,https://www.bouwendnederland.nl/vereniging/lidbedrijf-zoeken?page=74
Bouwbedrijf P. van den  Boogert en Zn. B.V.,SOMMELSDIJK,Enkele Ring 53  3245 AH SOMMELSDIJK,Westelijke Achterweg 63  3245 BJ SOMMELSDIJK,0187-485181,//www.boogertbouw.nl,https://www.bouwendnederland.nl/vereniging/lidbedrijf-zoeken?page=74
Bouwbedrijf P. Verwer B.V.,MARKNESSE,Voorsterweg 4  8316 PS MARKNESSE,Voorsterweg 4  8316 PS MARKNESSE,0527-201897,//www.bouwbedrijfverwer.nl,https://www.bouwendnederland.nl/vereniging/lidbedrijf-zoeken?page=74
Bouwbedrijf P. Visser en Zonen B.V.,SLIEDRECHT,Industrieweg 45  3361 HJ SLIEDRECHT,Industrieweg 45  3361 HJ SLIEDRECHT,0184-413327,//www.bouwbedrijfvisser.nl,https://www.bouwendnederland.nl/vereniging/lidbedrijf-zoeken?page=74
Bouwbedrijf P.A. Kemper B.V.,PURMEREND,Cantekoogweg 23 R 1442 LG PURMEREND,Cantekoogweg 23 R 1442 LG PURMEREND,0299-425838,//www.kemperbouw.nl,https://www.bouwendnederland.nl/vereniging/lidbedrijf-zoeken?page=74
Bouwbedrijf P.A. Koenen & Zn.,HOLTHEES,Gildestraat 23 A 5824 AA HOLTHEES,Gildestraat 23 A 5824 AA HOLTHEES,0478-638200,//www.koenenholthees.nl,https://www.bouwendnederland.nl/vereniging/lidbedrijf-zoeken?page=74
Bouwbedrijf P.C. de Winter B.V.,LOPPERSUM,Molenweg 19  9919 AE LOPPERSUM,Molenweg 19  9919 AE LOPPERSUM,0596-572503,//www.pcdewinter.nl,https://www.bouwendnederland.nl/vereniging/lidbedrijf-zoeken?page=74
Bouwbedrijf P.R. de Jong,HOORNSTERZWAAG,Schoterlandseweg 123  8412 SP HOORNSTERZWAAG,Schoterlandseweg 123  8412 SP HOORNSTERZWAAG,0516-463516,//www.prdejong.nl,https://www.bouwendnederland.nl/vereniging/lidbedrijf-zoeken?page=74
Bouwbedrijf Pascal Meijer,BAD NIEUWESCHANS,Jan van Zutphenstraat 6  9693 AS BAD NIEUWESCHANS,Jan van Zutphenstraat 6  9693 AS BAD NIEUWESCHANS,0597-521400,//www.pascalmeijerbouw.nl,https://www.bouwendnederland.nl/vereniging/lidbedrijf-zoeken?page=74
Bouwbedrijf Peeters B.V.,HEERLEN,Esschenweg 46 -48 6412 PV HEERLEN,Esschenweg 46 -48 6412 PV HEERLEN,045-5750257,//www.bouwbedrijfpeeters.nl,https://www.bouwendnederland.nl/vereniging/lidbedrijf-zoeken?page=74
Bouwbedrijf Pennings B.V.,ROSMALEN,Dorpsstraat 4  5241 EC ROSMALEN,Dorpsstraat 4  5241 EC ROSMALEN,073-5234400,//www.bouwbedrijfpennings.nl,https://www.bouwendnederland.nl/vereniging/lidbedrijf-zoeken?page=74
Bouwbedrijf Penterman B.V.,EIBERGEN,Olden Eibergsedijk 4  7151 NB EIBERGEN,Olden Eibergsedijk 4  7151 NB EIBERGEN,0545-473070,//www.penterman.nl,https://www.bouwendnederland.nl/vereniging/lidbedrijf-zoeken?page=74
Bouwbedrijf Peter Peters B.V.,SCHAIJK,Scheltseweg 13  5374 EB SCHAIJK,Scheltseweg 13  5374 EB SCHAIJK,0486-463788,//www.petersbouw.nl,https://www.bouwendnederland.nl/vereniging/lidbedrijf-zoeken?page=74
Bouwbedrijf Peter van den Heuvel B.V.,HELMOND,Diepenbroek 3  5707 DA HELMOND,Diepenbroek 3  5707 DA HELMOND,0492-551692,,https://www.bouwendnederland.nl/vereniging/lidbedrijf-zoeken?page=75
Bouwbedrijf Peters BV,BRUNSSUM,Prins Hendriklaan 60 X001 6441 AC BRUNSSUM,Prins Hendriklaan 60 B 6441 AC BRUNSSUM,045-5670040,//www.peters-bouw.nl,https://www.bouwendnederland.nl/vereniging/lidbedrijf-zoeken?page=75
Bouwbedrijf Peters Jr.,RENKUM,Postbus 49  6870 AA RENKUM,Achterdorpstraat 7  6871 BA RENKUM,0317-311000,//www.bouwbedrijfpeters.nl,https://www.bouwendnederland.nl/vereniging/lidbedrijf-zoeken?page=75
Bouwbedrijf Pierrot B.V.,VINKEVEEN,Groenlandse kade 67  3645 BB VINKEVEEN,Groenlandse kade 67  3645 BB VINKEVEEN,0297-263091,//www.pierrotbouw.nl,https://www.bouwendnederland.nl/vereniging/lidbedrijf-zoeken?page=75
Bouwbedrijf Piet Groen,STARNMEER,Provincialeweg 1  1488 AN STARNMEER,Provincialeweg 1  1488 AN STARNMEER,075-6411353,//www.bouwbedrijfpietgroen.nl,https://www.bouwendnederland.nl/vereniging/lidbedrijf-zoeken?page=75
Bouwbedrijf Piet van der Burg B.V.,SCHERMERHORN,Molendijk 7  1636 VK SCHERMERHORN,Molendijk 7  1636 VK SCHERMERHORN,072-5022192,//www.pietvanderburg.nl,https://www.bouwendnederland.nl/vereniging/lidbedrijf-zoeken?page=75
Bouwbedrijf Pinkert B.V.,HOLTEN,Constructieweg 2 -14 7451 PS HOLTEN,Constructieweg 2 -14 7451 PS HOLTEN,0548-361259,//www.pinkert.nl,https://www.bouwendnederland.nl/vereniging/lidbedrijf-zoeken?page=75
Bouwbedrijf Poell B.V.,CRUQUIUS,Postbus 195  2100 AD HEEMSTEDE,Spaarneweg 83  2142 EP CRUQUIUS,023-5410541,,https://www.bouwendnederland.nl/vereniging/lidbedrijf-zoeken?page=75
Bouwbedrijf Pos & Zanoli B.V.,UTRECHT,Narcisstraat 4  3551 ER UTRECHT,Narcisstraat 4  3551 ER UTRECHT,030-2446032,//www.posenzanoli.nl,https://www.bouwendnederland.nl/vereniging/lidbedrijf-zoeken?page=75
Bouwbedrijf Posthumus Gorredijk B.V.,GORREDIJK,Molenwal 41  8401 CE GORREDIJK,Molenwal 41  8401 CE GORREDIJK,0513-464646,//www.bouwbedrijfposthumus.nl,https://www.bouwendnederland.nl/vereniging/lidbedrijf-zoeken?page=75
Bouwbedrijf Postma B.V.,KOOTSTERTILLE,Smidstraat 6  9147 BK HANTUM,Oastkern 2  9288 XJ KOOTSTERTILLE,0512-332173,//www.bouwbedrijfpostma.nl,https://www.bouwendnederland.nl/vereniging/lidbedrijf-zoeken?page=75
Bouwbedrijf Quant Zierikzee B.V.,ZIERIKZEE,Groene Weegje 27  4301 RN ZIERIKZEE,Groene Weegje 27  4301 RN ZIERIKZEE,0111-413400,//www.bouwbedrijfquant.nl,https://www.bouwendnederland.nl/vereniging/lidbedrijf-zoeken?page=75
Bouwbedrijf R. Bibo,MIDDELIE,Middelie 23  1472 GP MIDDELIE,Middelie 23  1472 GP MIDDELIE,0299-621524,,https://www.bouwendnederland.nl/vereniging/lidbedrijf-zoeken?page=75
Bouwbedrijf R. Buitenhuis,DELFT,Justus van Schoonhovenstraat 22  2613 NZ DELFT,Justus van Schoonhovenstraat 22  2613 NZ DELFT,015-2127706,//www.bouwbedrijf-delft.nl,https://www.bouwendnederland.nl/vereniging/lidbedrijf-zoeken?page=75
Bouwbedrijf R.J.L. Overdevest,HAARLEM,Koudenhorn 50  2011 JD HAARLEM,Koudenhorn 50  2011 JD HAARLEM,23-5312248,//www.bouwbedrijf-overdevest.nl,https://www.bouwendnederland.nl/vereniging/lidbedrijf-zoeken?page=75
Bouwbedrijf R.M. Slager-Zonen,WOLVEGA,Chroomweg 28  8471 XL WOLVEGA,Chroomweg 28  8471 XL WOLVEGA,0561-613706,//nvt,https://www.bouwendnederland.nl/vereniging/lidbedrijf-zoeken?page=75
Bouwbedrijf Regeling Beerzerveld B.V.,BEERZERVELD,Postbus 36  7680 AA VROOMSHOOP,Kloosterdijk 38  7685 PX BEERZERVELD,0523-251328,//www.bouwbedrijfregeling.nl,https://www.bouwendnederland.nl/vereniging/lidbedrijf-zoeken?page=75
Bouwbedrijf Reijnders,SANTPOORT-NOORD,Paramaribostraat 74  2071 VR SANTPOORT-NOORD,Paramaribostraat 74  2071 VR SANTPOORT-NOORD,065-3355555,//www.bouwbedrijfreijnders.nl,https://www.bouwendnederland.nl/vereniging/lidbedrijf-zoeken?page=75
Bouwbedrijf Rein Scheele,AXEL,Dierick Boutsstraat 12  4571 MB AXEL,Dierick Boutsstraat 12  4571 MB AXEL,0115-562883,,https://www.bouwendnederland.nl/vereniging/lidbedrijf-zoeken?page=75
Bouwbedrijf Reitsma,HURDEGARYP,Anthony Fokkerstraat 46  9254 CK HURDEGARYP,Anthony Fokkerstraat 46  9254 CK HURDEGARYP,06-43416921,//www.bouwbedrijfreitsma.nl,https://www.bouwendnederland.nl/vereniging/lidbedrijf-zoeken?page=75
Bouwbedrijf Remco Broersen,WAARLAND,De Wurft 4  1738 DX WAARLAND,De Wurft 4  1738 DX WAARLAND,022-6423078,//www.bouwbedrijfremcobroersen.nl,https://www.bouwendnederland.nl/vereniging/lidbedrijf-zoeken?page=76
Bouwbedrijf Remijn,'S-HEERENHOEK,'s-Heerenhoeksedijk 20  4453 RB 'S-HEERENHOEK,'s-Heerenhoeksedijk 20  4453 RB 'S-HEERENHOEK,0113-352098,//www.bouwbedrijfremijn.nl,https://www.bouwendnederland.nl/vereniging/lidbedrijf-zoeken?page=76
Bouwbedrijf Remmers B.V.,TILBURG,Kranenberg 1  5047 TR TILBURG,Kranenberg 1  5047 TR TILBURG,013-5729300,//www.remmersbouwgroep.nl,https://www.bouwendnederland.nl/vereniging/lidbedrijf-zoeken?page=76
Bouwbedrijf Remy Mol B.V.,WORMER,Eendrachtstraat 19  1531 DT WORMER,Eendrachtstraat 19  1531 DT WORMER,06-18791485,//www.bouwbedrijf-remymol.nl,https://www.bouwendnederland.nl/vereniging/lidbedrijf-zoeken?page=76
Bouwbedrijf René de Jong,WOUW,Biezenstraat 39  4724 SK WOUW,Biezenstraat 39  4724 SK WOUW,-0629001204,//www.bouwbedrijfrenedejong.nl,https://www.bouwendnederland.nl/vereniging/lidbedrijf-zoeken?page=76
Bouwbedrijf Rene Segers,DEN ILP,Dorpstraat 42  1127 PD DEN ILP,Dorpstraat 42  1127 PD DEN ILP,-0610915528,,https://www.bouwendnederland.nl/vereniging/lidbedrijf-zoeken?page=76
Bouwbedrijf René Veerman B.V.,VOLENDAM,Krokussenstraat 32  1131 LK VOLENDAM,Krokussenstraat 32  1131 LK VOLENDAM,029-9671710,//www.veermanderijp.nl,https://www.bouwendnederland.nl/vereniging/lidbedrijf-zoeken?page=76
Bouwbedrijf Rens,LEPELSTRAAT,Ruige Velden 16  4664 RG LEPELSTRAAT,Ruige Velden 16  4664 RG LEPELSTRAAT,0164-685367,,https://www.bouwendnederland.nl/vereniging/lidbedrijf-zoeken?page=76
Bouwbedrijf Renswoude B.V.,RENSWOUDE,Groeperweg 19 a 3927 CR RENSWOUDE,Groeperweg 19 a 3927 CR RENSWOUDE,0343-412849,,https://www.bouwendnederland.nl/vereniging/lidbedrijf-zoeken?page=76
Bouwbedrijf Reusen BV,BREEDENBROEK,Terborgseweg 17  7084 AD BREEDENBROEK,Terborgseweg 17  7084 AD BREEDENBROEK,0315-651287,//ww.reusen.nl,https://www.bouwendnederland.nl/vereniging/lidbedrijf-zoeken?page=76
Bouwbedrijf Rietveld B.V.,HENDRIK-IDO-AMBACHT,Natuursteenweg 6  3343 LH HENDRIK-IDO-AMBACHT,Natuursteenweg 6  3343 LH HENDRIK-IDO-AMBACHT,078-2204200,//www.bouwbedrijfrietveld.nl,https://www.bouwendnederland.nl/vereniging/lidbedrijf-zoeken?page=76
Bouwbedrijf Rijkenbarg,NEEDE,Elsmansdijk 17  7161 LJ NEEDE,Elsmansdijk 17  7161 LJ NEEDE,0545-481347,//www.bouwbedrijfrijkenbarg.nl,https://www.bouwendnederland.nl/vereniging/lidbedrijf-zoeken?page=76
Bouwbedrijf Ritte & Persoon B.V.,WATERINGEN,'s-Gravenzandseweg 62 H 2291 PE WATERINGEN,'s-Gravenzandseweg 62 H 2291 PE WATERINGEN,0174-281222,//www.ritte-persoon.nl,https://www.bouwendnederland.nl/vereniging/lidbedrijf-zoeken?page=76
Bouwbedrijf Rodenburg B.V.,VEENENDAAL,Fokkerstraat 19  3905 KV VEENENDAAL,Fokkerstraat 19  3905 KV VEENENDAAL,0318-463368,//www.rodenburgbv.nl,https://www.bouwendnederland.nl/vereniging/lidbedrijf-zoeken?page=76
Bouwbedrijf Roelofs B.V.,SINT-MICHIELSGESTEL,Bedrijvenweg 15  5272 PA SINT-MICHIELSGESTEL,Bedrijvenweg 15  5272 PA SINT-MICHIELSGESTEL,073-5515224,//www.bouwbedrijfroelofs.com,https://www.bouwendnederland.nl/vereniging/lidbedrijf-zoeken?page=76
Bouwbedrijf Roos Emmeloord B.V,EMMELOORD,Franc 66  8305 BS EMMELOORD,Franc 66  8305 BS EMMELOORD,0527-613090,//www.bbroosemmeloord.nl,https://www.bouwendnederland.nl/vereniging/lidbedrijf-zoeken?page=76
Bouwbedrijf Roosdom Tijhuis B.V.,RIJSSEN,Postbus 237  7460 AE RIJSSEN,Jutestraat 8  7461 TR RIJSSEN,0548-518024,//www.roosdomtijhuis.nl,https://www.bouwendnederland.nl/vereniging/lidbedrijf-zoeken?page=76
Bouwbedrijf Roossink B.V.,REKKEN,Apedijk 15 a 7157 BA REKKEN,Apedijk 15 a 7157 BA REKKEN,0545-431586,//www.bouwbedrijf-roossink.nl,https://www.bouwendnederland.nl/vereniging/lidbedrijf-zoeken?page=76
Bouwbedrijf Ruiter B.V.,HAARLE GEM HELLENDOORN,Bloeme-weide 18  7448 PX HAARLE GEM HELLENDOORN,Bloeme-Weide 18  7448 PX HAARLE GEM HELLENDOORN,0548-595121,//www.ruiterbouw.nl,https://www.bouwendnederland.nl/vereniging/lidbedrijf-zoeken?page=76
Bouwbedrijf Ruyter B.V.,ZWAAGDIJK,Zwaagdijk 112  1683 NL ZWAAGDIJK,Zwaagdijk 112  1683 NL ZWAAGDIJK,0228-581374,//www.bouwbedrijfruyter.nl,https://www.bouwendnederland.nl/vereniging/lidbedrijf-zoeken?page=76
Bouwbedrijf S. van der Wielen & Zn.,HOLWERD,Voorstraat 9  9151 HD HOLWERD,Voorstraat 9  9151 HD HOLWERD,0519-561357,//www.bouwbedrijfvdwielen.nl,https://www.bouwendnederland.nl/vereniging/lidbedrijf-zoeken?page=77
Bouwbedrijf S.B. Hofman,STEDUM,Lopsterweg 4 a 9921 RP STEDUM,Lopsterweg 4 a 9921 RP STEDUM,0596-551707,//www.bouwenmethofman.nl,https://www.bouwendnederland.nl/vereniging/lidbedrijf-zoeken?page=77
Bouwbedrijf S.C. van den Berg B.V.,DE LIER,Kijckerweg 97  2678 AC DE LIER,Kijckerweg 97  2678 AC DE LIER,0174-520521,//www.vandenberg-bouw.nl,https://www.bouwendnederland.nl/vereniging/lidbedrijf-zoeken?page=77
Bouwbedrijf Scharenberg B.V.,HAAKSBERGEN,Rietmolenweg 8  7482 NX HAAKSBERGEN,Rietmolenweg 8  7482 NX HAAKSBERGEN,074-3575539,//www.scharenbergbouw.nl,https://www.bouwendnederland.nl/vereniging/lidbedrijf-zoeken?page=77
Bouwbedrijf Scheenstra B.V.,TER IDZARD,Idzardaweg 15  8476 EL TER IDZARD,Idzardaweg 15  8476 EL TER IDZARD,0561-612266,//www.scheenstrabv.nl,https://www.bouwendnederland.nl/vereniging/lidbedrijf-zoeken?page=77
Bouwbedrijf Scholte op Reimer B.V.,ALBERGEN,Ootmarsumseweg 165  7665 RX ALBERGEN,Ootmarsumseweg 165  7665 RX ALBERGEN,0546-441248,//www.scholteopreimer.nl,https://www.bouwendnederland.nl/vereniging/lidbedrijf-zoeken?page=77
Bouwbedrijf Schoonewille B.V.,HOOGEVEEN,Siemensstraat 11  7903 AX HOOGEVEEN,Siemensstraat 11  7903 AX HOOGEVEEN,0528-236455,//www.bouwbedrijfschoonewille.nl,https://www.bouwendnederland.nl/vereniging/lidbedrijf-zoeken?page=77
Bouwbedrijf Schot B.V.,LOCHEM,Postbus 117  7240 AC LOCHEM,Aalsvoort 127  7241 MB LOCHEM,0573-441248,//www.bouwbedrijf-schot.nl,https://www.bouwendnederland.nl/vereniging/lidbedrijf-zoeken?page=77
Bouwbedrijf Schotanus B.V.,KOLLUMERZWAAG,Foarwei 123  9298 JG KOLLUMERZWAAG,Foarwei 123  9298 JG KOLLUMERZWAAG,0511-441303,//www.bouwbedrijf-schotanus.nl,https://www.bouwendnederland.nl/vereniging/lidbedrijf-zoeken?page=77
Bouwbedrijf Schreuder Onstwedde,STADSKANAAL,Touwslager 12  9502 KD STADSKANAAL,Touwslager 12  9502 KD STADSKANAAL,0599-331369,//www.schreuderbouwbedrijf.nl,https://www.bouwendnederland.nl/vereniging/lidbedrijf-zoeken?page=77
Bouwbedrijf Schrijver B.V.,'S-GRAVENPOLDER,Spoorstraat 16 A 4431 NK 'S-GRAVENPOLDER,Spoorstraat 16 A 4431 NK 'S-GRAVENPOLDER,0113-311527,//www.bouwbedrijfschrijver.nl,https://www.bouwendnederland.nl/vereniging/lidbedrijf-zoeken?page=77
Bouwbedrijf Schroen B.V.,HEYTHUYSEN,Meerkamp 5  6093 BZ HEYTHUYSEN,Meerkamp 5  6093 BZ HEYTHUYSEN,0475-491304,//www.schroen.nl,https://www.bouwendnederland.nl/vereniging/lidbedrijf-zoeken?page=77
Bouwbedrijf Sebze B.V.,Nootdorp,Mercuriusweg 84  2516 AW 'S-GRAVENHAGE,Stoomweg 19  2631 RR Nootdorp,070-7520226,//www.bouwbedrijfsebze.nl,https://www.bouwendnederland.nl/vereniging/lidbedrijf-zoeken?page=77
Bouwbedrijf Selie B.V.,AMSTERDAM,Haparandaweg 9  1013 BD AMSTERDAM,Haparandaweg 9  1013 BD AMSTERDAM,020-6881141,//www.selie.nl,https://www.bouwendnederland.nl/vereniging/lidbedrijf-zoeken?page=77
Bouwbedrijf Siemensma B.V.,SURHUISTERVEEN,Meander 21  9231 DB SURHUISTERVEEN,Meander 21  9231 DB SURHUISTERVEEN,0512-363155,//www.bouwbedrijfsiemensma.nl,https://www.bouwendnederland.nl/vereniging/lidbedrijf-zoeken?page=77
Bouwbedrijf Sleenhoff B.V.,WIJCHEN,Vijverlaan 4  6602 CX WIJCHEN,Vijverlaan 4  6602 CX WIJCHEN,024-6412523,//www.sleenhoffbouw.nl,https://www.bouwendnederland.nl/vereniging/lidbedrijf-zoeken?page=77
Bouwbedrijf Slomp B.V.,HOOGEVEEN,Dr Anton Philipsstraat 29  7903 AL HOOGEVEEN,Dr Anton Philipsstraat 29  7903 AL HOOGEVEEN,0528-264438,//www.bouwbedrijfslomp.nl,https://www.bouwendnederland.nl/vereniging/lidbedrijf-zoeken?page=77
Bouwbedrijf Speelman B.V.,ALTEVEER GN,Beumeesweg 73  9661 AB ALTEVEER GN,Beumeesweg 73  9661 AB ALTEVEER GN,0599-333465,//www.bouwbedrijfspeelman.nl,https://www.bouwendnederland.nl/vereniging/lidbedrijf-zoeken?page=77
Bouwbedrijf Spierings,SCHAIJK,Arkenschot 5  5374 MH SCHAIJK,Arkenschot 5  5374 MH SCHAIJK,0486-461062,//www.bouwbedrijfspierings.nl,https://www.bouwendnederland.nl/vereniging/lidbedrijf-zoeken?page=77
Bouwbedrijf Spruit B.V.,MONTFOORT,Aardvletterweg 5  3417 XL MONTFOORT,Aardvletterweg 5  3417 XL MONTFOORT,0348-470505,//www.bouwbedrijfspruit.nl,https://www.bouwendnederland.nl/vereniging/lidbedrijf-zoeken?page=77
Bouwbedrijf Stammen B.V.,MEIJEL,Kruisstraat 3  5768 RW MEIJEL,Kruisstraat 3  5768 RW MEIJEL,077-4663839,//www.bouwbedrijfstammen.nl,https://www.bouwendnederland.nl/vereniging/lidbedrijf-zoeken?page=78
Bouwbedrijf Stamsnijder-Homan B.V.,BORNERBROEK,Worker Landen 10  7627 LJ BORNERBROEK,Worker Landen 10  7627 LJ BORNERBROEK,074-3841798,//www.stamsnijder-homan.nl,https://www.bouwendnederland.nl/vereniging/lidbedrijf-zoeken?page=78
Bouwbedrijf Stegeman B.V.,PEPERGA,Pepergaweg 20 -22 8396 GX PEPERGA,Pepergaweg 20 -22 8396 GX PEPERGA,0561-441383,//www.bouwbedrijfstegeman.nl,https://www.bouwendnederland.nl/vereniging/lidbedrijf-zoeken?page=78
Bouwbedrijf Stokkers B.V.,ENSCHEDE,Kwinkelerweg 223  7548 BS ENSCHEDE,Kwinkelerweg 223  7548 BS ENSCHEDE,053-4281389,//www.stokkers.nl,https://www.bouwendnederland.nl/vereniging/lidbedrijf-zoeken?page=78
Bouwbedrijf Swart B.V.,EASTERMAR,Grote Hornstweg 19  D 9261 VW EASTERMAR,Grote Hornstweg 19  D 9261 VW EASTERMAR,0512-471300,//www.bouwbedrijfswart.nl,https://www.bouwendnederland.nl/vereniging/lidbedrijf-zoeken?page=78
Bouwbedrijf Sytse Douwe van der Vegt b.v.,WEIDUM,Hegedyk 3 a 9024 EB WEIDUM,Hegedyk 3 a 9024 EB WEIDUM,058-2519247,//www.sdvandervegt.nl,https://www.bouwendnederland.nl/vereniging/lidbedrijf-zoeken?page=78
Bouwbedrijf T. Huisman,Zandhuizen,Zandhuizerweg 31 A 8389 TC ZANDHUIZEN,Zandhuizerweg 31 A 8389 TC Zandhuizen,,,https://www.bouwendnederland.nl/vereniging/lidbedrijf-zoeken?page=78
Bouwbedrijf Taekema & Lieuwes B.V.,WIJNJEWOUDE,Moskouwei 2 A 9241 WJ WIJNJEWOUDE,Moskouwei 2 A 9241 WJ WIJNJEWOUDE,,,https://www.bouwendnederland.nl/vereniging/lidbedrijf-zoeken?page=78
Bouwbedrijf Teng Wijen B.V.,NEDERWEERT,Pannenweg 278  6031 RK NEDERWEERT,Pannenweg 278  6031 RK NEDERWEERT,0495-632473,//www.bouwbedrijftengwijen.nl,https://www.bouwendnederland.nl/vereniging/lidbedrijf-zoeken?page=78
Bouwbedrijf ter Harmsel B.V.,RIJSSEN,Jutestraat 43  7461 TS RIJSSEN,Jutestraat 43  7461 TS RIJSSEN,0548-512983,//www.terharmsel.eu,https://www.bouwendnederland.nl/vereniging/lidbedrijf-zoeken?page=78
Bouwbedrijf Terluin B.V.,LIMMEN,Westerweg 11  1906 EC LIMMEN,Westerweg 11  1906 EC LIMMEN,072-5053395,//www.terluinbouw.nl,https://www.bouwendnederland.nl/vereniging/lidbedrijf-zoeken?page=78
Bouwbedrijf Th .van Leeuwen B.V.,HARMELEN,Energieweg 1  3481 MC HARMELEN,Energieweg 1  3481 MC HARMELEN,0348-443985,//www.bouwbedrijf-vanleeuwen.nl,https://www.bouwendnederland.nl/vereniging/lidbedrijf-zoeken?page=78
Bouwbedrijf Th. Baars B.V.,DRUTEN,Nieuwstraat 27  6651 AA DRUTEN,Nieuwstraat 27  6651 AA DRUTEN,0487-512406,,https://www.bouwendnederland.nl/vereniging/lidbedrijf-zoeken?page=78
Bouwbedrijf Th. van Kasteren B.V.,VELDHOVEN,Heiberg 29  5504 PA VELDHOVEN,Heiberg 29  5504 PA VELDHOVEN,040-2549991,//www.thvankasteren.nl,https://www.bouwendnederland.nl/vereniging/lidbedrijf-zoeken?page=78
Bouwbedrijf Th. Wever B.V.,WAARLAND,Smeetsweg 8  1738 DK WAARLAND,Smeetsweg 8  1738 DK WAARLAND,0226-421739,//www.weverbouw.nl,https://www.bouwendnederland.nl/vereniging/lidbedrijf-zoeken?page=78
Bouwbedrijf Theo Kruijer B.V.,NOORD-SCHARWOUDE,Kokkel 2 A 1723 HX NOORD-SCHARWOUDE,Kokkel 2 A 1723 HX NOORD-SCHARWOUDE,0226-316046,//www.theokruijer.nl,https://www.bouwendnederland.nl/vereniging/lidbedrijf-zoeken?page=78
Bouwbedrijf Thus BV,BEEK GEM MONTFERLAND,Sint Jansgildestraat 7 A 7037 CA BEEK GEM MONTFERLAND,Sint Jansgildestraat 7 A 7037 CA BEEK GEM MONTFERLAND,0316-532386,//www.bouwbedrijfthus.nl,https://www.bouwendnederland.nl/vereniging/lidbedrijf-zoeken?page=78
Bouwbedrijf Timmerman B.V.,Hengelo,Linne 7  7559 VS Hengelo,Linne 7  7559 VS Hengelo,,,https://www.bouwendnederland.nl/vereniging/lidbedrijf-zoeken?page=78
Bouwbedrijf Tj. Dijkstra Vlieland B.V.,VLIELAND,Postbus 25  8899 ZN VLIELAND,Korenmansweg 2  8899AE VLIELAND,0562-451765,//www.bouwenopvlieland.nl,https://www.bouwendnederland.nl/vereniging/lidbedrijf-zoeken?page=78
Bouwbedrijf Torn Broers B.V.,KESTEREN,Broekdijk 26  4041 CV KESTEREN,Broekdijk 26  4041 CV KESTEREN,0488-483235,//www.bouwbedrijftornbroers.nl,https://www.bouwendnederland.nl/vereniging/lidbedrijf-zoeken?page=78
Bouwbedrijf Trienekens B.V.,BOEKEL,Neerbroek 15 b 5427 PS BOEKEL,Neerbroek 15 b 5427 PS BOEKEL,0492-321228,//http://www.trienekens.net/,https://www.bouwendnederland.nl/vereniging/lidbedrijf-zoeken?page=79
Bouwbedrijf Tromp B.V.,CASTRICUM,Heemstederweg 80  1902 RP CASTRICUM,Heemstederweg 80  1902 RP CASTRICUM,0251-652482,//www.trompbouw.nl,https://www.bouwendnederland.nl/vereniging/lidbedrijf-zoeken?page=79
Bouwbedrijf Twan op 't Hoog B.V.,MOERGESTEL,Stokske 7  5066 CC MOERGESTEL,Stokske 7  5066 CC MOERGESTEL,013-5131929,//www.bouwbedrijftwanopthoog.nl,https://www.bouwendnederland.nl/vereniging/lidbedrijf-zoeken?page=79
Bouwbedrijf Ubbink,ZEVENAAR,Nobelstraat 17 a 6902 PH ZEVENAAR,Nobelstraat 17 a 6902 PH ZEVENAAR,0316-524733,//www.bouwbedrijfubbink.nl,https://www.bouwendnederland.nl/vereniging/lidbedrijf-zoeken?page=79
Bouwbedrijf v/d Sanden,HUIJBERGEN,Bergsestraat 46  4635 RD HUIJBERGEN,Bergsestraat 46  4635 RD HUIJBERGEN,0164-646070,//www.bouwbedrijfvdsanden.nl,https://www.bouwendnederland.nl/vereniging/lidbedrijf-zoeken?page=79
Bouwbedrijf Valkenburg B.V.,NIEUWERKERK AD IJSSEL,Grasdrogerij 1  2913 LX NIEUWERKERK AD IJSSEL,Grasdrogerij 1  2913 LX NIEUWERKERK AD IJSSEL,0180-312544,//www.valkenburgbouw.nl,https://www.bouwendnederland.nl/vereniging/lidbedrijf-zoeken?page=79
Bouwbedrijf van Bakel B.V.,HEESCH,Kortdreef 1  5384 PL HEESCH,Kortdreef 1  5384 PL HEESCH,0412-852826,//www.bouwbedrijfvanbakel.nl,https://www.bouwendnederland.nl/vereniging/lidbedrijf-zoeken?page=79
Bouwbedrijf Van Breen Zeist B.V.,ZEIST,Postbus 386  3700 AJ ZEIST,Burgemeester Patijnlaan 222 a 3705 CL ZEIST,030-6992658,//www.bouwbedrijfvanbreen.nl,https://www.bouwendnederland.nl/vereniging/lidbedrijf-zoeken?page=79
Bouwbedrijf Van Bussel `t Hout B.V.,HELMOND,Vossenbeemd 17  5705 CL HELMOND,Vossenbeemd 17  5705 CL HELMOND,0492-537697,//www.busselgroep.nl,https://www.bouwendnederland.nl/vereniging/lidbedrijf-zoeken?page=79
Bouwbedrijf Van de Fliert B.V.,BARNEVELD,Nijverheidsweg 18  3771 ME BARNEVELD,Nijverheidsweg 18  3771 ME BARNEVELD,0342-492692,//www.vandefliert.nl,https://www.bouwendnederland.nl/vereniging/lidbedrijf-zoeken?page=79
Bouwbedrijf van de Vliert BV,EDERVEEN,Seringstraat 49 B 6744 WZ EDERVEEN,Seringstraat 49 B 6744 WZ EDERVEEN,0318-570739,//www.bouwbedrijfvandevliert.nl,https://www.bouwendnederland.nl/vereniging/lidbedrijf-zoeken?page=79
Bouwbedrijf Van de Water VOF,HEENVLIET,Polyanderweg 2  3218 XT HEENVLIET,Polyanderweg 2  3218 XT HEENVLIET,0181-662365,//www.bbvdw.nl,https://www.bouwendnederland.nl/vereniging/lidbedrijf-zoeken?page=79
Bouwbedrijf Van de Weert V.O.F.,GOES,Bachlaan 62  4462 JL GOES,Bachlaan 62  4462 JL GOES,,,https://www.bouwendnederland.nl/vereniging/lidbedrijf-zoeken?page=79
Bouwbedrijf van de Zande,ELSPEET,Zeisweg 21  8075 CC ELSPEET,Zeisweg 21  8075 CC ELSPEET,0577-491473,//www.bbvandezande.com,https://www.bouwendnederland.nl/vereniging/lidbedrijf-zoeken?page=79
Bouwbedrijf van den Berg & van Erp B.V.,BERGHEM,Harenseweg 44  5351 NG BERGHEM,Harenseweg 44  5351 NG BERGHEM,0412-625979,//www.vandenbergvanerp.nl,https://www.bouwendnederland.nl/vereniging/lidbedrijf-zoeken?page=79
Bouwbedrijf van den Bogaard B.V.,GELDERMALSEN,De Aaldor 17  4191 PC GELDERMALSEN,De Aaldor 17  4191 PC GELDERMALSEN,0345-569533,//www.bouwbedrijf-bogaard.nl,https://www.bouwendnederland.nl/vereniging/lidbedrijf-zoeken?page=79
Bouwbedrijf Van den Bogerd,ZUILICHEM,Nieuwstraat 16  5305 ED ZUILICHEM,Nieuwstraat 16 a 5305 ED ZUILICHEM,0418-673344,//www.bogerdzuilichem.nl,https://www.bouwendnederland.nl/vereniging/lidbedrijf-zoeken?page=79
Bouwbedrijf van den Boom,OIRSCHOT,Moorland 3  5688 GA OIRSCHOT,Moorland 3  5688 GA OIRSCHOT,0499-572728,//www.bouwbedrijfvandenboom.nl,https://www.bouwendnederland.nl/vereniging/lidbedrijf-zoeken?page=79
Bouwbedrijf van den Borst,BEESEL,Rijkel 1 A 5954 NJ BEESEL,Rijkel 1 A 5954 NJ BEESEL,0475-503087,//www.bouwbedrijfvdborst.nl,https://www.bouwendnederland.nl/vereniging/lidbedrijf-zoeken?page=79
Bouwbedrijf Van den Bouwhuijsen B.V.,'S-HERTOGENBOSCH,Postbus 211  5201 AE 'S-HERTOGENBOSCH,Koenendelseweg 29  5222 BG 'S-HERTOGENBOSCH,073-6424545,//www.bouwhuijsen.nl,https://www.bouwendnederland.nl/vereniging/lidbedrijf-zoeken?page=79
Bouwbedrijf Van den Broek B.V.,HETEREN,Muskushouwsestraat 11  6666 MA HETEREN,Muskushouwsestraat 11  6666 MA HETEREN,026-4743796,//www.bouwbedrijfvandenbroek.nl,https://www.bouwendnederland.nl/vereniging/lidbedrijf-zoeken?page=80
Bouwbedrijf van den Hengel B.V.,SOEST,Postbus 3204  3760 DE SOEST,Veldweg 2 b 3764 CP SOEST,035-6092222,//www.vdhengel.nl,https://www.bouwendnederland.nl/vereniging/lidbedrijf-zoeken?page=80
Bouwbedrijf van den Heuvel Helmond B.V.,HELMOND,Weth den Oudenstraat 3  5706 ST HELMOND,Wethouder den Oudenstraat 3  5706 ST HELMOND,0492-522931,//www.vandenheuvelbouw.nl,https://www.bouwendnederland.nl/vereniging/lidbedrijf-zoeken?page=80
Bouwbedrijf Van der Eijk en Meyers BV,MIJDRECHT,Oosterlandweg 34  3641 PW MIJDRECHT,Oosterlandweg 34  3641 PW MIJDRECHT,0297-593425,//www.eijk-meijers.nl,https://www.bouwendnederland.nl/vereniging/lidbedrijf-zoeken?page=80
Bouwbedrijf Van der Gragt B.V.,WORMERVEER,Samsonweg 20  1521 RC WORMERVEER,Samsonweg 20  1521 RC WORMERVEER,075-6871851,//www.vdgragt.nl,https://www.bouwendnederland.nl/vereniging/lidbedrijf-zoeken?page=80
Bouwbedrijf van der Haak en Bijlstra B.V.,WESTERGEEST,Eelke Meinertswei 21  9295 KC WESTERGEEST,Eelke Meinertswei 21  9295 KC WESTERGEEST,0511-441440,//www.vanderhaakenbijlstra.nl,https://www.bouwendnederland.nl/vereniging/lidbedrijf-zoeken?page=80
Bouwbedrijf Van der Linde v.o.f.,OUDDORP ZH,Marijkeweg 1  3253 BN OUDDORP ZH,Marijkeweg 1  3253 BN OUDDORP ZH,,,https://www.bouwendnederland.nl/vereniging/lidbedrijf-zoeken?page=80
Bouwbedrijf Van der Meer B.V.,SNEEK,Einsteinstraat 10  8606 JR SNEEK,Einsteinstraat 10  8606 JR SNEEK,0515-415517,//www.bouwbedrijfvandermeersneek.nl,https://www.bouwendnederland.nl/vereniging/lidbedrijf-zoeken?page=80
Bouwbedrijf van der Meer B.V.,OENTSJERK,Rengersweg 102  9062 EJ OENTSJERK,Rengersweg 102  9062 EJ OENTSJERK,058-2561500,//www.bouwbedrijfvandermeer.nl,https://www.bouwendnederland.nl/vereniging/lidbedrijf-zoeken?page=80
Bouwbedrijf van der Meulen,ZUIDLAND,Kerkweg 47 B 3214 VC ZUIDLAND,Kerkweg 47 B 3214 VC ZUIDLAND,018-1461993,//bouwbedrijf van der Meulen,https://www.bouwendnederland.nl/vereniging/lidbedrijf-zoeken?page=80
Bouwbedrijf van der Pol B.V.,RIDDERKERK,Valkenierstraat 25  2984 AZ RIDDERKERK,Valkenierstraat 25  2984 AZ RIDDERKERK,0180-423261,//www.bouwbedrijfvanderpol.nl,https://www.bouwendnederland.nl/vereniging/lidbedrijf-zoeken?page=80
Bouwbedrijf Van der Sloot B.V.,WINSUM FR,Kleasterdyk 24  8831 XC WINSUM FR,Kleasterdyk 24  8831 XC WINSUM FR,0517-341630,//www.bouwbedrijfvdsloot.nl,https://www.bouwendnederland.nl/vereniging/lidbedrijf-zoeken?page=80
Bouwbedrijf van der Vliet B.V.,WAARDENBURG,Zandweistraat 4  4181 CG WAARDENBURG,Zandweistraat 4  4181 CG WAARDENBURG,0418-651403,//www.bbvliet.nl,https://www.bouwendnederland.nl/vereniging/lidbedrijf-zoeken?page=80
Bouwbedrijf Van der Wardt B.V.,EEMNES,Eemweg 29 b 3755 LC EEMNES,Eemweg 29 b 3755 LC EEMNES,035-5383527,//www.vanderwardtbouw.nl,https://www.bouwendnederland.nl/vereniging/lidbedrijf-zoeken?page=80
Bouwbedrijf Van der Zande B.V.,FIJNAART,Eerste Kruisweg 6  4793 RS FIJNAART,Eerste Kruisweg 6  4793 RS FIJNAART,0168-464693,//www.bouwbedrijfvdzande.nl,https://www.bouwendnederland.nl/vereniging/lidbedrijf-zoeken?page=80
Bouwbedrijf Van der Zee,RIJS,Mientwei 6  8572 WB RIJS,Mientwei 6  8572 WB RIJS,0645235961-0651099289,//www.bouwbedrijfvanderzee.nl,https://www.bouwendnederland.nl/vereniging/lidbedrijf-zoeken?page=80
Bouwbedrijf Van Dijk,SURHUISTERVEEN,Zoom 13  9231 DX SURHUISTERVEEN,Zoom 13  9231 DX SURHUISTERVEEN,0512-368070,//www.bouwbedrijf-vandijk.nl,https://www.bouwendnederland.nl/vereniging/lidbedrijf-zoeken?page=80
Bouwbedrijf Van Dijk B.V.,VLEDDER,Dorpsstraat 121  8381 AN VLEDDER,Dorpsstraat 12  8381 AN VLEDDER,0521-381260,//www.bouwbedrijfvandijk.nl,https://www.bouwendnederland.nl/vereniging/lidbedrijf-zoeken?page=80
Bouwbedrijf Van Dijken v.o.f.,MIDDELSTUM,Pompsterweg 8  9991 TJ MIDDELSTUM,Pompsterweg 8  9991 TJ MIDDELSTUM,0595-551555,//www.vandijkenbouw.nl,https://www.bouwendnederland.nl/vereniging/lidbedrijf-zoeken?page=80
Bouwbedrijf van Dorst BV,ROSMALEN,Nieuwendijk 16  5241 BB ROSMALEN,Nieuwendijk 16  5241 BB ROSMALEN,073-5222219,,https://www.bouwendnederland.nl/vereniging/lidbedrijf-zoeken?page=80
Bouwbedrijf van Driessche & de Koster B.V.,HULST,Amerikaweg 5  4561 PB HULST,Amerikaweg 5  4561 PB HULST,0114-370137,//www.vandriesschedekoster.nl,https://www.bouwendnederland.nl/vereniging/lidbedrijf-zoeken?page=81
Bouwbedrijf Van Engeland B.V.,APELDOORN,Laan van de Kreeft 193  7324 BX APELDOORN,Laan van de Kreeft 193  7324 BX APELDOORN,055-3012998,//bouwbedrijfvanengeland.nl,https://www.bouwendnederland.nl/vereniging/lidbedrijf-zoeken?page=81
Bouwbedrijf Van Engen B.V.,KOCKENGEN,Portengen 8  3628 EE KOCKENGEN,Portengen 8 a 3628 EE KOCKENGEN,0346-215041,//www.bouwbedrijfvanengen.nl,https://www.bouwendnederland.nl/vereniging/lidbedrijf-zoeken?page=81
Bouwbedrijf Van Gent B.V.,TIEL,P v M Gelderland Oranje 6  6666 LV HETEREN,Gijsbert Stoutweg 4 11 4005 LE TIEL,0344-632440,//www.vangent.nl,https://www.bouwendnederland.nl/vereniging/lidbedrijf-zoeken?page=81
Bouwbedrijf Van Gerven B.V.,MIERLO,Bijenkorf 1  5731 ST MIERLO,Bijenkorf 1  5731 ST MIERLO,0492-663750,//www.bouwbedrijfvangerven.nl,https://www.bouwendnederland.nl/vereniging/lidbedrijf-zoeken?page=81
Bouwbedrijf Van Gijsel B.V.,DIESSEN,Rijtseweg 23  5087 BJ DIESSEN,Rijtseweg 23  5087 BJ DIESSEN,013-5041564,//www.bouwbedijfvangijsel.nl,https://www.bouwendnederland.nl/vereniging/lidbedrijf-zoeken?page=81
Bouwbedrijf van Gils,ALPHEN AAN DEN RIJN,Steekterweg 136  2407 BJ ALPHEN AAN DEN RIJN,Steekterweg 136  2407 BJ ALPHEN AAN DEN RIJN,,,https://www.bouwendnederland.nl/vereniging/lidbedrijf-zoeken?page=81
Bouwbedrijf van Gogh BV,BUDEL,'t Inne 34  6021 DA BUDEL,'t Inne 34  6021 DA BUDEL,0495-492428,//www.vangogh-bouwbedrijf.nl,https://www.bouwendnederland.nl/vereniging/lidbedrijf-zoeken?page=81
Bouwbedrijf Van Grootheest B.V.,EDE GLD,Postbus 204  6710 BE EDE GLD,Argonstraat 26  6718 WT EDE GLD,0318-419015,//www.grootheest.nl,https://www.bouwendnederland.nl/vereniging/lidbedrijf-zoeken?page=81
Bouwbedrijf Van Grunsven B.V.,ERP,Postbus 36  5469 ZG ERP,Hoogstraat 21  5469 EL ERP,0413-211841,//www.grunsvengroep.nl,https://www.bouwendnederland.nl/vereniging/lidbedrijf-zoeken?page=81
Bouwbedrijf Van Grunsven B.V.,NIJMEGEN,Bijsterhuizen 1164  6546 AS NIJMEGEN,Bijsterhuizen 1164  6546 AS NIJMEGEN,024-3430700,//www.grunsvengroep.nl,https://www.bouwendnederland.nl/vereniging/lidbedrijf-zoeken?page=81
Bouwbedrijf Van Hoeijen B.V.,AMERSFOORT,Astronaut 26  3824 MJ AMERSFOORT,Astronaut 26  3824 MJ AMERSFOORT,033-4613114,//www.vanhoeijen.nl,https://www.bouwendnederland.nl/vereniging/lidbedrijf-zoeken?page=81
Bouwbedrijf van Huizen B.V.,GOEDEREEDE,Achterstraat 11 -15 3252 AB GOEDEREEDE,Achterstraat 11 -15 3252 AB GOEDEREEDE,0187-492775,//www.vanhuizengoedereede.nl,https://www.bouwendnederland.nl/vereniging/lidbedrijf-zoeken?page=81
Bouwbedrijf Van Iersel Coppens B.V.,ROOSENDAAL,Vijfhuizenberg 109 a 4708 AJ ROOSENDAAL,Vijfhuizenberg 109 a 4708 AJ ROOSENDAAL,,,https://www.bouwendnederland.nl/vereniging/lidbedrijf-zoeken?page=81
Bouwbedrijf Van Laar B.V.,WAPENVELD,Vlijtweg 12  8191 JP WAPENVELD,Vlijtweg 12  8191 JP WAPENVELD,0384-470956,//www.vanlaar.nl,https://www.bouwendnederland.nl/vereniging/lidbedrijf-zoeken?page=81
Bouwbedrijf van Laarhoven B.V.,BEST,Zessprong 18  5684 NV BEST,Zessprong 18  5684 NV BEST,0499-392244,//www.vanlaarhovenbouw.nl,https://www.bouwendnederland.nl/vereniging/lidbedrijf-zoeken?page=81
Bouwbedrijf van Leeuwen en van Westen B.V.,NAALDWIJK,Grote Woerdlaan 23 B 2671 CM NAALDWIJK,Grote Woerdlaan 23 B 2671 CM NAALDWIJK,,,https://www.bouwendnederland.nl/vereniging/lidbedrijf-zoeken?page=81
Bouwbedrijf Van Leijsen B.V.,DONGEN,Klein Dongenseweg 69 A 5106 AB DONGEN,Klein Dongenseweg 69 A 5106 AB DONGEN,0162-312245,//www.bouwbedrijfvanleijsen.nl,https://www.bouwendnederland.nl/vereniging/lidbedrijf-zoeken?page=81
Bouwbedrijf van Lessen,TER APEL,Moersloot 38  9561 VE TER APEL,Moersloot 38  9561 VE TER APEL,0599-583283,//www.vanlessen.nl,https://www.bouwendnederland.nl/vereniging/lidbedrijf-zoeken?page=81
Bouwbedrijf van Lieshout,GEMERT,Heuvel 10  5421 CN GEMERT,Heuvel 10  5421 CN GEMERT,0492-321774,//www.bouwbedrijfvanlieshout.nl,https://www.bouwendnederland.nl/vereniging/lidbedrijf-zoeken?page=81
Bouwbedrijf Van Loo,WOLPHAARTSDIJK,Hoekweide 10  4471 DD WOLPHAARTSDIJK,Hoekweide 10  4471 DD WOLPHAARTSDIJK,0113-581720,//www.bouwbedrijfvanloo.nl,https://www.bouwendnederland.nl/vereniging/lidbedrijf-zoeken?page=82
Bouwbedrijf Van Marrum B.V.,FRANEKER,Voltastraat 6  8801 PL FRANEKER,Voltastraat 6  8801 PL FRANEKER,0517-393836,//www.bouwbedrijfvanmarrum.nl,https://www.bouwendnederland.nl/vereniging/lidbedrijf-zoeken?page=82
Bouwbedrijf Van Marrum Heerenveen,HEERENVEEN,Nieuwburen 54  8442 CV HEERENVEEN,Nieuwburen 54  8442 CV HEERENVEEN,0513-657979,//www.bouwbedrijfvanmarrum.com,https://www.bouwendnederland.nl/vereniging/lidbedrijf-zoeken?page=82
Bouwbedrijf van Middendorp BV,WEKEROM,Het Laar 1  6733 BZ WEKEROM,Het Laar 1  6733 BZ WEKEROM,0318-596450,//www.bouwbedrijfvanmiddendorp.nl,https://www.bouwendnederland.nl/vereniging/lidbedrijf-zoeken?page=82
Bouwbedrijf van Mol B.V.,VELDHOVEN,Zandven 2  5508 RN VELDHOVEN,Zandven 2  5508 RN VELDHOVEN,040-2532397,//bbvanmol.nl,https://www.bouwendnederland.nl/vereniging/lidbedrijf-zoeken?page=82
Bouwbedrijf Van Montfort B.V.,BERGEIJK,Postbus 83  5570 AB BERGEIJK,Standerdmolen 11  5571 RN BERGEIJK,0497-573133,//www.montfortbouw.nl,https://www.bouwendnederland.nl/vereniging/lidbedrijf-zoeken?page=82
Bouwbedrijf van Norel b.v.,EPE,Brinkgreverweg 32  8161 NW EPE,Brinkgreverweg 32  8161 NW EPE,0578-615311,//www.vannorel.nl,https://www.bouwendnederland.nl/vereniging/lidbedrijf-zoeken?page=82
Bouwbedrijf van Norel de Heer B.V.,HARDERWIJK,Hogeweg 90  3841 KV HARDERWIJK,Hogeweg 90  3841 KV HARDERWIJK,0341-412039,//www.vannorel.nl,https://www.bouwendnederland.nl/vereniging/lidbedrijf-zoeken?page=82
Bouwbedrijf Van Oijen B.V.,BOXMEER,Kleine Broekstraat 7  5831 AP BOXMEER,Kleine Broekstraat 7  5831 AP BOXMEER,0485-571432,//www.oijen-bouw.nl,https://www.bouwendnederland.nl/vereniging/lidbedrijf-zoeken?page=82
Bouwbedrijf van Ommeren,ELST UT,Rijksstraatweg 123 A 3921 AD ELST UT,Rijksstraatweg 123 A 3921 AD ELST UT,0318-471908,//www.bouwbedrijfvanommeren.nl,https://www.bouwendnederland.nl/vereniging/lidbedrijf-zoeken?page=82
Bouwbedrijf Van Oyen B.V.,VLIJMEN,Julianastraat 18  5251 ED VLIJMEN,Julianastraat 18  5251 ED VLIJMEN,073-5112305,//www.vanoyen.com,https://www.bouwendnederland.nl/vereniging/lidbedrijf-zoeken?page=82
Bouwbedrijf Van Poppel,KOOG AAN DE ZAAN,Elzeboom 20  1541 RP KOOG AAN DE ZAAN,Elzeboom 20  1541 RP KOOG AAN DE ZAAN,075-6151604,//www.vanpoppelbouw.nl,https://www.bouwendnederland.nl/vereniging/lidbedrijf-zoeken?page=82
Bouwbedrijf Van Ree B.V.,EDE GLD,Marconistraat 6  6716 AK EDE GLD,Marconistraat 6  6716 AK EDE GLD,0318-651237,//www.bouwbedrijfvanree.nl,https://www.bouwendnederland.nl/vereniging/lidbedrijf-zoeken?page=82
Bouwbedrijf Van Rhenen B.V.,DRIEBERGEN-RIJSENBURG,Nijendal 34  3972 KC DRIEBERGEN-RIJSENBURG,Nijendal 34  3972 KC DRIEBERGEN-RIJSENBURG,0343-512259,//www.vanrhenen.nl,https://www.bouwendnederland.nl/vereniging/lidbedrijf-zoeken?page=82
Bouwbedrijf Van Rijn Houten B.V.,HOUTEN,Postbus 394  3990 GD HOUTEN,Nieuwe Schaft 9  3991 AS HOUTEN,030-6372433,//www.bouwbedrijf-vanrijn.nl,https://www.bouwendnederland.nl/vereniging/lidbedrijf-zoeken?page=82
Bouwbedrijf van Rooijen-Balk B.V.,IJSSELSTEIN UT,Lage Dijk-Noord 5  3401 VA IJSSELSTEIN UT,Lage Dijk-Noord 5  3401 VA IJSSELSTEIN UT,030-6874244,//www.vanrooijen-balk.nl,https://www.bouwendnederland.nl/vereniging/lidbedrijf-zoeken?page=82
Bouwbedrijf Van Schaik B.V.,BREUKELEN UT,Postbus 11  3620 AA BREUKELEN UT,Poeldijk 1  3621 CZ BREUKELEN UT,0346-262344,//www.bouwbedrijfvanschaik.nl,https://www.bouwendnederland.nl/vereniging/lidbedrijf-zoeken?page=82
Bouwbedrijf Van Schijndel B.V.,GEFFEN,Postbus 34  5386 ZG GEFFEN,Bredeweg 13  5386 KM GEFFEN,073-5340000,//www.vanschijndel-bouwgroep.nl,https://www.bouwendnederland.nl/vereniging/lidbedrijf-zoeken?page=82
Bouwbedrijf van Son B.V.,KAATSHEUVEL,Veerweg 27  5171 PW KAATSHEUVEL,Veerweg 27  5171 PW KAATSHEUVEL,0416-274563,//www.bouwbedrijfvanson.nl,https://www.bouwendnederland.nl/vereniging/lidbedrijf-zoeken?page=82
Bouwbedrijf van Surksum,BAARN,Oosterstraat 32  3742 SV BAARN,Oosterstraat 32  3742 SV BAARN,035-8872726,//www.vsurksum.nl,https://www.bouwendnederland.nl/vereniging/lidbedrijf-zoeken?page=82
Bouwbedrijf Van Swaay B.V.,WAGENINGEN,Lawickse Allee 77  6702 DA WAGENINGEN,Lawickse Allee 77  6702 DA WAGENINGEN,0317-425025,//www.vanswaay.com,https://www.bouwendnederland.nl/vereniging/lidbedrijf-zoeken?page=83
Bouwbedrijf van Zandwijk B.V.,HELLOUW,Waalbandijk 35  4174 GN HELLOUW,Waalbandijk 35  4174 GN HELLOUW,0418-584193,//www.bouwbedrijfvanzandwijk.nl,https://www.bouwendnederland.nl/vereniging/lidbedrijf-zoeken?page=83
Bouwbedrijf Vedder B.V.,BUINEN,Spoorstraat 6  9528 PN BUINEN,Spoorstraat 6  9528 PN BUINEN,0599-212479,//www.vedderbouwbedrijf.nl,https://www.bouwendnederland.nl/vereniging/lidbedrijf-zoeken?page=83
Bouwbedrijf Veenendaal,ARNHEM,Van Lawick van Pabststr 64  6814 HK ARNHEM,Van Lawick van Pabststr 64  6814 HK ARNHEM,026-3517398,//www.bouwgroepveenendaal.nl,https://www.bouwendnederland.nl/vereniging/lidbedrijf-zoeken?page=83
Bouwbedrijf Veenstra Makkinga B.V.,MAKKINGA,Lyclamaweg 15 C 8423 TC MAKKINGA,Lyclamaweg 15 C 8423 TC MAKKINGA,0516-441911,//www.bouwbedrijf-veenstra.nl,https://www.bouwendnederland.nl/vereniging/lidbedrijf-zoeken?page=83
Bouwbedrijf Veldman Pouw B.V.,ABCOUDE,Hollandse Kade 10 A 1391 JD ABCOUDE,Hollandse Kade 10 A 1391 JD ABCOUDE,06-22381838,//www.veldmanpouw.nl,https://www.bouwendnederland.nl/vereniging/lidbedrijf-zoeken?page=83
Bouwbedrijf Veldman v.o.f.,UITHUIZERMEEDEN,Tuinbouwweg 8  9982 EK UITHUIZERMEEDEN,Tuinbouwweg 8  9982 EK UITHUIZERMEEDEN,0595-413447,//www.bouwbedrijfveldman.nl,https://www.bouwendnederland.nl/vereniging/lidbedrijf-zoeken?page=83
Bouwbedrijf Vellinga B.V.,HEEG,De Skatting 38  8621 BW HEEG,De Skatting 38  8621 BW HEEG,0515-442278,//www.vellingabouw.nl,https://www.bouwendnederland.nl/vereniging/lidbedrijf-zoeken?page=83
Bouwbedrijf Veninga,TEN POST,Eestumerweg 14  9792 RC TEN POST,Eestumerweg 14  9792 RC TEN POST,050-3024256,//www.bouwbedrijfveninga.nl,https://www.bouwendnederland.nl/vereniging/lidbedrijf-zoeken?page=83
Bouwbedrijf Verhaegh-Helden B.V.,GRASHOEK,Roomweg 83  5985 NS GRASHOEK,Roomweg 83  5985 NS GRASHOEK,077-3071585,//www.verhaeghbouwbedrijf.nl,https://www.bouwendnederland.nl/vereniging/lidbedrijf-zoeken?page=83
Bouwbedrijf Verhaert,HOOGERHEIDE,Bergsestraat 33  4635 RD HUIJBERGEN,Voltweg 19  4631 SR HOOGERHEIDE,,,https://www.bouwendnederland.nl/vereniging/lidbedrijf-zoeken?page=83
Bouwbedrijf Verkerk,MAURIK,Tielsestraat 54  4021 HD MAURIK,Tielsestraat 54 A 4021 HD MAURIK,0344-700242,//www.bouwbedrijfverkerk.nl,https://www.bouwendnederland.nl/vereniging/lidbedrijf-zoeken?page=83
Bouwbedrijf Verlaak B.V.,KESSEL LB,Karreweg-Noord 24  5995 ME KESSEL LB,Karreweg-Noord 24  5995 ME KESSEL LB,077-4621294,//www.bouwbedrijfverlaak.nl,https://www.bouwendnederland.nl/vereniging/lidbedrijf-zoeken?page=83
Bouwbedrijf Vermetten Graafmans,RIEL,Oranjeplein 10  5133 TW RIEL,Vijfhuizenbaan 30  5133 NH RIEL,013-2032440,//www.bouwbedrijfvermettengraafmans.nl,https://www.bouwendnederland.nl/vereniging/lidbedrijf-zoeken?page=83
Bouwbedrijf Vermeulen Gilze-Rijen B.V.,DORDRECHT,Merwedestraat 86  3313 CS DORDRECHT,Merwedestraat 86  3313 CS DORDRECHT,0161-227772,//www.vermeulenbouw.nl,https://www.bouwendnederland.nl/vereniging/lidbedrijf-zoeken?page=83
Bouwbedrijf Versteegden B.V.,ERP,Bussele 26  5469 DT ERP,Bussele 26  5469 DT ERP,0413-212113,//www.versteegden.nl,https://www.bouwendnederland.nl/vereniging/lidbedrijf-zoeken?page=83
Bouwbedrijf Visser Dokkum B.V.,DOKKUM,Hogedijken 40  9101 WZ DOKKUM,Hogedijken 40  9101 WZ DOKKUM,0519-518563,//Www.visser-dokkum.nl,https://www.bouwendnederland.nl/vereniging/lidbedrijf-zoeken?page=83
Bouwbedrijf Visser en Bunschoten,HUIZEN,Energieweg 19  1271 EC HUIZEN,Energieweg 19  1271 EC HUIZEN,035-5252983,//www.visserenbunschoten.nl,https://www.bouwendnederland.nl/vereniging/lidbedrijf-zoeken?page=83
Bouwbedrijf Vissers,'S-HERTOGENBOSCH,Zilverenberg 37 a 5234 GL 'S-HERTOGENBOSCH,Zilverenberg 37 a 5234 GL 'S-HERTOGENBOSCH,073-5942962,//www.bouwbedrijfvissers.nl,https://www.bouwendnederland.nl/vereniging/lidbedrijf-zoeken?page=83
Bouwbedrijf Vlot BV,HUIZEN,Middelgronden 72  1274 BP HUIZEN,Middelgronden 72  1274 BP HUIZEN,035-5256996,//www.vlot.info,https://www.bouwendnederland.nl/vereniging/lidbedrijf-zoeken?page=83
Bouwbedrijf Vonder B.V.,OMMEN,Brink 10  7731 TG OMMEN,Brink 10  7731 TG OMMEN,0529-451043,//www.bvbouw.nl,https://www.bouwendnederland.nl/vereniging/lidbedrijf-zoeken?page=84
Bouwbedrijf Vosman B.V.,RAALTE,Zompstraat 14  8102 HX RAALTE,Zompstraat 14  8102 HX RAALTE,0572-351343,//www.bouwbedrijfvosman.nl,https://www.bouwendnederland.nl/vereniging/lidbedrijf-zoeken?page=84
Bouwbedrijf Vrolijk B.V.,BREDA,Edisonstraat 60  4816 AX BREDA,Edisonstraat 60  4816 AX BREDA,076-2092000,//www.bbvrolijk.nl,https://www.bouwendnederland.nl/vereniging/lidbedrijf-zoeken?page=84
Bouwbedrijf Vrouwe B.V.,ASSENDELFT,Dorpsstraat 513  1566 BL ASSENDELFT,Dorpsstraat 513  1566 BL ASSENDELFT,075-6871347,//www.bouwbedrijfvrouwe.nl,https://www.bouwendnederland.nl/vereniging/lidbedrijf-zoeken?page=84
Bouwbedrijf W. Bruiniers,DE GROEVE,Hunzeweg 20  9473 TE DE GROEVE,Hunzeweg 20  9473 TE DE GROEVE,050-5347509,//www.bruiniers.nl,https://www.bouwendnederland.nl/vereniging/lidbedrijf-zoeken?page=84
Bouwbedrijf W. Dusee B.V.,TILBURG,Middelgraaf 46  5032 EG TILBURG,Middelgraaf 46  5032 EG TILBURG,013-4682024,//http://www.duseebouw.nl/,https://www.bouwendnederland.nl/vereniging/lidbedrijf-zoeken?page=84
Bouwbedrijf W. Heij B.V.,LUNTEREN,Kauwenhoven 88  6741 PW LUNTEREN,Kauwenhoven 88  6741 PW LUNTEREN,031-8485908,//www.bouwbedrijfwheij.nl,https://www.bouwendnederland.nl/vereniging/lidbedrijf-zoeken?page=84
Bouwbedrijf W. Nijhuis,BORCULO,Korenbree 25  7271 LH BORCULO,Korenbree 25  7271 LH BORCULO,054-5482221,//www.wim-nijhuis.nl,https://www.bouwendnederland.nl/vereniging/lidbedrijf-zoeken?page=84
Bouwbedrijf W. Selles v.o.f.,IJSSELMUIDEN,Blekersdam 13  8271 BA IJSSELMUIDEN,Blekersdam 13  8271 BA IJSSELMUIDEN,5333-9252,//www.wimsellesbouw.nl,https://www.bouwendnederland.nl/vereniging/lidbedrijf-zoeken?page=84
Bouwbedrijf W. van der Ende,SCHIEDAM,Groeneweg 4  3124 KA SCHIEDAM,Groeneweg 4  3124 KA SCHIEDAM,,,https://www.bouwendnederland.nl/vereniging/lidbedrijf-zoeken?page=84
Bouwbedrijf Wagenaar v.o.f.,GARYP,Inialoane 23  9263 RB GARYP,Inialoane 23  9263 RB GARYP,0511-521271,//www.bouwbedrijfwagenaar.nl,https://www.bouwendnederland.nl/vereniging/lidbedrijf-zoeken?page=84
Bouwbedrijf Weggemans B.V.,SINT ANNALAND,Bronsgeestweg 9  4697 RT SINT-ANNALAND,Bronsgeestweg 9  4697 RT SINT ANNALAND,0166-653040,//www.bouwbedrijfweggemans.nl,https://www.bouwendnederland.nl/vereniging/lidbedrijf-zoeken?page=84
Bouwbedrijf Wendelgelst B.V.,RIJSENHOUT,Aalsmeerderweg 763 A 1435 EL RIJSENHOUT,Aalsmeerderweg 763 A 1435 EL RIJSENHOUT,0297-340634,//www.bouwbedrijf-wendelgelst.nl,https://www.bouwendnederland.nl/vereniging/lidbedrijf-zoeken?page=84
Bouwbedrijf Werkhoven B.V.,WESTZAAN,Rak 145  1551 NA WESTZAAN,Rak 145  1551 NA WESTZAAN,075-6168894,//www.bouwbedrijfwerkhoven.nl,https://www.bouwendnederland.nl/vereniging/lidbedrijf-zoeken?page=84
Bouwbedrijf Werkman B.V.,STEDUM,Lopsterweg 5  9921 RM STEDUM,Lopsterweg 5  9921 RM STEDUM,0596-551881,//www.bouwbedrijfwerkman.nl,https://www.bouwendnederland.nl/vereniging/lidbedrijf-zoeken?page=84
Bouwbedrijf Wessels Rijssen B.V.,RIJSSEN,Postbus 212  7460 AE RIJSSEN,Nijverheidsstraat 41  7461 AD RIJSSEN,0548-513900,//www.wesselsrijssen.nl,https://www.bouwendnederland.nl/vereniging/lidbedrijf-zoeken?page=84
Bouwbedrijf Wessels Zeist bv,ZEIST,Postbus 541  3700 AM ZEIST,Karpervijver 27  3703 CJ ZEIST,030-6918020,//www.wessels-zeist.nl,https://www.bouwendnederland.nl/vereniging/lidbedrijf-zoeken?page=84
Bouwbedrijf Westerhof B.V.,VRIEZENVEEN,Weitemansweg 36  7671 RW VRIEZENVEEN,Weitemansweg 36  7671 RW VRIEZENVEEN,0546-861233,//www.westerhof-bouw.nl,https://www.bouwendnederland.nl/vereniging/lidbedrijf-zoeken?page=84
Bouwbedrijf Westerman Winschoten B.V.,WINSCHOTEN,Parallelweg 8  9672 AW WINSCHOTEN,Parallelweg 8  9672 AW WINSCHOTEN,0597-413937,//www.bouwbedrijfwesterman.nl,https://www.bouwendnederland.nl/vereniging/lidbedrijf-zoeken?page=84
Bouwbedrijf Westgeest B.V.,WASSENAAR,Hofcampweg 276  2241 KM WASSENAAR,Hofcampweg 276  2241 KM WASSENAAR,070-5112085,//www.bouwbedrijf-westgeest.nl,https://www.bouwendnederland.nl/vereniging/lidbedrijf-zoeken?page=84
Bouwbedrijf Wieman B.V.,'T GOY,Wickenburghseweg 83  3997 MT 'T GOY,Wickenburghseweg 83  3997 MT 'T GOY,030-6011573,//www.wieman.nl,https://www.bouwendnederland.nl/vereniging/lidbedrijf-zoeken?page=85
Bouwbedrijf Wiggers-Nijenhuis B.V.,WINTERSWIJK WOOLD,Boveltweg 11  7108 BG WINTERSWIJK WOOLD,Boveltweg 11  7108 BG WINTERSWIJK WOOLD,0543-564283,//www.wiggersnijenhuisbouw.nl,https://www.bouwendnederland.nl/vereniging/lidbedrijf-zoeken?page=85
Bouwbedrijf Willem Beverloo B.V.,TUIL,Tuilseveldweg 20  4176 BZ TUIL,Tuilseveldweg 20  4176 BZ TUIL,,,https://www.bouwendnederland.nl/vereniging/lidbedrijf-zoeken?page=85
Bouwbedrijf Wilmink-Oosterveld Bouwbeheer B.V.,BORNE,Hanzestraat 24  7622 AX BORNE,Hanzestraat 24  7622 AX BORNE,074-2667036,//www.wilmink-oosterveld.nl,https://www.bouwendnederland.nl/vereniging/lidbedrijf-zoeken?page=85
Bouwbedrijf Wilmink-Oosterveld Kleinbouw B.V.,BORNE,Hanzestraat 24  7622 AX BORNE,Hanzestraat 24  7622 AX BORNE,074-2667036,,https://www.bouwendnederland.nl/vereniging/lidbedrijf-zoeken?page=85
Bouwbedrijf Wilmink-Oosterveld Projecten B.V.,BORNE,Hanzestraat 24  7622 AX BORNE,Hanzestraat 24  7622 AX BORNE,074-2667036,,https://www.bouwendnederland.nl/vereniging/lidbedrijf-zoeken?page=85
Bouwbedrijf Wilmink-Oosterveld Vastgoedonderhoud B.V.,BORNE,Hanzestraat 24  7622 AX BORNE,Hanzestraat 24  7622 AX BORNE,074-2667036,,https://www.bouwendnederland.nl/vereniging/lidbedrijf-zoeken?page=85
Bouwbedrijf Wim Top B.V.,KOOTWIJKERBROEK,Kerkweg 7 a 3774 BR KOOTWIJKERBROEK,Kerkweg 7 a 3774 BR KOOTWIJKERBROEK,0342-440022,//www.bouwbedrijfwimtop.nl,https://www.bouwendnederland.nl/vereniging/lidbedrijf-zoeken?page=85
Bouwbedrijf Wolswinkel B.V.,LUNTEREN,Kauwenhoven 23  6741 PW LUNTEREN,Kauwenhoven 23  6741 PW LUNTEREN,0318-461221,//www.bouwbedrijfwolswinkel.nl,https://www.bouwendnederland.nl/vereniging/lidbedrijf-zoeken?page=85
Bouwbedrijf Woubrugge B.V.,ZOETERMEER,Industrieweg 122  2712 LD ZOETERMEER,Industrieweg 122  2712 LD ZOETERMEER,0172-415524,//www.bouwbedrijfwoubrugge.nl,https://www.bouwendnederland.nl/vereniging/lidbedrijf-zoeken?page=85
Bouwbedrijf Woubrugge Vastgoedonderhoud B.V.,ALPHEN AAN DEN RIJN,Postbus 660  2400 AR ALPHEN AAN DEN RIJN,Eikenlaan 247  2404 BP ALPHEN AAN DEN RIJN,0172-420070,//www.bbwvastgoedonderhoud.nl,https://www.bouwendnederland.nl/vereniging/lidbedrijf-zoeken?page=85
Bouwbedrijf Z.A. Overhage B.V.,UTRECHT,Computerweg 13  3542 DP UTRECHT,Computerweg 13  3542 DP UTRECHT,035-6246401,//www.overhage.nl,https://www.bouwendnederland.nl/vereniging/lidbedrijf-zoeken?page=85
Bouwbedrijf Zaanland,ASSENDELFT,Burg Ter Laanstraat 51  1501 TH ZAANDAM,Dorpsstraat 739 B 1566 EG ASSENDELFT,,,https://www.bouwendnederland.nl/vereniging/lidbedrijf-zoeken?page=85
Bouwbedrijf Zegers Arnhem B.V.,ARNHEM,Postbus 4167  6803 ED ARNHEM,Malburgse Sluis 27  6833 KA ARNHEM,088-2247700,//www.zegersbouw.nl,https://www.bouwendnederland.nl/vereniging/lidbedrijf-zoeken?page=85
Bouwbedrijf Zegers Ede B.V.,EDE GLD,Postbus 31  6710 BA EDE GLD,Galvanistraat 12 -2 6716 AE EDE GLD,088-2247700,//www.zegersbouw.nl,https://www.bouwendnederland.nl/vereniging/lidbedrijf-zoeken?page=85
Bouwbedrijf Zegers Zaamslag B.V.,ZAAMSLAG,Bedrijvenstraat 12  4543 NZ ZAAMSLAG,Bedrijvenstraat 12  4543 NZ ZAAMSLAG,0115-431258,//www.zegersbv.nl,https://www.bouwendnederland.nl/vereniging/lidbedrijf-zoeken?page=85
Bouwbedrijf Zwaan en van den Bor B.V.,BUNSCHOTEN-SPAKENBURG,De Hooistreep 8 c 3751 LW BUNSCHOTEN-SPAKENBURG,De Hooistreep 8 c 3751 LW BUNSCHOTEN-SPAKENBURG,033-8885954,//www.zwaanenvandenbor.nl,https://www.bouwendnederland.nl/vereniging/lidbedrijf-zoeken?page=85
Bouwberg B.V.,Bouwbedrijf Bouwberg.nl,De Veken 113 d 1716 KG OPMEER,De Veken 113 d 1716 KG Bouwbedrijf Bouwberg.nl,,,https://www.bouwendnederland.nl/vereniging/lidbedrijf-zoeken?page=85
Bouwborg b.v.,GRONINGEN,Osloweg 125  9723 BK GRONINGEN,Osloweg 125  9723 BK GRONINGEN,050-5925500,//www.frisobouwgroep.nl,https://www.bouwendnederland.nl/vereniging/lidbedrijf-zoeken?page=85
Bouwbureau Bakels en Ouwerkerk B.V.,'S-GRAVENHAGE,Postbus 188  2260 AD LEIDSCHENDAM,Rhone 24  2491 AP 'S-GRAVENHAGE,070-3575757,//www.bobgroep.nl,https://www.bouwendnederland.nl/vereniging/lidbedrijf-zoeken?page=85
Bouwburo H. Tauber B.V. (BBT),OUDKARSPEL,Postbus 20  1724 ZG OUDKARSPEL,Schuit 10  1724 BD OUDKARSPEL,0226-312185,//www.bouwburo-tauber.nl,https://www.bouwendnederland.nl/vereniging/lidbedrijf-zoeken?page=86
Bouwburo van der Dussen,GEFFEN,De Schouw 26  5386 EV GEFFEN,De Schouw 26  5386 EV GEFFEN,073-5341294,//www.bouwburovddussen.nl,https://www.bouwendnederland.nl/vereniging/lidbedrijf-zoeken?page=86
Bouwburo vanRooij Nuenen,NUENEN,Strijdakker 13  5673 TN NUENEN,Strijdakker 13  5673 TN NUENEN,040-2906026,,https://www.bouwendnederland.nl/vereniging/lidbedrijf-zoeken?page=86
Bouwcombinatie Bodegraven B.V.,BODEGRAVEN,Botter 25  2411 NM BODEGRAVEN,Botter 25  2411 NM BODEGRAVEN,0172-612127,//www.bouwcobo.nl,https://www.bouwendnederland.nl/vereniging/lidbedrijf-zoeken?page=86
Bouwcombinatie de Kleine Stolp,AARTSWOUD,Zuiderzeestraat 23  1719 LB AARTSWOUD,Zuiderzeestraat 23  1719 LB AARTSWOUD,-0654943666,//www.dekleinestolp.nl,https://www.bouwendnederland.nl/vereniging/lidbedrijf-zoeken?page=86
Bouwcombinatie Goessens B.V.,SCHINNEN,Veeweg 5  6365 CV SCHINNEN,Veeweg 5  6365 CV SCHINNEN,046-4432141,//www.bouwcombgoessens.nl,https://www.bouwendnederland.nl/vereniging/lidbedrijf-zoeken?page=86
Bouwcombinatie Maasdijk V.O.F.,MAASDIJK,Aartsdijkweg 1  2676 LE MAASDIJK,Aartsdijkweg 1  2676 LE MAASDIJK,0174-522300,,https://www.bouwendnederland.nl/vereniging/lidbedrijf-zoeken?page=86
Bouwcombinatie Peeters B.V.,CUIJK,De Hork 37  5431 NS CUIJK,De Hork 37  5431 NS CUIJK,0485-316551,//www.bcp-cuijk.nl,https://www.bouwendnederland.nl/vereniging/lidbedrijf-zoeken?page=86
Bouwcore B.V.,'S-GRAVENHAGE,Dinkel 14  2491 CG 'S-GRAVENHAGE,Dinkel 14  2491 CG 'S-GRAVENHAGE,,,https://www.bouwendnederland.nl/vereniging/lidbedrijf-zoeken?page=86
Bouwdam B.V.,VOLENDAM,Marconistraat 1 a 1131 JW VOLENDAM,Marconistraat 1 a 1131 JW VOLENDAM,0299-748178,//www.bouwdam.eu,https://www.bouwendnederland.nl/vereniging/lidbedrijf-zoeken?page=86
Bouwens Bouw- en Aannemingsbedrijf,OUD BEIJERLAND,Stougjesdijk 224  3261 KW OUD BEIJERLAND,Stougjesdijk 224  3261 KW OUD BEIJERLAND,0186-657898,//www.aannemersbedrijfbouwens.nl,https://www.bouwendnederland.nl/vereniging/lidbedrijf-zoeken?page=86
Bouwformaat,HOOGLAND,Coelhorsterlaan 10  3828 PC HOOGLAND,Coelhorsterlaan 10  3828 PC HOOGLAND,,,https://www.bouwendnederland.nl/vereniging/lidbedrijf-zoeken?page=86
Bouwgroep Buitenhuis B.V.,WATERGANG,De Dollard 17 c 1454 AT WATERGANG,De Dollard 17 c 1454 AT WATERGANG,020-4823655,//www.bouwgroepbuitenhuis.nl,https://www.bouwendnederland.nl/vereniging/lidbedrijf-zoeken?page=86
Bouwgroep DE Jong B.V.,OOSTERWOLDE FR,Postbus 151  8430 AD OOSTERWOLDE FR,Hornleger 2  8431 HL OOSTERWOLDE FR,0516-512280,//www.jdejongbv.nl,https://www.bouwendnederland.nl/vereniging/lidbedrijf-zoeken?page=86
Bouwgroep Dijkstra Draisma B.V.,BOLSWARD,Postbus 120  8700 AC BOLSWARD,De Marne 120  8701 MC BOLSWARD,0515-334000,//www.bgdd.nl,https://www.bouwendnederland.nl/vereniging/lidbedrijf-zoeken?page=86
Bouwgroep Dijkstra Draisma Holding B.V.,DOKKUM,Postbus 200  9100 AE DOKKUM,Bocksmeulen 23  9101 RA DOKKUM,0519-229999,//www.bgdd.nl,https://www.bouwendnederland.nl/vereniging/lidbedrijf-zoeken?page=86
Bouwgroep Goesten B.V.,KERKDRIEL,Bulkseweg 35 a 5331 PK KERKDRIEL,Bulkseweg 35 a 5331 PK KERKDRIEL,0418-631055,//www.bouwgroepgoesten.nl,https://www.bouwendnederland.nl/vereniging/lidbedrijf-zoeken?page=86
Bouwgroep Graafschap B.V.,BAAK,Bakermarksedijk 8  7223 KJ BAAK,Bakermarksedijk 8  7223 KJ BAAK,,,https://www.bouwendnederland.nl/vereniging/lidbedrijf-zoeken?page=86
Bouwgroep Hecon B.V.,DE GOORN,Wieder 37  1648 GA DE GOORN,Wieder 37  1648 GA DE GOORN,0229-248020,//www.hecongroep.nl,https://www.bouwendnederland.nl/vereniging/lidbedrijf-zoeken?page=86
Bouwgroep Huiskes B.V.,TUBBERGEN,Galvanistraat 11  7651 DH TUBBERGEN,Galvanistraat 11  7651 DH TUBBERGEN,0546-623987,//www.bouwgroephuiskes.nl,https://www.bouwendnederland.nl/vereniging/lidbedrijf-zoeken?page=86
Bouwgroep Joziasse B.V.,VLISSINGEN,Industrieweg 5  4382 NA VLISSINGEN,Industrieweg 5  4382 NA VLISSINGEN,0118-417873,//www.bouwbedrijfjoziasse.nl,https://www.bouwendnederland.nl/vereniging/lidbedrijf-zoeken?page=87
Bouwgroep Kranen,HETEREN,P v M Gelderland Oranje 6  6666 LV HETEREN,PvMG Oranje 6  6666 LV HETEREN,026-3195770,//www.bouwgroepkranen.nl,https://www.bouwendnederland.nl/vereniging/lidbedrijf-zoeken?page=87
Bouwgroep Lichtenberg,RIJSSEN,Octaanstraat 5  7463 PM RIJSSEN,Octaanstraat 5  7463 PM RIJSSEN,0548-513663,//www.bouwgroep-lichtenberg.nl,https://www.bouwendnederland.nl/vereniging/lidbedrijf-zoeken?page=87
Bouwgroep Midden-Brabant B.V.,TILBURG,Mijnsheerenlandstraat 20  5045 LH TILBURG,Mijnsheerenlandstraat 20  5045 LH TILBURG,013-5704337,//www.bmb-roosendaal.nl,https://www.bouwendnederland.nl/vereniging/lidbedrijf-zoeken?page=87
Bouwgroep Peters B.V.,MIDDELBURG,Postbus 310  4330 AH MIDDELBURG,Grenadierweg 21  4338 PG MIDDELBURG,0118-616616,//www.bouwgroep-peters.nl,https://www.bouwendnederland.nl/vereniging/lidbedrijf-zoeken?page=87
Bouwgroep Schrijver B.V.,'S-GRAVENPOLDER,Spoorstraat 16 a 4431 NK 'S-GRAVENPOLDER,Spoorstraat 16 a 4431 NK 'S-GRAVENPOLDER,0113-311527,//www.bouwgroepschrijver.nl,https://www.bouwendnederland.nl/vereniging/lidbedrijf-zoeken?page=87
Bouwgroep Zuiderbosch B.V.,KRONENBERG,Heuvelsestraat 2  5976 NG KRONENBERG,Heuvelsestraat 2  5976 NG KRONENBERG,073-6924420,//www.bouwgroepzuiderbosch.nl,https://www.bouwendnederland.nl/vereniging/lidbedrijf-zoeken?page=87
Bouwkroon B.V.,BLOKKER,Gildenweg 29  1695 GD BLOKKER,Gildenweg 29  1695 GD BLOKKER,0229-243294,//www.bouwkroon.nl,https://www.bouwendnederland.nl/vereniging/lidbedrijf-zoeken?page=87
Bouwmaatschappij Buitenhuis B.V.,WATERGANG,De Dollard 17 c 1454 AT WATERGANG,De Dollard 17 c 1454 AT WATERGANG,020-4823655,//www.bouwgroepbuitenhuis.nl,https://www.bouwendnederland.nl/vereniging/lidbedrijf-zoeken?page=87
Bouwmaatschappij Verwelius B.V.,HUIZEN,Postbus 323  1270 AH HUIZEN,Energieweg 2  1271 ED HUIZEN,035-5284000,//www.verwelius.nl,https://www.bouwendnederland.nl/vereniging/lidbedrijf-zoeken?page=87
Bouwmaatschappij Vuurboom B.V.,VALTHERMOND,Zuiderdiep 562  7876 BH VALTHERMOND,Zuiderdiep 562  7876 BH VALTHERMOND,0599-661203,//www.vuurboom.nl,https://www.bouwendnederland.nl/vereniging/lidbedrijf-zoeken?page=87
Bouwmaatschappij Weboma B.V.,WATERINGEN,Postbus 245  2290 AE WATERINGEN,Stoelmatter 16  2292 JL WATERINGEN,0174-225600,//www.weboma.nl,https://www.bouwendnederland.nl/vereniging/lidbedrijf-zoeken?page=87
Bouwmeesters Amsterdam B.V.,DIEMEN,Stammerhove 3  1112 VA DIEMEN,Stammerhove 3  1112 VA DIEMEN,020-2148937,//https://bouwmeesters.amsterdam,https://www.bouwendnederland.nl/vereniging/lidbedrijf-zoeken?page=87
Bouwmensen 's-Hertogenbosch,ROSMALEN,De Kleine Elst 11  5246 JK ROSMALEN,De Kleine Elst 11  5246 JK ROSMALEN,073-6456620,//www.bouwmensen-denbosch.nl,https://www.bouwendnederland.nl/vereniging/lidbedrijf-zoeken?page=87
Bouwmensen Almelo,ALMELO,Veldkampsweg 24  7605 AR ALMELO,Veldkampsweg 24  7605 AR ALMELO,0546-828052,//www.bouwmensenalmelo.nl,https://www.bouwendnederland.nl/vereniging/lidbedrijf-zoeken?page=87
Bouwmensen Amsterdam B.V.,DIEMEN,Verrijn Stuartweg 48  1112 AX DIEMEN,Verrijn Stuartweg 48  1112 AX DIEMEN,020-6007878,//www.bouwmensen-amsterdam.nl,https://www.bouwendnederland.nl/vereniging/lidbedrijf-zoeken?page=87
Bouwmensen Apeldoorn,APELDOORN,Postbus 4112  7320 AC APELDOORN,Kanaal Noord 260  7322 AE APELDOORN,055-3664587,//www.bouwstarters.nl,https://www.bouwendnederland.nl/vereniging/lidbedrijf-zoeken?page=87
Bouwmensen Bussum,BUSSUM,Parallelweg 1  1405 AE BUSSUM,Parallelweg 1  1405 AE BUSSUM,035-6239939,//www.bouwmensen-bussum.nl,https://www.bouwendnederland.nl/vereniging/lidbedrijf-zoeken?page=87
Bouwmensen Drenthe Noord-West Overijssel,RUINEN,Postbus 19  7963 ZG RUINEN,Kloosterstraat 12  7963 AH RUINEN,0522-472716,//www.bouwmensen-dnwo.nl,https://www.bouwendnederland.nl/vereniging/lidbedrijf-zoeken?page=87
Bouwmensen Eindhoven/Tilburg,VELDHOVEN,De Run 4250  5503 LL VELDHOVEN,De Run 4250  5503 LL VELDHOVEN,088-2584500,//www.bouwmensen.nl,https://www.bouwendnederland.nl/vereniging/lidbedrijf-zoeken?page=87
"Bouwmensen Friesland, Nunspeet, Zwolle",LEEUWARDEN,Archimedesweg 8  8912 AK LEEUWARDEN,Archimedesweg 8  8912 AK LEEUWARDEN,058-2157037,//www.bouwmensen.nl,https://www.bouwendnederland.nl/vereniging/lidbedrijf-zoeken?page=88
Bouwmensen Gelderland Oost B.V.,DOETINCHEM,Gildenstraat 27  7005 BL DOETINCHEM,Gildenstraat 27  7005 BL DOETINCHEM,0314-345155,//https://bouwmensen.nl/vestigingen/doetinchem/,https://www.bouwendnederland.nl/vereniging/lidbedrijf-zoeken?page=88
Bouwmensen KZW B.V. vestiging Zaandam,ZAANDAM,Jufferstraat 3  1508 GE ZAANDAM,Jufferstraat 3  1508 GE ZAANDAM,075-6176877,//www.bouwmensen-kzw.nl,https://www.bouwendnederland.nl/vereniging/lidbedrijf-zoeken?page=88
Bouwmensen Limburg B.V.,HORST,Gebr. van Doornelaan 63  5961 BB HORST,Gebr. van Doornelaan 63  5961 BB HORST,045-5243981,//www.bouwmensen-limburg.nl,https://www.bouwendnederland.nl/vereniging/lidbedrijf-zoeken?page=88
Bouwmensen Midden-Holland,HOOFDDORP,Hoofdweg 868  2132 MC HOOFDDORP,Hoofdweg 868  2132 MC HOOFDDORP,023-5638300,//www.bouwmensen-mh.nl,https://www.bouwendnederland.nl/vereniging/lidbedrijf-zoeken?page=88
Bouwmensen MTS Zuid-Holland Zuid B.V.,HARDINXVELD-GIESSENDAM,Griendaak 5  3371 KH HARDINXVELD-GIESSENDAM,Griendaak 5  3371 KH HARDINXVELD-GIESSENDAM,0184-615312,//www.bouwmensen.nl,https://www.bouwendnederland.nl/vereniging/lidbedrijf-zoeken?page=88
Bouwmensen Nijmegen,NIJMEGEN,Gasstraat-oost 12  5349 AV OSS,Heyendaalseweg 98  6525 EE NIJMEGEN,0412-641974,//www.bouwmensen-nijmegen.nl,https://www.bouwendnederland.nl/vereniging/lidbedrijf-zoeken?page=88
Bouwmensen Nunspeet,NUNSPEET,Energieweg 1  8071 DA NUNSPEET,Energieweg 1  8071 DA NUNSPEET,0341-252376,//bouwmensen.nl,https://www.bouwendnederland.nl/vereniging/lidbedrijf-zoeken?page=88
Bouwmensen Oss,OSS,Gasstraat Oost 12  5349 AV OSS,Gasstraat Oost 12  5349 AV OSS,0412-641974,//www.bouwmensen-oss.nl,https://www.bouwendnederland.nl/vereniging/lidbedrijf-zoeken?page=88
Bouwmensen Rivierengebied B.V.,GELDERMALSEN,Poppenbouwing 3  4191 NZ GELDERMALSEN,Poppenbouwing 3  4191 NZ GELDERMALSEN,0345-575924,//www.bouwmensen.nl/rivierengebied.nl,https://www.bouwendnederland.nl/vereniging/lidbedrijf-zoeken?page=88
Bouwmensen Tilburg,Veldhoven,Stappegoorweg 190  5022 DL TILBURG,De Run 4250  5503 LL Veldhoven,88-2584500,//www.bouwmensen.nl,https://www.bouwendnederland.nl/vereniging/lidbedrijf-zoeken?page=88
Bouwmensen Utrecht,NIEUWEGEIN,Utrechthaven 13  3433 PN NIEUWEGEIN,Utrechthaven 13  3433 PN NIEUWEGEIN,030-6081533,//www.bouwmensen.nl/Utrecht,https://www.bouwendnederland.nl/vereniging/lidbedrijf-zoeken?page=88
Bouwmensen West B.V.,DELFT,Rijnweg 10  2627 BK DELFT,Rijnweg 10  2627 BK DELFT,015-2620802,//www.bouwmensen-west.nl,https://www.bouwendnederland.nl/vereniging/lidbedrijf-zoeken?page=88
Bouwmensen Zuid-Holland Zuid B.V.,HARDINXVELD-GIESSENDAM,Griendaak 5  3371 KH HARDINXVELD-GIESSENDAM,Griendaak 5  3371 KH HARDINXVELD-GIESSENDAM,0184-615312,//www.bouwmensen.nl/zuidhollandzuid,https://www.bouwendnederland.nl/vereniging/lidbedrijf-zoeken?page=88
Bouwmensen Zuid-Holland Zuid Holding B.V.,HARDINXVELD-GIESSENDAM,Griendaak 5  3371 KH HARDINXVELD-GIESSENDAM,Griendaak 5  3371 KH HARDINXVELD-GIESSENDAM,0184-615312,//https://bouwmensen.nl/vestigingen/hardinxveld-giessendam/,https://www.bouwendnederland.nl/vereniging/lidbedrijf-zoeken?page=88
Bouwmensen Zuid-West B.V.,BERGEN OP ZOOM,Postbus 755  4600 AT BERGEN OP ZOOM,Nobellaan 27  4622 AH BERGEN OP ZOOM,0164-213555,//www.samenwerkingsverband.nl,https://www.bouwendnederland.nl/vereniging/lidbedrijf-zoeken?page=88
Bouwmij P.W. Schipper B.V.,ALMERE,Palmpolstraat 37  1327 CB ALMERE,Palmpolstraat 37  1327 CB ALMERE,035-6247293,//www.bouwmijpwschipper.nl,https://www.bouwendnederland.nl/vereniging/lidbedrijf-zoeken?page=88
Bouwmij. Merwestreek,HARDINXVELD GIESSENDAM,Rivierdijk 636  3371 EE HARDINXVELD GIESSENDAM,Rivierdijk 636  3371 EE HARDINXVELD GIESSENDAM,0184-612347,//www.merwestreek.nl,https://www.bouwendnederland.nl/vereniging/lidbedrijf-zoeken?page=88
Bouwmij. Ufkes Apeldoorn B.V.,APELDOORN,Postbus 485  7300 AL APELDOORN,Boogschutterstraat 44  7324 BA APELDOORN,055-5788441,//www.ufkesapeldoorn.nl,https://www.bouwendnederland.nl/vereniging/lidbedrijf-zoeken?page=88
Bouwmouw,UTRECHT,Laan van Chartroise 7  3552 EP UTRECHT,Laan van Chartroise 7  3552 EP UTRECHT,,,https://www.bouwendnederland.nl/vereniging/lidbedrijf-zoeken?page=88
Bouwonderneming G. Hoppen B.V.,HEINO,Dalvoordeweg 22  7688 PV DAARLE,De Weerd 1  8141 BS HEINO,0546-697888,//www.valkdaarle.nl/hoppen,https://www.bouwendnederland.nl/vereniging/lidbedrijf-zoeken?page=89
Bouwonderneming Gebr. Benus B.V.,MUSSELKANAAL,Schoolstraat 166  9581 GJ MUSSELKANAAL,Schoolstraat 166  9581 GJ MUSSELKANAAL,0599-412777,//www.benusbenus.nl,https://www.bouwendnederland.nl/vereniging/lidbedrijf-zoeken?page=89
Bouwonderneming Goedleven B.V.,'S-GRAVENHAGE,Koninginnegracht 19  2514 AB 'S-GRAVENHAGE,Koninginnegracht 19  2514 AB 'S-GRAVENHAGE,070-8915466,//www.groupmonument.eu,https://www.bouwendnederland.nl/vereniging/lidbedrijf-zoeken?page=89
Bouwonderneming Greven,EMMELOORD,Havenstraat 11  8304 AG EMMELOORD,Havenstraat 11  8304 AG EMMELOORD,052-7615107,//www.grevenbouw.nl,https://www.bouwendnederland.nl/vereniging/lidbedrijf-zoeken?page=89
Bouwonderneming Haaksbergen B.V.,HAAKSBERGEN,Handelsstraat 20  7482 GW HAAKSBERGEN,Handelsstraat 20  7482 GW HAAKSBERGEN,053-5722004,//www.wijlens-bouw.nl,https://www.bouwendnederland.nl/vereniging/lidbedrijf-zoeken?page=89
Bouwonderneming Jager B.V.,WESTERVOORT,De Smidse 2  6931 KJ WESTERVOORT,De Smidse 2  6931 KJ WESTERVOORT,026-3646159,//www.jager-velp.nl,https://www.bouwendnederland.nl/vereniging/lidbedrijf-zoeken?page=89
Bouwonderneming Lagendijk  & Stout B.V.,SLIEDRECHT,Beyerinckstraat 14  3364 AX SLIEDRECHT,Beyerinckstraat 14  3364 AX SLIEDRECHT,018-4682394,//www.aannemingsbedrijflagendijk.nl,https://www.bouwendnederland.nl/vereniging/lidbedrijf-zoeken?page=89
Bouwonderneming Oude Wolbers Borne B.V.,BORNE,Postbus 120  7620 AC BORNE,Oostermaat 8  7623 CS BORNE,074-2661364,//www.oude-wolbers.nl,https://www.bouwendnederland.nl/vereniging/lidbedrijf-zoeken?page=89
Bouwonderneming Soest (BOS),SOEST,Beukenlaan 70  3762 AJ SOEST,Beukenlaan 70  3762 AJ SOEST,035-6019313,//www.bosbouw.nl,https://www.bouwendnederland.nl/vereniging/lidbedrijf-zoeken?page=89
Bouwonderneming Stout B.V.,SLIEDRECHT,Stationspark 1100  3364 DA SLIEDRECHT,Stationspark 1100  3364 DA SLIEDRECHT,088-4401000,//www.stout.nl,https://www.bouwendnederland.nl/vereniging/lidbedrijf-zoeken?page=89
Bouwonderneming T.J. van de Belt Leusden B.V.,LEUSDEN,Ambachtsweg 3  3831 KA LEUSDEN,Ambachtsweg 3  3831 KA LEUSDEN,033-4942052,//www.tjvandebelt.nl,https://www.bouwendnederland.nl/vereniging/lidbedrijf-zoeken?page=89
Bouwonderneming Van Bekkum B.V.,AMERSFOORT,Wiekenweg 53  3815 KL AMERSFOORT,Wiekenweg 53  3815 KL AMERSFOORT,033-2544222,//www.vanbekkum.nl,https://www.bouwendnederland.nl/vereniging/lidbedrijf-zoeken?page=89
Bouwonderneming Veeneman B.V.,APELDOORN,Zutphensestraat 299  7325 WT APELDOORN,Zutphensestraat 299  7325 WT APELDOORN,055-5333994,//www.veenemanbouw.nl,https://www.bouwendnederland.nl/vereniging/lidbedrijf-zoeken?page=89
Bouwpartners Valkenswaard B.V.,VALKENSWAARD,De Vest 32  5555 XP VALKENSWAARD,De Vest 32  5555 XP VALKENSWAARD,040-2070001,//www.bouwpartnersvalkenswaard.nl,https://www.bouwendnederland.nl/vereniging/lidbedrijf-zoeken?page=89
Bouwplein Rotterdam B.V.,ROTTERDAM,Zichtenburglaan 216  2544 EB 'S-GRAVENHAGE,Drutenstraat 2  3087 CC ROTTERDAM,010-2688067,//www.bouwplein010.nl,https://www.bouwendnederland.nl/vereniging/lidbedrijf-zoeken?page=89
Bouwrijk BV,HOUTEN,Meidoornkade 2  3992 AE HOUTEN,Meidoornkade 2  3992 AE HOUTEN,030-6378687,//www.bouwrijk.nl,https://www.bouwendnederland.nl/vereniging/lidbedrijf-zoeken?page=89
Bouwschool Breda Opleidingen B.V.,BREDA,Postbus 3526  4800 DM BREDA,Biesdonkweg 31  4826 KS BREDA,076-5306060,//www.bouwschoolbreda.nl,https://www.bouwendnederland.nl/vereniging/lidbedrijf-zoeken?page=89
Bouwschool Breda Training en Coaching B.V.,BREDA,Postbus 3526  4800 DM BREDA,Biesdonkweg 31  4826 KS BREDA,076-5306060,//www.bouwschoolbreda.nl,https://www.bouwendnederland.nl/vereniging/lidbedrijf-zoeken?page=89
Bouwschool Twente,HENGELO OV,Lansinkesweg 28 a 7553 AE HENGELO OV,Lansinkesweg 28a 28a a 7553 AE HENGELO OV,074-8080237,//www.bouwschooltwente.nl,https://www.bouwendnederland.nl/vereniging/lidbedrijf-zoeken?page=89
Bouwservice Bartelen BV,ROOSENDAAL,Rucphensebaan 21 A 4706 PH ROOSENDAAL,Rucphensebaan 21 A 4706 PH ROOSENDAAL,0165-539644,//www.bouwservicebartelen.nl,https://www.bouwendnederland.nl/vereniging/lidbedrijf-zoeken?page=89
Bouwservice Geelen,NEER,Hanssum 10  6086 BV NEER,Hanssum 10  6086 BV NEER,+31-0636087724,//www.bouwservicegeelen.nl,https://www.bouwendnederland.nl/vereniging/lidbedrijf-zoeken?page=90
Bouwservice Noordholland BV,PURMEREND,Netwerk 147  1446 WV PURMEREND,Netwerk 147  1446 WV PURMEREND,0299-231313,//www.bouwservicenoordholland.nl,https://www.bouwendnederland.nl/vereniging/lidbedrijf-zoeken?page=90
Bouwservice Rotterdam,ROTTERDAM,Cor Kieboomplein 261  3077 MK ROTTERDAM,Cor Kieboomplein 261  3077 MK ROTTERDAM,,,https://www.bouwendnederland.nl/vereniging/lidbedrijf-zoeken?page=90
Bouwtal B.V.,ZWIJNDRECHT,Voltastraat 57  3335 KK ZWIJNDRECHT,Voltastraat 57  3335 KK ZWIJNDRECHT,085-2739766,//www.bouwtal.nl,https://www.bouwendnederland.nl/vereniging/lidbedrijf-zoeken?page=90
BouwTeam Oost BV,ALBERGEN,Zenderseweg 75  7665 TL ALBERGEN,Zenderseweg 75  7665 TL ALBERGEN,0546-442469,//www.bouwteamoost.nl,https://www.bouwendnederland.nl/vereniging/lidbedrijf-zoeken?page=90
Bouwteam Rob van den Broek B.V.,NIJMEGEN,Parkdwarsstraat 14  6511 DK NIJMEGEN,Parkdwarsstraat 14  6511 DK NIJMEGEN,,,https://www.bouwendnederland.nl/vereniging/lidbedrijf-zoeken?page=90
Bouwtechniek Maarheeze,MAARHEEZE,Rondven 37  6026 PX MAARHEEZE,Rondven 37  6026 PX MAARHEEZE,0495-588120,//www.bouwtechniek-maarheeze.com,https://www.bouwendnederland.nl/vereniging/lidbedrijf-zoeken?page=90
Bouwtotaal Brabant,HELMOND,Kromme Haagdijk 70  5706 LN HELMOND,Kromme Haagdijk 70  5706 LN HELMOND,0492-665251,//www.bouwtotaalbrabant.nl,https://www.bouwendnederland.nl/vereniging/lidbedrijf-zoeken?page=90
BouwVast Urk B.V.,Urk,Constantijnstraat 22  8322 GK Urk,Constantijnstraat 22  8322 GK Urk,052-7820280,//www.bouwvasturk.nl,https://www.bouwendnederland.nl/vereniging/lidbedrijf-zoeken?page=90
Bouwzorg Fryslân,LEEUWARDEN,Lange Marktstraat 1  8911 AD LEEUWARDEN,Lange Marktstraat 1  8911 AD LEEUWARDEN,058-1234567,//www.bouwzorgfryslan.nl,https://www.bouwendnederland.nl/vereniging/lidbedrijf-zoeken?page=90
BOVO Beroepsopleidingen Vroomshoop e.o.,VROOMSHOOP,Aziëlaan 3  7681 NC VROOMSHOOP,Aziëlaan 3  7681 NC VROOMSHOOP,0546-644577,//www.bovo-opleidingen.nl,https://www.bouwendnederland.nl/vereniging/lidbedrijf-zoeken?page=90
Bovrie Betonboringen B.V.,VINKEVEEN,Voorbancken 4  3645 GV VINKEVEEN,Donkereind 42 D 3645 TE VINKEVEEN,0297-262315,//www.bovriebv.nl,https://www.bouwendnederland.nl/vereniging/lidbedrijf-zoeken?page=90
BOW Bouw V.O.F,AMSTERDAM,Westhavenweg 57 e 1042 AL AMSTERDAM,Westhavenweg 57 e 1042 AL AMSTERDAM,,,https://www.bouwendnederland.nl/vereniging/lidbedrijf-zoeken?page=90
BPA Bouw B.V.,VOLKEL,Beekvloed 20  5408 NG VOLKEL,Beekvloed 20  5408 NG VOLKEL,,,https://www.bouwendnederland.nl/vereniging/lidbedrijf-zoeken?page=90
Braak Bouw B.V.,WESTBEEMSTER,Jisperweg 76  1464 NH WESTBEEMSTER,Jisperweg 76  1464 NH WESTBEEMSTER,0299-681436,//www.braakbouw.nl,https://www.bouwendnederland.nl/vereniging/lidbedrijf-zoeken?page=90
Braakhuis Aannemingsbedrijf B.V.,ZENDEREN,Lidwinaweg 21  7625 PL ZENDEREN,Lidwinaweg 21  7625 PL ZENDEREN,074-2666744,//www.braakhuis.nl,https://www.bouwendnederland.nl/vereniging/lidbedrijf-zoeken?page=90
Brabant Groen B.V.,RAAMSDONKSVEER,Keizersveer 15  4941 TA RAAMSDONKSVEER,Keizersveer 15  4941 TA RAAMSDONKSVEER,0162-512551,,https://www.bouwendnederland.nl/vereniging/lidbedrijf-zoeken?page=90
Brabantse Asfalt Centrale B.V.,HELMOND,Postbus 291  5700 AG HELMOND,Churchillaan 202  5705 BK HELMOND,0492-533858,//www.asfaltcentrale.nl,https://www.bouwendnederland.nl/vereniging/lidbedrijf-zoeken?page=90
Brabotech Aannemingsbedrijf B.V.,ETTEN-LEUR,Gouden Rijder 15  4879 AW ETTEN-LEUR,Gouden Rijder 15  4879 AW ETTEN-LEUR,076-5037310,//www.brabotech.nl,https://www.bouwendnederland.nl/vereniging/lidbedrijf-zoeken?page=90
Brabotech Holding B.V.,ETTEN-LEUR,Gouden Rijder 15  4879 AW ETTEN-LEUR,Gouden Rijder 15  4879 AW ETTEN-LEUR,076-5037310,//www.brabotech.nl,https://www.bouwendnederland.nl/vereniging/lidbedrijf-zoeken?page=90
Brabotech Metselwerken B.V.,ETTEN-LEUR,Gouden Rijder 15  4879 AW ETTEN-LEUR,Gouden Rijder 15  4879 AW ETTEN-LEUR,076-5037310,,https://www.bouwendnederland.nl/vereniging/lidbedrijf-zoeken?page=91
Bramer Beheer en Exploitatie Maatschappij B.V.,VRIEZENVEEN,Postbus 53  7670 AB VRIEZENVEEN,Almeloseweg 36  7671 RD VRIEZENVEEN,0546-562555,//www.bramerbv.nl,https://www.bouwendnederland.nl/vereniging/lidbedrijf-zoeken?page=91
Brand Bouw-service,STUIFZAND,Zwartschaap 8  7934 PC STUIFZAND,Zwartschaap 8  7934 PC STUIFZAND,0528-264960,//www.brandbouwservice.nl,https://www.bouwendnederland.nl/vereniging/lidbedrijf-zoeken?page=91
Brand Energy & Infrastructure Services B.V.,VLAARDINGEN,Postbus 160  3130 AD VLAARDINGEN,George Stephensonweg 15  3133 KJ VLAARDINGEN,010-4455444,//www.beis.com,https://www.bouwendnederland.nl/vereniging/lidbedrijf-zoeken?page=91
Brands Bouw B.V.,GRONINGEN,Postbus 5262  9700 GG GRONINGEN,Kieler Bocht 33  9723 JA GRONINGEN,050-5757800,//www.brandsbouw.nl,https://www.bouwendnederland.nl/vereniging/lidbedrijf-zoeken?page=91
Brands Bouw B.V.,EMMEN,Postbus 18  7800 AA EMMEN,Nautilusstraat 7  7821 AG EMMEN,0591-657900,//www.brandsbouw.nl,https://www.bouwendnederland.nl/vereniging/lidbedrijf-zoeken?page=91
Brands Emmen Holding B.V.,EMMEN,Nautilusstraat 7  7821 AG EMMEN,Nautilusstraat 7  7821 AG EMMEN,0591-657900,//www.brandsbouw.nl,https://www.bouwendnederland.nl/vereniging/lidbedrijf-zoeken?page=91
Braspenning Aann.- en Timmerbedrijf,WERNHOUT,Grote Heistraat 26  4884 JC WERNHOUT,Grote Heistraat 26  4884 JC WERNHOUT,076-5975266,//www.braspenningwernhout.nl,https://www.bouwendnederland.nl/vereniging/lidbedrijf-zoeken?page=91
Brecon Bouw en Onderhoud B.V.,TILBURG,Droogdokkeneiland 7  5026 SP TILBURG,Droogdokkeneiland 7  5026 SP TILBURG,040-2554851,//www.brabantbouw.nl,https://www.bouwendnederland.nl/vereniging/lidbedrijf-zoeken?page=91
Breda Bouw B.V.,TETERINGEN,Oosterhoutseweg 131 a 4847 DB TETERINGEN,Oosterhoutseweg 131 a 4847 DB TETERINGEN,076-5810354,//www.bredabouw.nl,https://www.bouwendnederland.nl/vereniging/lidbedrijf-zoeken?page=91
Bredase Bouw Onderneming,PRINSENBEEK,Logtenburg 10  4841 PA PRINSENBEEK,Logtenburg 10  4841 PA PRINSENBEEK,076-2050391,//www.bredasebouwonderneming.nl,https://www.bouwendnederland.nl/vereniging/lidbedrijf-zoeken?page=91
Bree Bouw BV,SOEST,Beukenlaan 11  3762 AE SOEST,Beukenlaan 11  3762 AE SOEST,035-5423554,//www.breebouw.nl,https://www.bouwendnederland.nl/vereniging/lidbedrijf-zoeken?page=91
Breedijk Aannemersbedrijf B.V.,WADDINXVEEN,Bloemendaalseweg 2 C 2741 LE WADDINXVEEN,Bloemendaalseweg 2 C 2741 LE WADDINXVEEN,0182-394755,//www.breedijkbouw.nl,https://www.bouwendnederland.nl/vereniging/lidbedrijf-zoeken?page=91
Breijer Bouw Huizen BV,HUIZEN,Energieweg 6  1271 ED HUIZEN,Energieweg 6  1271 ED HUIZEN,035-5249900,//www.breijer.nl,https://www.bouwendnederland.nl/vereniging/lidbedrijf-zoeken?page=91
Breijer Projecten,ROTTERDAM,Postbus 51027  3007 GA ROTTERDAM,Geyssendorfferweg 5  3088 GJ ROTTERDAM,010-2976510,//www.breijer.nl,https://www.bouwendnederland.nl/vereniging/lidbedrijf-zoeken?page=91
Bresser Bouw B.V.,'S-GRAVENDEEL,Viltweg 1 p 3295 KT 'S-GRAVENDEEL,Viltweg 1 p 3295 KT 'S-GRAVENDEEL,078-6737858,//www.bresser.nu,https://www.bouwendnederland.nl/vereniging/lidbedrijf-zoeken?page=91
Bresser Groep B.V.,'S-GRAVENDEEL,Postbus 5231  3295 ZJ 'S-GRAVENDEEL,Viltweg 1 p 3295 KT 'S-GRAVENDEEL,078-6737858,//www.bresser.nu,https://www.bouwendnederland.nl/vereniging/lidbedrijf-zoeken?page=91
Bresser Matereeldienst B.V.,'S-GRAVENDEEL,Postbus 1 p 3295 ZJ 'S-GRAVENDEEL,Viltweg 1 p 3295 KT 'S-GRAVENDEEL,078-6737858,//www.bresser.nu,https://www.bouwendnederland.nl/vereniging/lidbedrijf-zoeken?page=91
Bresser Netherlands B.V.,'S-GRAVENDEEL,Viltweg 1 p 3295 KT 'S-GRAVENDEEL,Viltweg 1 p 3295 KT 'S-GRAVENDEEL,078-6737858,,https://www.bouwendnederland.nl/vereniging/lidbedrijf-zoeken?page=91
Broekema Wegenbouw bv,GRONINGEN,Postbus 686  9700 AR GRONINGEN,Peizerweg 148 a 9727 AR GRONINGEN,050-5252886,//www.broekemawegenbouw.nl,https://www.bouwendnederland.nl/vereniging/lidbedrijf-zoeken?page=91
Broekhuizen Kabo B.V.,BARNEVELD,Wesselseweg 56  3771 PD BARNEVELD,Wesselseweg 56  3771 PD BARNEVELD,0342-416998,//www.broekhuizenkabo.nl,https://www.bouwendnederland.nl/vereniging/lidbedrijf-zoeken?page=92
Broere de Bruijne B.V.,TERNEUZEN,Industrieweg 26  4538 AJ TERNEUZEN,Industrieweg 26  4538 AJ TERNEUZEN,0115-612093,//www.broeredebruijne.nl,https://www.bouwendnederland.nl/vereniging/lidbedrijf-zoeken?page=92
Broeren & Das Bouwbedrijf B.V.,VELDHOVEN,Dorpstraat 25  5504 HA VELDHOVEN,Dorpstraat  25  5504 HA VELDHOVEN,040-2051073,//www.broerendasbouwbedrijf.nl,https://www.bouwendnederland.nl/vereniging/lidbedrijf-zoeken?page=92
Broeren B.V.,TILBURG,Orionstraat 22  5015 BR TILBURG,Orionstraat 22  5015 BR TILBURG,013-4555455,//www.broerenbv.nl,https://www.bouwendnederland.nl/vereniging/lidbedrijf-zoeken?page=92
Broersen en van der Plasse B.V.,BOVENKARSPEL,De Tocht 15  1611 HT BOVENKARSPEL,De Tocht 15  1611 HT BOVENKARSPEL,0228-511279,//www.broersenbetonijzer.nl,https://www.bouwendnederland.nl/vereniging/lidbedrijf-zoeken?page=92
Brouwer Bouwbedrijf B.V.,ST.-ANNAPAROCHIE,Postbus 119  9076 ZR ST.-ANNAPAROCHIE,Stadhoudersweg 76 A 9076 ZR ST.-ANNAPAROCHIE,0518-401342,//www.brouwerbouw.nl,https://www.bouwendnederland.nl/vereniging/lidbedrijf-zoeken?page=92
Brouwer en Brouwer Afbouw,RIJSWIJK ZH,Haantje 10 A 2288 CT RIJSWIJK ZH,Haantje 10 A 2288 CT RIJSWIJK ZH,-06 47674116,//www.brouwerbouwbedrijf.nl,https://www.bouwendnederland.nl/vereniging/lidbedrijf-zoeken?page=92
Bruil Bouwbedrijf Ede B.V.,EDE GLD,Keesomstraat 8  6717 AH EDE GLD,Keesomstraat 8  6717 AH EDE GLD,0318-671740,//www.bruil.nl,https://www.bouwendnederland.nl/vereniging/lidbedrijf-zoeken?page=92
Bruil Groep Services B.V.,EDE GLD,Postbus 19  6710 BA EDE GLD,Keesomstraat 9  6717 AH EDE GLD,088-8118855,//www.bruil.nl,https://www.bouwendnederland.nl/vereniging/lidbedrijf-zoeken?page=92
Bruil Infra B.V.,VIANEN UT,Lange Dreef 9  4131 NJ VIANEN UT,Lange Dreef 9  4131 NJ VIANEN UT,0318-627700,//www.bruilinfra.nl,https://www.bouwendnederland.nl/vereniging/lidbedrijf-zoeken?page=92
Bruil Prefab Heipalen B.V.,GEERTRUIDENBERG,Postbus 19  6710 BA EDE GLD,Centraleweg 6  4931 NB GEERTRUIDENBERG,0495-456620,//www.bruil.nl,https://www.bouwendnederland.nl/vereniging/lidbedrijf-zoeken?page=92
BT Duurzame Installatietechniek B.V.,ROSMALEN,Biestkampweg 27  5249 JZ ROSMALEN,Biestkampweg 27  5249 JZ ROSMALEN,073-8222157,//www.btduurzaam.nl,https://www.bouwendnederland.nl/vereniging/lidbedrijf-zoeken?page=92
BTLL Beheer B.V.,RODEN,Produktieweg 8  9301 ZS RODEN,Produktieweg 8  9301 ZS RODEN,088-3032400,//www.bescon.nl,https://www.bouwendnederland.nl/vereniging/lidbedrijf-zoeken?page=92
BTS Uitgeest B.V.,UITGEEST,De Middelweg 104  1911 EK UITGEEST,De Middelweg 104  1911 EK UITGEEST,-06 51619753,//www.btsuitgeest.nl,https://www.bouwendnederland.nl/vereniging/lidbedrijf-zoeken?page=92
Building Creations B.V.,AMSTERDAM,Palmstraat 46  1015 HS AMSTERDAM,Palmstraat 46  1015 HS AMSTERDAM,,,https://www.bouwendnederland.nl/vereniging/lidbedrijf-zoeken?page=92
Building Your Roots B.V.,BADHOEVEDORP,Dotterbloemweg 16  1433 WC KUDELSTAART,Sloterweg 411 Unit C3 1171 VD BADHOEVEDORP,,,https://www.bouwendnederland.nl/vereniging/lidbedrijf-zoeken?page=92
Buitengewoon B.V.,ROTTERDAM,Waalstraat 4  3087 BP ROTTERDAM,Waalstraat  4  3087 BD ROTTERDAM,085-3012323,//www.buitengewoonbv.nl,https://www.bouwendnederland.nl/vereniging/lidbedrijf-zoeken?page=92
Buitenhuis Realisatie B.V.,Alblasserdam,Vinkenpolderweg 17  2952 AV ALBLASSERDAM,Vinkenpolderweg  17  2952 AV Alblasserdam,0184-694610,//www.buitenhuisvillabouw.nl,https://www.bouwendnederland.nl/vereniging/lidbedrijf-zoeken?page=92
"BUKO Infrasupport B.V, nevenvestiging Elst",ELST GLD,Manege 2  6662 WC ELST GLD,Manege 2  6662 WC ELST GLD,,,https://www.bouwendnederland.nl/vereniging/lidbedrijf-zoeken?page=92
BUKO Infrasupport B.V.,BARENDRECHT,Zwolseweg 15  2994 LB BARENDRECHT,Zwolseweg 15  2994 LB BARENDRECHT,088-0188018,//www.bukoinfrasupport.nl,https://www.bouwendnederland.nl/vereniging/lidbedrijf-zoeken?page=92
BUKO Infrasupport Regiovestiging Assen,ASSEN,Steenhouwerstraat 4  9403 VP ASSEN,Steenhouwerstraat 4  9403 VP ASSEN,010-5015400,//www.bukoinfrasupport.nl,https://www.bouwendnederland.nl/vereniging/lidbedrijf-zoeken?page=93
BUKO Infrasupport Regiovestiging Beverwijk,BEVERWIJK,Noorderkade 12  1948 NR BEVERWIJK,Noorderkade 12  1948 NR BEVERWIJK,0251-222837,//https://infrasupport.buko.nl/,https://www.bouwendnederland.nl/vereniging/lidbedrijf-zoeken?page=93
BUKO Infrasupport Regiovestiging Eindhoven,EINDHOVEN,Hooge Zijde 1  5626 DC EINDHOVEN,Hooge Zijde 1  5626 DC EINDHOVEN,040-2824279,,https://www.bouwendnederland.nl/vereniging/lidbedrijf-zoeken?page=93
BUKO Infrasupport Regiovestiging Nootdorp,NOOTDORP,Ambachtshof 20  2632 BB NOOTDORP,Ambachtshof 20  2632 BB NOOTDORP,070-2050245,//https://infrasupport.buko.nl/,https://www.bouwendnederland.nl/vereniging/lidbedrijf-zoeken?page=93
BUKO Infrasupport Regiovestiging Ochten,OCHTEN,Mercuriusweg 42  4051 CV OCHTEN,Mercuriusweg 42  4051 CV OCHTEN,0344-644834,//https://infrasupport.buko.nl/,https://www.bouwendnederland.nl/vereniging/lidbedrijf-zoeken?page=93
BUKO Infrasupport Regiovestiging Rhoon,RHOON,Dienstenstraat 16  3161 GN RHOON,Dienstenstraat 16  3161 GN RHOON,010-5015400,,https://www.bouwendnederland.nl/vereniging/lidbedrijf-zoeken?page=93
BUKO Infrasupport Regiovestiging Utrecht,BARENDRECHT,Zwolseweg 15  2994 LB BARENDRECHT,Zwolseweg 15  2994 LB BARENDRECHT,010-5015400,//https://infrasupport.buko.nl/,https://www.bouwendnederland.nl/vereniging/lidbedrijf-zoeken?page=93
BUKO Infrasupport Regiovestiging Zwolle,ZWOLLE,Rieteweg 19  8041 AJ ZWOLLE,Rieteweg 19  8041 AJ ZWOLLE,038-4214048,//https://infrasupport.buko.nl/,https://www.bouwendnederland.nl/vereniging/lidbedrijf-zoeken?page=93
Bulsink Bouw & Ontwikkeling B.V.,SON EN BREUGEL,Postbus 28000  5602 JA EINDHOVEN,Ekkersrijt 7005  5692 HB SON EN BREUGEL,040-2808919,//www.bulsink.nl,https://www.bouwendnederland.nl/vereniging/lidbedrijf-zoeken?page=93
Bunnik Beheer,IJSSELSTEIN UT,Postbus 24  3400 AA IJSSELSTEIN UT,Groene Dijk 4  3401 NJ IJSSELSTEIN UT,030-6869990,,https://www.bouwendnederland.nl/vereniging/lidbedrijf-zoeken?page=93
Bunnik Bouw,IJSSELSTEIN UT,Postbus 24  3400 AA IJSSELSTEIN UT,Groene Dijk 4  3401 NJ IJSSELSTEIN UT,030-6869990,//www.bunnik-bouw.nl,https://www.bouwendnederland.nl/vereniging/lidbedrijf-zoeken?page=93
Bunnik Projekten IJsselstein,IJSSELSTEIN UT,Postbus 24  3400 AA IJSSELSTEIN UT,Groene Dijk 4  3401 NJ IJSSELSTEIN UT,030-6869990,//www.bunnik-projekten.nl,https://www.bouwendnederland.nl/vereniging/lidbedrijf-zoeken?page=93
Bunte Grondwerken B.V.,OENE,Ooster Oenerweg 28  8167 PD OENE,Ooster Oenerweg 28  8167 PD OENE,0578-641100,//www.buntegrondwerken.nl,https://www.bouwendnederland.nl/vereniging/lidbedrijf-zoeken?page=93
Burema Bouw B.V.,'T ZANDT GN,Molenweg 4  9915 PK 'T ZANDT GN,Molenweg 4  9915 PK 'T ZANDT GN,0596-581256,//www.buremabouw.nl,https://www.bouwendnederland.nl/vereniging/lidbedrijf-zoeken?page=93
Burg Bouw Aannemingsbedrijf B.V..,DORDRECHT,Maxwellstraat 49  3316 GP DORDRECHT,Maxwellstraat 49  3316 GP DORDRECHT,078-6175200,//www.burg-bouw.nl,https://www.bouwendnederland.nl/vereniging/lidbedrijf-zoeken?page=93
Burgy Bouwbedrijf B.V.,LEIDEN,Postbus 140  2300 AC LEIDEN,Amphoraweg 1  2332 ED LEIDEN,071-5322405,//www.burgy.nl,https://www.bouwendnederland.nl/vereniging/lidbedrijf-zoeken?page=93
Bussola Groep B.V.,ZWANENBURG,Leeweg 2  1161 AB ZWANENBURG,Leeweg 2  1161 AB ZWANENBURG,075-6174051,//www.sturmzaandam.nl,https://www.bouwendnederland.nl/vereniging/lidbedrijf-zoeken?page=93
Buursema Bouwbedrijf B.V.,ERM,Oosterlangen 10  7843 PJ ERM,Oosterlangen 10  7843 PJ ERM,0591-361308,//www.buursemabouw.nl,https://www.bouwendnederland.nl/vereniging/lidbedrijf-zoeken?page=93
Buys Glas B.V.,STRAMPROY,Amentstraat 1 B 6039 RA STRAMPROY,Amentstraat 1 B 6039 RA STRAMPROY,0495-561682,//www.buysglas.nl,https://www.bouwendnederland.nl/vereniging/lidbedrijf-zoeken?page=93
Buytels Bouwbedrijf B.V.,EINDHOVEN,Parkforum 1025  5657 HJ EINDHOVEN,Parkforum 1025  5657 HJ EINDHOVEN,040-2444178,//www.buytels.nl,https://www.bouwendnederland.nl/vereniging/lidbedrijf-zoeken?page=93
Buzz Bouw,ARNHEM,P. Calandweg 9 a 6827 BJ ARNHEM,P. Calandweg 9 a 6827 BJ ARNHEM,026-2340224,//www.buzzbouw.nl,https://www.bouwendnederland.nl/vereniging/lidbedrijf-zoeken?page=94
BV Aannemingsbedrijf BTZ,ALMERE,Vlotbrugweg 17  1332 AG ALMERE,Vlotbrugweg 17  1332 AG ALMERE,036-5318811,//www.btz.nl,https://www.bouwendnederland.nl/vereniging/lidbedrijf-zoeken?page=94
BV Bouwbedrijf C. Peerdeman en Zonen,ZWAAG,De Corantijn 99  1689 AN ZWAAG,De Corantijn 99  1689 AN ZWAAG,0229-261597,//www.peerdemanbv.nl,https://www.bouwendnederland.nl/vereniging/lidbedrijf-zoeken?page=94
BV Bouwbedrijf Kooi Groningen,GRONINGEN,Wasaweg 18 B 9723 JD GRONINGEN,Wasaweg 18 B 9723 JD GRONINGEN,050-5714014,//www.bevingschadegroningen.nl,https://www.bouwendnederland.nl/vereniging/lidbedrijf-zoeken?page=94
BvG Arnhem,ARNHEM,P. Calandweg 26  6827 BK ARNHEM,P Calandweg 26  6827 BK ARNHEM,026-3684222,//www.bvgarnhem.nl,https://www.bouwendnederland.nl/vereniging/lidbedrijf-zoeken?page=94
BVR Bouw B.V.,ROOSENDAAL,Postbus 1355  4700 BJ ROOSENDAAL,Ettenseweg 48  4706 PB ROOSENDAAL,0165-631111,//www.bvrgroep.nl,https://www.bouwendnederland.nl/vereniging/lidbedrijf-zoeken?page=94
BVR Bouw Gorinchem B.V.,GORINCHEM,Postbus 190  4200 AD GORINCHEM,Avelingen-West 1  4202 MS GORINCHEM,0183-692555,//www.bvrgroep.nl,https://www.bouwendnederland.nl/vereniging/lidbedrijf-zoeken?page=94
BVR Groep B.V.,ROOSENDAAL,Postbus 1355  4700 BJ ROOSENDAAL,Ettenseweg 48  4706 PB ROOSENDAAL,0165-631111,//www.bvrgroep.nl,https://www.bouwendnederland.nl/vereniging/lidbedrijf-zoeken?page=94
BWG Onroerend Goed B.V,HARMELEN,Handelsweg 4  3481 MJ HARMELEN,Handelsweg 4  3481 MJ HARMELEN,,,https://www.bouwendnederland.nl/vereniging/lidbedrijf-zoeken?page=94
By Bouw B.V.,LIJNDEN,Tokyostraat 19 J 1175 RB LIJNDEN,Tokyostraat 19 J 1175 RB LIJNDEN,,,https://www.bouwendnederland.nl/vereniging/lidbedrijf-zoeken?page=94
byWorkx BV,AMSTERDAM,Arent Janszoon Ernststr 595 D 1082 LD AMSTERDAM,A.J. Ernststraat 595 D 1082 LD AMSTERDAM,020-3033008,//www.byworkx.nl,https://www.bouwendnederland.nl/vereniging/lidbedrijf-zoeken?page=94
C&E Beheer B.V.,DE MEERN,Strijkviertel 59  3454 PK DE MEERN,Strijkviertel 59  3454 PK DE MEERN,,,https://www.bouwendnederland.nl/vereniging/lidbedrijf-zoeken?page=94
C&K Bouw B.V.,RIJSWIJK ZH,Polakweg 11  2288 GG RIJSWIJK ZH,Polakweg 11  2288 GG RIJSWIJK ZH,070-4062203,//www.ck-bouw.nl,https://www.bouwendnederland.nl/vereniging/lidbedrijf-zoeken?page=94
C-infra B.V.,DONGEN,Industriestraat 9  5107 NC DONGEN,Industriestraat 9  5107 NC DONGEN,0162-371825,//www.c-infra.nl,https://www.bouwendnederland.nl/vereniging/lidbedrijf-zoeken?page=94
C. en M. Calis Holding B.V.,LAREN NH,Torenlaan 33  1251 HG LAREN NH,Torenlaan 33  1251 HG LAREN NH,,,https://www.bouwendnederland.nl/vereniging/lidbedrijf-zoeken?page=94
C. Lanser B.V.,LISSERBROEK,Hillegommerdijk 97  2165 AP LISSERBROEK,Hillegommerdijk 97  2165 AP LISSERBROEK,0252-413394,,https://www.bouwendnederland.nl/vereniging/lidbedrijf-zoeken?page=94
C. Mulckhuyse Bouw- en Aannemingsbedrijf B.V.,VINKEVEEN,Herenweg 200  3645 DV VINKEVEEN,Herenweg 200  3645 DV VINKEVEEN,0297-219500,//www.mulckhuyse.com,https://www.bouwendnederland.nl/vereniging/lidbedrijf-zoeken?page=94
C. Nelis bouw & ontwikkeling Heemskerk B.V.,HEEMSKERK,De Trompet 2850  1967 DD HEEMSKERK,De Trompet 2850  1967 DD HEEMSKERK,0251-248844,//www.nelis.nl,https://www.bouwendnederland.nl/vereniging/lidbedrijf-zoeken?page=94
C. van der Hauw Betonbouw B.V.,JOURE,Transportwei 18  8501 ZP JOURE,Transportwei 18  8501 ZP JOURE,0513-413230,,https://www.bouwendnederland.nl/vereniging/lidbedrijf-zoeken?page=94
C.L. de Boer & Zonen Aannemers B.V.,HAZERSWOUDE DORP,Dorpsstraat 241  2391 CD HAZERSWOUDE DORP,Dorpsstraat 241  2391 CD HAZERSWOUDE DORP,0172-589174,//www.cldeboer.nl,https://www.bouwendnederland.nl/vereniging/lidbedrijf-zoeken?page=94
C.P. Ravesteijn Beheer BV,IJSSELSTEIN UT,Panoven 3  3401 RA IJSSELSTEIN UT,Panoven 3  3401 RA IJSSELSTEIN UT,030-2679223,//www.ravesteijnijsselstein.nl,https://www.bouwendnederland.nl/vereniging/lidbedrijf-zoeken?page=95
C.S.V. Groep,HELMOND,Varenschut 3  5705 DK HELMOND,Varenschut 3  5705 DK HELMOND,0492-525890,//www.csvgroep.nl,https://www.bouwendnederland.nl/vereniging/lidbedrijf-zoeken?page=95
C.V. Aannemersbedrijf Meerbouw Oudega G.S.,OUDEGA GAAST SLEAT,Aldewei 5  8582 KX OUDEGA GAAST SLEAT,Aldewei 5  8582 KX OUDEGA GAAST SLEAT,0514-601622,//www.meerbouw.com,https://www.bouwendnederland.nl/vereniging/lidbedrijf-zoeken?page=95
Cable Infra B.V.,WATERINGEN,'s-Gravenzandseweg 20 k 2291 PE WATERINGEN,'s-Gravenzandseweg 20 k 2291 PE WATERINGEN,,,https://www.bouwendnederland.nl/vereniging/lidbedrijf-zoeken?page=95
Cachet Bouwbedrijf B.V.,MIDDENBEEMSTER,Bamestraweg 7  1462 VM MIDDENBEEMSTER,Bamestraweg 7  1462 VM MIDDENBEEMSTER,0299-683463,,https://www.bouwendnederland.nl/vereniging/lidbedrijf-zoeken?page=95
CAD-TECH Engineering Solutions B.V.,HOOGVLIET ROTTERDAM,Hofnar 28  3161 LE RHOON,Nieuwe Langeweg 157  3194 DC HOOGVLIET ROTTERDAM,,,https://www.bouwendnederland.nl/vereniging/lidbedrijf-zoeken?page=95
Cammeraat Bouw B.V.,WADDINXVEEN,Dorpstraat 76  A 2742 AK WADDINXVEEN,Dorpstraat 76  A 2742 AK WADDINXVEEN,0182-619051,//www.cammeraatbouwtechniek.nl,https://www.bouwendnederland.nl/vereniging/lidbedrijf-zoeken?page=95
Caris en Zn B.V.,NEDERWEERT,Pannenweg 148  6031 RK NEDERWEERT,Pannenweg 148  6031 RK NEDERWEERT,0495-631403,//www.carisrth.nl,https://www.bouwendnederland.nl/vereniging/lidbedrijf-zoeken?page=95
Carisia Beheer B.V.,WADDINXVEEN,Apollolaan 53  2741 TN WADDINXVEEN,Apollolaan 53  2741 TN WADDINXVEEN,018-2619944,,https://www.bouwendnederland.nl/vereniging/lidbedrijf-zoeken?page=95
Cas Pronk Renovatie en Onderhoud B.V.,HEEMSKERK,Lijnbaan 70  1969 NG HEEMSKERK,Lijnbaan 70  1969 NG HEEMSKERK,025-1241076,//www.caspronk.nl,https://www.bouwendnederland.nl/vereniging/lidbedrijf-zoeken?page=95
Casco Bouw Nederland B.V.,Staphorst,Hoefsmid 8  7951 ZC Staphorst,Hoefsmid 8  7951 ZC Staphorst,038-4774790,//www.cascobouwnederland.nl,https://www.bouwendnederland.nl/vereniging/lidbedrijf-zoeken?page=95
Casco Montage V.O.F.,WINKEL,Postbus 10  1730 AA WINKEL,Scheidersweg 6  1731 LX WINKEL,0224-541844,//www.cascomontage.nl,https://www.bouwendnederland.nl/vereniging/lidbedrijf-zoeken?page=95
Caspar de Haan Beheer B.V.,EINDHOVEN,Postbus 1  5600 AA EINDHOVEN,Hastelweg 218  5652 CL EINDHOVEN,040-2501999,//www.caspardehaan.nl,https://www.bouwendnederland.nl/vereniging/lidbedrijf-zoeken?page=95
Caspar de Haan Bouwservice B.V.,EINDHOVEN,Postbus 1  5600 AE EINDHOVEN,Hastelweg 218  5652 CL EINDHOVEN,088-2053900,//www.caspardehaan.nl,https://www.bouwendnederland.nl/vereniging/lidbedrijf-zoeken?page=95
Caspar de Haan BV,EINDHOVEN,Postbus 1  5600 AA EINDHOVEN,Hastelweg 218  5652 CL EINDHOVEN,040-2501999,//www.caspardehaan.nl,https://www.bouwendnederland.nl/vereniging/lidbedrijf-zoeken?page=95
Celo Bouw B.V.,BAARN,Oud-Eemnesserweg 5 M 3741 MP BAARN,Oud-Eemnesserweg 5 M 3741 MP BAARN,035-5423193,//www.celobaarn.nl,https://www.bouwendnederland.nl/vereniging/lidbedrijf-zoeken?page=95
Chr. van Arnhem & Zn. B.V.,CULEMBORG,Ant van Diemenstraat 36  4104 AE CULEMBORG,Ant van Diemenstraat 36  4104 AE CULEMBORG,0345-514341,//www.vanarnhem-bouwgroep.nl,https://www.bouwendnederland.nl/vereniging/lidbedrijf-zoeken?page=95
Chrimas Holding B.V.,DEVENTER,Berkenlaan 31  7255 XD HENGELO GLD,Herfordstraat 14  7418 EX DEVENTER,0570-635104,//www.temmink.nl,https://www.bouwendnederland.nl/vereniging/lidbedrijf-zoeken?page=95
Christiaans Bouwbedrijf,ZUTPHEN,Weg naar Voorst 184  7205 CW ZUTPHEN,Weg naar Voorst 184  7205 CW ZUTPHEN,0575-513866,//www.christiaans.nl,https://www.bouwendnederland.nl/vereniging/lidbedrijf-zoeken?page=95
CimenBouw,ZAANDAM,Heijermansstraat 30  1502 DN ZAANDAM,Heijermansstraat 30  1502 DN ZAANDAM,,,https://www.bouwendnederland.nl/vereniging/lidbedrijf-zoeken?page=95
Civiele Technieken De Boer B.V.,NIEUWEGEIN,Ravelijndok 1  3439 JH NIEUWEGEIN,Ravelijndok 1  3439 JH NIEUWEGEIN,030-6009151,//www.ctdeboer.nl,https://www.bouwendnederland.nl/vereniging/lidbedrijf-zoeken?page=96
CivielTech B.V.,BUNSCHOTEN-SPAKENBURG,Dieselweg 38  3752 LB BUNSCHOTEN-SPAKENBURG,Dieselweg 38  3752 LB BUNSCHOTEN-SPAKENBURG,033-2850091,//www.civieltech.nl,https://www.bouwendnederland.nl/vereniging/lidbedrijf-zoeken?page=96
Civilion Academy B.V.,'S-HERTOGENBOSCH,Amerikastraat 7 -11 5232 BE 'S-HERTOGENBOSCH,Amerikastraat 7 -11 5232 BE 'S-HERTOGENBOSCH,085-2738315,//www.civilion.nl,https://www.bouwendnederland.nl/vereniging/lidbedrijf-zoeken?page=96
Claassen Bouw en Vastgoed BV,BAKEL,Hollevoort 11  5761 PC BAKEL,Hollevoort 11  5761 PC BAKEL,0492-342075,//www.claassen-bouw.nl,https://www.bouwendnederland.nl/vereniging/lidbedrijf-zoeken?page=96
Claassenbouw,BEERS NB,Hoenderstraat 8  5437 AC BEERS NB,Hoenderstraat 8  5437 AC BEERS NB,0485-320790,//www.claassenbouw.nl,https://www.bouwendnederland.nl/vereniging/lidbedrijf-zoeken?page=96
Claus Aannemingsmaatschappij B.V.,DOESBURG,Didamseweg 6  6983 BB DOESBURG,Didamseweg 6  6983 BB DOESBURG,0313-472475,//www.clausdoesburg.nl,https://www.bouwendnederland.nl/vereniging/lidbedrijf-zoeken?page=96
Climate Construction,AMSTERDAM,Distelweg 80 b 1031 HH AMSTERDAM,Distelweg 80 B 1031 HH AMSTERDAM,020-6323691,//www.vdleij.nl,https://www.bouwendnederland.nl/vereniging/lidbedrijf-zoeken?page=96
Cloin Totaalbouw B.V.,DONGEN,Onkelsticht 12  5102 HG DONGEN,Eindsestraat 24  5105 AC DONGEN,0162-220567,//www.clointotaalbouw.nl,https://www.bouwendnederland.nl/vereniging/lidbedrijf-zoeken?page=96
CMD Bouw & Onderhoud B.V.,Naarden,Amsterdamsestraatweg  31 D 1411 AW NAARDEN,Amsterdamsestraatweg  31 D 1411 AW Naarden,41991084-Chris Duterloo,//www.cmdbouw.nl,https://www.bouwendnederland.nl/vereniging/lidbedrijf-zoeken?page=96
CMK Bouw,ZAANDAM,Merijntje Gijzenstraat 32  1507 RC ZAANDAM,Tienlingstraat 18  1507 DD ZAANDAM,,,https://www.bouwendnederland.nl/vereniging/lidbedrijf-zoeken?page=96
CML Bouw & Ontwikkeling B.V.,HARDINXVELD-GIESSENDAM,Griendaak 10  3371 KH HARDINXVELD-GIESSENDAM,Griendaak 10  3371 KH HARDINXVELD-GIESSENDAM,0184-230027,//www.cmlbouwenontwikkeling.nl,https://www.bouwendnederland.nl/vereniging/lidbedrijf-zoeken?page=96
Cnossen Infra B.V.,SNEEK,Postbus 152  8600 AD SNEEK,Smidsstraat 5 a 8601 WB SNEEK,0515-430400,//www.cnosseninfra.nl,https://www.bouwendnederland.nl/vereniging/lidbedrijf-zoeken?page=96
CNSTRCT B.V.,'S-HERTOGENBOSCH,Postbus 2407  5202 CK 'S-HERTOGENBOSCH,Ruwekampweg 11  5222 AT 'S-HERTOGENBOSCH,0184-602400,//www.cnstrct.nl,https://www.bouwendnederland.nl/vereniging/lidbedrijf-zoeken?page=96
Coen Hagedoorn Amersfoort B.V.,AMERSFOORT,Beeldschermweg 7  3821 AH AMERSFOORT,Beeldschermweg 7  3821 AH AMERSFOORT,033-4508050,//www.coenhagedoorn.nl,https://www.bouwendnederland.nl/vereniging/lidbedrijf-zoeken?page=96
Coen Hagedoorn Bouw,HEEMSKERK,De Trompet 6  1967 DA HEEMSKERK,De Trompet 6  1967 DA HEEMSKERK,088-8808000,//https://www.coenhagedoorn.nl/,https://www.bouwendnederland.nl/vereniging/lidbedrijf-zoeken?page=96
Coen Hagedoorn Bouw B.V.,AMERSFOORT,Terminalweg 20  3821 AJ AMERSFOORT,Terminalweg 20  3821 AJ AMERSFOORT,035-5287800,//www.coenhagedoornbouw.nl,https://www.bouwendnederland.nl/vereniging/lidbedrijf-zoeken?page=96
Coen Hagedoorn Bouwgroep B.V.,AMERSFOORT,Terminalweg 20  3821 AJ AMERSFOORT,Terminalweg 20  3821 AJ AMERSFOORT,035-5287800,//www.coenhagedoornbouw.nl,https://www.bouwendnederland.nl/vereniging/lidbedrijf-zoeken?page=96
Coen Hagedoorn Brabocon B.V.,TILBURG,Jules Verneweg 84  5015 BM TILBURG,Jules Verneweg 84  5015 BM TILBURG,013-3333300,//www.coenhagedoorn.nl,https://www.bouwendnederland.nl/vereniging/lidbedrijf-zoeken?page=96
Coen Hagedoorn Eindhoven B.V.,EINDHOVEN,,Dillenburgstraat 45  5652 AM EINDHOVEN,088-0301420,,https://www.bouwendnederland.nl/vereniging/lidbedrijf-zoeken?page=96
Coen Hagedoorn Leiden B.V.,LEIDERDORP,Touwbaan 12  2352 CZ LEIDERDORP,Touwbaan 12  2352 CZ LEIDERDORP,071-5899303,,https://www.bouwendnederland.nl/vereniging/lidbedrijf-zoeken?page=96
Coen Hagedoorn Limburg B.V.,MAASTRICHT,Balijeweg 11  6222 BD MAASTRICHT,Balijeweg 11  6222 BD MAASTRICHT,,,https://www.bouwendnederland.nl/vereniging/lidbedrijf-zoeken?page=97
Coen Hagedoorn Onderhoud B.V.,HUIZEN,Ambachtsweg 42  1271 AM HUIZEN,Ambachtsweg 42  1271 AM HUIZEN,035-5287800,//www.coenhagedoornbouw.nl,https://www.bouwendnederland.nl/vereniging/lidbedrijf-zoeken?page=97
Coen Hagedoorn Roosendaal B.V.,ROOSENDAAL,Belder 28  4704 RK ROOSENDAAL,Belder 28  4704 RK ROOSENDAAL,0355-287800,,https://www.bouwendnederland.nl/vereniging/lidbedrijf-zoeken?page=97
Coen Hagedoorn Rotterdam B.V.,ROTTERDAM,Swaneblakestraat 1  3044 EM ROTTERDAM,Swaneblakestraat 1  3044 EM ROTTERDAM,010-2098530,//www.coenhagedoorn.nl,https://www.bouwendnederland.nl/vereniging/lidbedrijf-zoeken?page=97
Coen Hagedoorn Utrecht B.V.,UTRECHT,Techniekweg 42  3542 DT UTRECHT,Techniekweg 42  3542 DT UTRECHT,030-2412912,//www.jurriens.nl,https://www.bouwendnederland.nl/vereniging/lidbedrijf-zoeken?page=97
Coen Hagedoorn Utrecht B.V.,UTRECHT,Tennesseedreef 5  3565 CK UTRECHT,Tennesseedreef 5  3565 CK UTRECHT,030-2361540,//www.coenhagedoorn.nl,https://www.bouwendnederland.nl/vereniging/lidbedrijf-zoeken?page=97
Coen Schiereck Bouwkundige Werkzaamheden en -Adviezen,ZEVENHUIZEN ZH,Dorpsstraat 12  2761 AE ZEVENHUIZEN ZH,Dorpsstraat 12  2761 AE ZEVENHUIZEN ZH,0180-632581,//http://www.coen-schiereck.nl/,https://www.bouwendnederland.nl/vereniging/lidbedrijf-zoeken?page=97
Combiforte B.V.,SWIFTERBANT,Lavendelstrook 6  8255 JE SWIFTERBANT,Lavendelstrook 6  8255 JE SWIFTERBANT,0321-339822,//www.combiforte.nl,https://www.bouwendnederland.nl/vereniging/lidbedrijf-zoeken?page=97
Combiglas Glas B.V.,GEESTEREN OV,'n Mos 10  7678 WC GEESTEREN OV,'n Mos 10  7678 WC GEESTEREN OV,0546-632012,//www.combiglas.com,https://www.bouwendnederland.nl/vereniging/lidbedrijf-zoeken?page=97
Combivo Vastgoedonderhoud,ROTTERDAM,Zuringstraat 15  3053 JT ROTTERDAM,Zuringstraat 15  3053 JT ROTTERDAM,010-8483552,//www.combivo.nl,https://www.bouwendnederland.nl/vereniging/lidbedrijf-zoeken?page=97
Comfort Company B.V.,ULFT,Postbus 120  7070 AC ULFT,de Hogenkamp 22  7071 EC ULFT,0315-270665,//www.comfort.company.nl,https://www.bouwendnederland.nl/vereniging/lidbedrijf-zoeken?page=97
Commandeur Bouwprojecten B.V.,HEILOO,De Droogmakerij 42 e 1851 LX HEILOO,De Droogmakerij 42 e 1851 LX HEILOO,065-3822401,,https://www.bouwendnederland.nl/vereniging/lidbedrijf-zoeken?page=97
Compeer Holding B.V.,HALFWEG NH,Machineweg 13  1165 NB HALFWEG NH,Machineweg 13  1165 NB HALFWEG NH,,,https://www.bouwendnederland.nl/vereniging/lidbedrijf-zoeken?page=97
Compeer Infra,HALFWEG NH,Machineweg 13  1165 NB HALFWEG NH,Machineweg 13  1165 NB HALFWEG NH,023-5393806,//www.compeer-bv.nl,https://www.bouwendnederland.nl/vereniging/lidbedrijf-zoeken?page=97
Condubouw,HONSELERSDIJK,Grote Waard 50  2675 BX HONSELERSDIJK,Grote Waard 50  2675 BX HONSELERSDIJK,0174-220496,//www.condubouw.nl,https://www.bouwendnederland.nl/vereniging/lidbedrijf-zoeken?page=97
Conetra B.V.,VELDDRIEL,Postbus 18  5330 AA KERKDRIEL,Oude Weistraat 17  5334 LK VELDDRIEL,0418-636060,"//www,vandenbiggelaar.nl",https://www.bouwendnederland.nl/vereniging/lidbedrijf-zoeken?page=97
Connex Opleidingen & Advies B.V.,HELLEVOETSLUIS,Postbus 81  2840 AB MOORDRECHT,Meeuwenlaan 6  3222 BG HELLEVOETSLUIS,0181-849446,//www.connex-bedrijfsopleidingen.nl,https://www.bouwendnederland.nl/vereniging/lidbedrijf-zoeken?page=97
Construct-ID B.V.,BUINEN,Spoorstraat 4  9528 PN BUINEN,Spoorstraat 4  9528 PN BUINEN,0651-101085,//www.construct-ID.nl,https://www.bouwendnederland.nl/vereniging/lidbedrijf-zoeken?page=97
Constructabouw BV,HEERENVEEN,Businesspark Friesland-W 25 Constructabouw BV 8447 SL HEERENVEEN,Businesspark Friesland-West 25 Constructabouw BV 8447 SL HEERENVEEN,0513-640222,//www.constructabouw.nl,https://www.bouwendnederland.nl/vereniging/lidbedrijf-zoeken?page=97
CONSTRUCTIF BV,DORDRECHT,Jacobus Lipsweg 80  3316 BP DORDRECHT,Merwedestraat 86  3313 CS DORDRECHT,088-6162500,//www.constructif.nl,https://www.bouwendnederland.nl/vereniging/lidbedrijf-zoeken?page=97
Constructif Group B.V.,DORDRECHT,Merwedestraat 86  3313 CS DORDRECHT,Merwedestraat 86  3313 CS DORDRECHT,,,https://www.bouwendnederland.nl/vereniging/lidbedrijf-zoeken?page=98
"Constructif, vestiging Amsterdam",WORMERVEER,Nijverheidsstraat 31  1521 NG WORMERVEER,Nijverheidsstraat 31  1521 NG WORMERVEER,088-6162500,,https://www.bouwendnederland.nl/vereniging/lidbedrijf-zoeken?page=98
"Constructif, vestiging Den Bosch",DRUNEN,Christiaan Huygensweg 3 e 5151 DM DRUNEN,Christiaan Huygensweg 3 e 5151 DM DRUNEN,0416-372208,//https://constructif.nl/,https://www.bouwendnederland.nl/vereniging/lidbedrijf-zoeken?page=98
"Constructif, vestiging Rotterdam",ROTTERDAM,Weena 340  3012 NJ ROTTERDAM,Weena 340  3012 NJ ROTTERDAM,088-6162500,,https://www.bouwendnederland.nl/vereniging/lidbedrijf-zoeken?page=98
"Constructif, vestiging Zoetermeer",ZOETERMEER,Blauw-roodlaan 272 -276 2718 SK ZOETERMEER,Blauw-roodlaan 272 -276 2718 SK ZOETERMEER,078-6514949,//https://constructif.nl/,https://www.bouwendnederland.nl/vereniging/lidbedrijf-zoeken?page=98
"Coöperatieve vereniging ""bouwcombinatie de Delle"" ua",MIDDELSTUM,Berkenlaan 2  9991 EG MIDDELSTUM,Berkenlaan 2  9991 EG MIDDELSTUM,0595-551555,//www.vandijkenbouw.nl,https://www.bouwendnederland.nl/vereniging/lidbedrijf-zoeken?page=98
Coppoolse Totaalbouw,VOORTHUIZEN,Verbindingsweg 25  3781 LR VOORTHUIZEN,Verbindingsweg 25  3781 LR VOORTHUIZEN,,,https://www.bouwendnederland.nl/vereniging/lidbedrijf-zoeken?page=98
Cordeel Geelen B.V.,NEER,Engelmanstraat 49  6086 BB NEER,Engelmanstraat 49  6086 BB NEER,0475-591848,//www.geelen.nl,https://www.bouwendnederland.nl/vereniging/lidbedrijf-zoeken?page=98
Cordeel Nederland B.V.,ZWIJNDRECHT,Postbus 55  3330 AB ZWIJNDRECHT,Lindtsedijk 22  3336 LE ZWIJNDRECHT,078-6255100,//www.cordeel.eu,https://www.bouwendnederland.nl/vereniging/lidbedrijf-zoeken?page=98
"Cordeel, vestiging Vlissingen-Oost",RITTHEM,Andorraweg 1  4389 PG RITTHEM,Andorraweg 1  4389 PG RITTHEM,0118-463492,,https://www.bouwendnederland.nl/vereniging/lidbedrijf-zoeken?page=98
Cornelissen aannemingsbedrijf B.V.,ZEELAND,Boekelsedijk 22 a 5411 NX ZEELAND,Boekelsedijk 22 a 5411 NX ZEELAND,0486-451608,//www.cornelissenbouw.nl,https://www.bouwendnederland.nl/vereniging/lidbedrijf-zoeken?page=98
Correct Bouw B.V.,ROERMOND,Middenhoven 18  6042 NX ROERMOND,Middenhoven 18  6042 NX ROERMOND,0475-331197,//www.correctbouwenafbouw.nl,https://www.bouwendnederland.nl/vereniging/lidbedrijf-zoeken?page=98
Correct Holding B.V.,ROERMOND,Oosthoven 3  6042 PA ROERMOND,Oosthoven 3  6042 PA ROERMOND,0475-331197,//www.correctbouwenafbouw.nl,https://www.bouwendnederland.nl/vereniging/lidbedrijf-zoeken?page=98
Correct Kozijnen,ROERMOND,Oosthoven 3  6042 PA ROERMOND,Oosthoven 3  6042 PA ROERMOND,0475-331197,//www.correctkozijnen.com,https://www.bouwendnederland.nl/vereniging/lidbedrijf-zoeken?page=98
Correct Stucadoorsbedrijf B.V.,ROERMOND,Oosthoven 3  6042 PA ROERMOND,Oosthoven 3  6042 PA ROERMOND,0475-331197,,https://www.bouwendnederland.nl/vereniging/lidbedrijf-zoeken?page=98
Corsten Bouwprojecten B.V.,'S-HERTOGENBOSCH,Titaniumlaan 78  5221 CK 'S-HERTOGENBOSCH,Titaniumlaan 78  5221 CK 'S-HERTOGENBOSCH,,,https://www.bouwendnederland.nl/vereniging/lidbedrijf-zoeken?page=98
Craftr Projects B.V.,IJMUIDEN,Snelliusstraat 8  1973 PC IJMUIDEN,Snelliusstraat 8  1973 PC IJMUIDEN,,,https://www.bouwendnederland.nl/vereniging/lidbedrijf-zoeken?page=98
Creating the Future Together B.V.,LIJNDEN,Frankfurtstraat 28  1175 RH LIJNDEN,Frankfurtstraat 28  1175 RH LIJNDEN,202-2445707,//www.crefu.nl,https://www.bouwendnederland.nl/vereniging/lidbedrijf-zoeken?page=98
Creëer,Groenlo,Nijverheidsweg 17 B 6662 NG ELST GLD,Oude Aaltensweg 18  7141LB Groenlo,,,https://www.bouwendnederland.nl/vereniging/lidbedrijf-zoeken?page=98
"CT Sloop, grond- en straatwerken B.V.",Mijdrecht,Burgemeester Padmosweg 88 A 3648 BJ WILNIS,Nijverheidsweg  17 R 3641 RP Mijdrecht,0297-745546,//www.ct-sloopwerken.nl,https://www.bouwendnederland.nl/vereniging/lidbedrijf-zoeken?page=98
Cuppens + Zn. Installaties B.V.,NIJMEGEN,Lagelandseweg 46  6545 CE NIJMEGEN,Lagelandseweg 46  6545 CE NIJMEGEN,,,https://www.bouwendnederland.nl/vereniging/lidbedrijf-zoeken?page=99
Cuppens en Zn. Aannemers B.V.,NIJMEGEN,Lagelandseweg 46  6545 CE NIJMEGEN,Lagelandseweg 46  6545 CE NIJMEGEN,024-3778856,//www.cuppens.nl,https://www.bouwendnederland.nl/vereniging/lidbedrijf-zoeken?page=99
Cuppens Timmerfabriek en Interieurbouw B.V.,NIJMEGEN,Lagelandseweg 46  6545 CE NIJMEGEN,Lagelandseweg 46  6545 CE NIJMEGEN,,,https://www.bouwendnederland.nl/vereniging/lidbedrijf-zoeken?page=99
CURA Glass Assen,ASSEN,Amerikaweg 4  9407 TJ ASSEN,Amerikaweg 4  9407 TJ ASSEN,0592-343341,//http://www.cura-glass.nl,https://www.bouwendnederland.nl/vereniging/lidbedrijf-zoeken?page=99
CURA Glass Lopik,LOPIK,2e Industrieweg 6  3411 ME LOPIK,2e Industrieweg 6  3411 ME LOPIK,0348-484300,//http://www.cura-glass.nl,https://www.bouwendnederland.nl/vereniging/lidbedrijf-zoeken?page=99
CVK Bouw B.V.,SIEBENGEWALD,Augustinusweg 14  5853 ED SIEBENGEWALD,Augustinusweg 14  5853 ED SIEBENGEWALD,0485-441213,//www.cvkbouw.nl,https://www.bouwendnederland.nl/vereniging/lidbedrijf-zoeken?page=99
CyBe construction B.V.,OSS,Wethouder van Eschstraat 2  5342 AT OSS,Wethouder van Eschstraat 2  5342 AT OSS,0412-676030,//CyBe.eu,https://www.bouwendnederland.nl/vereniging/lidbedrijf-zoeken?page=99
D&O Bouwglas B.V.,FRANEKER,De Vang 3  8801 RB FRANEKER,De Vang 3  8801 RB FRANEKER,0517-392532,//www.zichtbaargoed.nl,https://www.bouwendnederland.nl/vereniging/lidbedrijf-zoeken?page=99
D. Dammers B.V.,ROTTERDAM,Wisselwachter 1  3034 KJ ROTTERDAM,Wisselwachter 1  3034 KJ ROTTERDAM,0180-638800,//www.ddammersbv.nl,https://www.bouwendnederland.nl/vereniging/lidbedrijf-zoeken?page=99
D. de Rooij Bouwbedrijf B.V.,KAATSHEUVEL,Zuidhollandsedijk 207  5171 TM KAATSHEUVEL,Zuidhollandsedijk 207  5171 TM KAATSHEUVEL,0416-274024,//www.derooijbouwbedrijf.nl,https://www.bouwendnederland.nl/vereniging/lidbedrijf-zoeken?page=99
D. Kemp Bouw B.V.,HOUTEN,Wethouder van Rooijenweg 19  3991 DP HOUTEN,Wethouder van Rooijenweg 19  3991 DP HOUTEN,,,https://www.bouwendnederland.nl/vereniging/lidbedrijf-zoeken?page=99
D. Kroese B.V.,VINKEVEEN,Postbus 136  3645 ZL VINKEVEEN,Demmerik 96  3645 EE VINKEVEEN,0297-262676,//www.kroesebv.nl,https://www.bouwendnederland.nl/vereniging/lidbedrijf-zoeken?page=99
D. van 't Hull & Zoon B.V.,WATERGANG,De Dollard 2  1454 AV WATERGANG,De Dollard 2  1454 AV WATERGANG,020-6651927,//www.hull.nl,https://www.bouwendnederland.nl/vereniging/lidbedrijf-zoeken?page=99
D. van Geemen en zn bv,PURMER,Oosterweg M 20  1482 AJ PURMER,Oosterweg M 20  1482 AJ PURMER,0299-640625,//www.vangeemen.nl,https://www.bouwendnederland.nl/vereniging/lidbedrijf-zoeken?page=99
D.C. van den Boogaard B.V.,'S-GRAVENHAGE,Willem Dreespark 322  2531 SX 'S-GRAVENHAGE,Willem Dreespark 322  2531 SX 'S-GRAVENHAGE,070-3800700,//www.dcvandenboogaardbv.nl,https://www.bouwendnederland.nl/vereniging/lidbedrijf-zoeken?page=99
D.P.D./Doornbos-Amsterdam B.V.,AMSTERDAM,Gyroscoopweg 1  1042 AB AMSTERDAM,Gyroscoopweg 1  1042 AB AMSTERDAM,020-5061800,//www.stielgroep.nl,https://www.bouwendnederland.nl/vereniging/lidbedrijf-zoeken?page=99
Daad Bouw B.V.,VOORSCHOTEN,Leidseweg 147  2253 AB VOORSCHOTEN,Leidseweg 147  2253 AB VOORSCHOTEN,071-3016039,//www.daadbouw.nl,https://www.bouwendnederland.nl/vereniging/lidbedrijf-zoeken?page=99
Daan Ooms ecobouw,ENSCHEDE,Mozartlaan 115  7522 HL ENSCHEDE,Getfertsingel 45  7513 GA ENSCHEDE,,,https://www.bouwendnederland.nl/vereniging/lidbedrijf-zoeken?page=99
Dagbouw,ARNHEM,Ravensteinpad 11  6844 HT ARNHEM,Ravensteinpad 11  6844 HT ARNHEM,06-34248372,//www.dagbouw.nl,https://www.bouwendnederland.nl/vereniging/lidbedrijf-zoeken?page=99
Dakdekkersbedrijf Van den Hurk- Doeze Heeze B.V.,HEEZE,de Geestakkers 14  5591 RC HEEZE,De Geestakkers 14   5591 RC HEEZE,040-2264119,//www.hurkdoeze.nl,https://www.bouwendnederland.nl/vereniging/lidbedrijf-zoeken?page=99
Das'Aluminium B.V.,SUSTEREN,Rafaelweg 17  6114 BX SUSTEREN,Rafaelweg 17  6114 BX SUSTEREN,,,https://www.bouwendnederland.nl/vereniging/lidbedrijf-zoeken?page=100
Dassen Belijning B.V.,MAASTRICHT,Rekoutweg 12 A 6229 RB MAASTRICHT,Rekoutweg 12 A 6229 RB MAASTRICHT,043-3030060,//www.dassenbelijning.nl,https://www.bouwendnederland.nl/vereniging/lidbedrijf-zoeken?page=100
Dassen Bouw B.V.,SUSTEREN,Rafaelweg 19  6114 BX SUSTEREN,Rafaelweg 19  6114 BX SUSTEREN,046-4491122,,https://www.bouwendnederland.nl/vereniging/lidbedrijf-zoeken?page=100
Dave Pastoor Bouwbedrijf,OOSTEREND NH,Mulderstraat 1  1794 AA OOSTEREND NH,Mulderstraat 1  1794 AA OOSTEREND NH,06-20114200,//Dave Pastoor Bouwbedrijf,https://www.bouwendnederland.nl/vereniging/lidbedrijf-zoeken?page=100
Dawa Beheer B.V.,SUSTEREN,Rafaelweg 17  6114 BX SUSTEREN,Rafaelweg 17  6114 BX SUSTEREN,046-4491122,,https://www.bouwendnederland.nl/vereniging/lidbedrijf-zoeken?page=100
DBMC NL B.V.,'S-HERTOGENBOSCH,Pettelaarpark 30  5216 PD 'S-HERTOGENBOSCH,Pettelaarpark 30  5216 PD 'S-HERTOGENBOSCH,076-7676334,//www.dbmcnl.com,https://www.bouwendnederland.nl/vereniging/lidbedrijf-zoeken?page=100
Dbps B.V.,KESSEL LB,Karreweg-Noord 22  5995 ME KESSEL LB,Karreweg-Noord 22  5995 ME KESSEL LB,077-4621734,//www.driessenbouwbedrijf.nl,https://www.bouwendnederland.nl/vereniging/lidbedrijf-zoeken?page=100
De Asbestverwijderaar B.V.,ROTTERDAM,Cairostraat 63  3047 BB ROTTERDAM,Cairostraat 63  3047 BB ROTTERDAM,010-3163184,//www.deasbestverwijderaar.nl,https://www.bouwendnederland.nl/vereniging/lidbedrijf-zoeken?page=100
DE BEER Bouwbedrijf,TILBURG,Postbus 4033  5004 JA TILBURG,Ringbaan Noord 29  5046 AA TILBURG,013-5323760,//www.debeerbouw.nl,https://www.bouwendnederland.nl/vereniging/lidbedrijf-zoeken?page=100
De Betonhoeve Amsterdam B.V.,AMSTERDAM,Postbus 37087  1030 AB AMSTERDAM,Kropaarstraat 1 F 1032 LA AMSTERDAM,020-6369761,,https://www.bouwendnederland.nl/vereniging/lidbedrijf-zoeken?page=100
De Betonhoeve B.V.,AMSTERDAM,Postbus 37715  1030 BG AMSTERDAM,Kropaarstraat 1 H 1032 LA AMSTERDAM,020-6362028,,https://www.bouwendnederland.nl/vereniging/lidbedrijf-zoeken?page=100
De Bie Infra,VELSERBROEK,Wagenmakerstraat 25  1991 JB VELSERBROEK,Wagenmakerstraat 25  1991 JB VELSERBROEK,023-5388088,//www.debiebuitenwerk.nl,https://www.bouwendnederland.nl/vereniging/lidbedrijf-zoeken?page=100
De Boer & De Groot bv,HARLINGEN,Industrieweg 16  8861 VH HARLINGEN,Industrieweg 16  8861 VH HARLINGEN,0517-430542,//www.deboerendegroot.nl,https://www.bouwendnederland.nl/vereniging/lidbedrijf-zoeken?page=100
De Boer Ellérie Beheer B.V.,KANTENS,Bredeweg 2  9995 PT KANTENS,Bredeweg 2  9995 PT KANTENS,,,https://www.bouwendnederland.nl/vereniging/lidbedrijf-zoeken?page=100
De Boer Staalbouw B.V.,LEEK,Kalkoven 10  9351 NP LEEK,Kalkoven 10  9351 NP LEEK,0594-554080,//utibo.com,https://www.bouwendnederland.nl/vereniging/lidbedrijf-zoeken?page=100
De Bonth van Hulten bv,NIEUWKUIJK,Nieuwkuijksestraat 43 -45 5253 AD NIEUWKUIJK,Nieuwkuijksestraat 43 -45 5253 AD NIEUWKUIJK,073-5119022,//www.debonthvanhulten.nl,https://www.bouwendnederland.nl/vereniging/lidbedrijf-zoeken?page=100
De Boom Bouw B.V.,KRIMPEN AAN DEN IJSSEL,Postbus 711  2920 CA KRIMPEN AAN DEN IJSSEL,Van der Hoopstraat 18  2921 LR KRIMPEN AAN DEN IJSSEL,0180-330000,//www.deboom-bouw.nl,https://www.bouwendnederland.nl/vereniging/lidbedrijf-zoeken?page=100
De Bouw Club B.V.,LOOSDRECHT,Rading 22  1231 KA LOOSDRECHT,Rading 22  1231 KA LOOSDRECHT,,,https://www.bouwendnederland.nl/vereniging/lidbedrijf-zoeken?page=100
De Bouwerij,HAARLEM,Van Kinsbergenstraat 64  2014 DJ HAARLEM,Van Kinsbergenstraat 64  2014 DJ HAARLEM,,,https://www.bouwendnederland.nl/vereniging/lidbedrijf-zoeken?page=100
De Bovenste Laag B.V.,AMSTERDAM,Veemarkt 130  1019 DE AMSTERDAM,Veemarkt 130  1019 DE AMSTERDAM,020-8209096,//https://debovenstelaag.nl/,https://www.bouwendnederland.nl/vereniging/lidbedrijf-zoeken?page=100
De Branding Holding B.V.,IJMUIDEN,Amperestraat 23  1976 BG IJMUIDEN,Amperestraat 23  1976 BG IJMUIDEN,0255-510943,//www.debranding.nl,https://www.bouwendnederland.nl/vereniging/lidbedrijf-zoeken?page=101
De Brielse Glashandel B.V.,VIERPOLDERS,Seggeweg 79  3237 MK VIERPOLDERS,Seggeweg 79  3237 MK VIERPOLDERS,0181-414182,//www.brielseglashandel.nl,https://www.bouwendnederland.nl/vereniging/lidbedrijf-zoeken?page=101
De Bruyn en Nelisse bv,BERKEL EN RODENRIJS,Sportlaan 1  2651 BZ BERKEL EN RODENRIJS,Sportlaan 1  2651 BZ BERKEL EN RODENRIJS,010-5113142,//http://debruynennelisse.nl/,https://www.bouwendnederland.nl/vereniging/lidbedrijf-zoeken?page=101
De Bruyne Bouw B.V.,HEERHUGOWAARD,Flemingstraat 36  1704 SL HEERHUGOWAARD,Flemingstraat 36  1704 SL HEERHUGOWAARD,072-5722182,//www.debruynebouw.nl,https://www.bouwendnederland.nl/vereniging/lidbedrijf-zoeken?page=101
De Bunt Beheer B.V.,SOEST,Oostergracht 32  3763 LZ SOEST,Oostergracht 32  3763 LZ SOEST,,,https://www.bouwendnederland.nl/vereniging/lidbedrijf-zoeken?page=101
De Elementen B.V.,AMSTERDAM,Veemarkt 132  1019 DE AMSTERDAM,Veemarkt 132  1019 DE AMSTERDAM,020-8204242,//https://deelementen.nl/,https://www.bouwendnederland.nl/vereniging/lidbedrijf-zoeken?page=101
De Geus Bouw,BROEK OP LANGEDIJK,Postbus 210  1723 ZL NOORD-SCHARWOUDE,Dijk 30  1721 AE BROEK OP LANGEDIJK,0226-316244,//www.geusbouw.nl,https://www.bouwendnederland.nl/vereniging/lidbedrijf-zoeken?page=101
De Gilde Groep,MEPPEL,Blankenstein 136  7943 PE MEPPEL,Blankenstein 136  7943 PE MEPPEL,0522-235990,//www.degildegroep.nl,https://www.bouwendnederland.nl/vereniging/lidbedrijf-zoeken?page=101
De Gilden Bouw en Onderhoud B.V.,KAMPEN,Kraanvogelweg 2  8263 AA KAMPEN,Kraanvogelweg 2  8263 AA KAMPEN,038-3330111,//www.degilden.nl,https://www.bouwendnederland.nl/vereniging/lidbedrijf-zoeken?page=101
De Glascentrale Tilburg B.V.,TILBURG,Centaurusweg 146 D 5015 TA TILBURG,Centaurusweg 146 D 5015 TA TILBURG,013-5442926,//www.deglascentrale.nl,https://www.bouwendnederland.nl/vereniging/lidbedrijf-zoeken?page=101
De Glaswacht B.V.,ZWAAG,De Corantijn 15 a 1689 AN ZWAAG,De Corantijn 15 a 1689 AN ZWAAG,0229-245402,//www.glaswacht.info,https://www.bouwendnederland.nl/vereniging/lidbedrijf-zoeken?page=101
De Glazen Swaan B.V.,HARMELEN,Industrieweg 10 G 3481 MD HARMELEN,Industrieweg 10 G 3481 MD HARMELEN,0348-443890,//www.deglazenswaan.nl,https://www.bouwendnederland.nl/vereniging/lidbedrijf-zoeken?page=101
De Groene Bouwer B.V.,ARNHEM,Beijerinckweg 22  6827 BN ARNHEM,Beijerinckweg 22  6827 BN ARNHEM,026-3641736,//www.degroenebouwer.nl,https://www.bouwendnederland.nl/vereniging/lidbedrijf-zoeken?page=101
De Grondhoeve B.V.,AMSTERDAM,Kropaarstraat 1 F 1032 LA AMSTERDAM,Kropaarstraat 1 F 1032 LA AMSTERDAM,020-6364141,//www.grondhoeve.nl,https://www.bouwendnederland.nl/vereniging/lidbedrijf-zoeken?page=101
De Groot Bouw- en Aannemingsbedrijf B.V.,OUDERKERK AAN DEN IJSSEL,Zijdepark 7  2935 LB OUDERKERK AAN DEN IJSSEL,Zijdepark 7  2935 LB OUDERKERK AAN DEN IJSSEL,0180-441220,//www.degroot-bouw.nl,https://www.bouwendnederland.nl/vereniging/lidbedrijf-zoeken?page=101
De Groot Vroomshoop Bouwsytemen B.V.,VROOMSHOOP,Zwolsekanaal 36  7681 ED VROOMSHOOP,Zwolsekanaal 36  7681 ED VROOMSHOOP,0546-666333,//www.degrootvroomshoop.nl,https://www.bouwendnederland.nl/vereniging/lidbedrijf-zoeken?page=101
De Groutmeesters B.V.,MAASBRACHT,Heerenweg 3  6051 KJ MAASBRACHT,Heerenweg 3  6051 KJ MAASBRACHT,0850-600080,//www.groutmeesters.nl,https://www.bouwendnederland.nl/vereniging/lidbedrijf-zoeken?page=101
De Haag b.v.,EPE,Brinkgreverweg 32  8161 NW EPE,Brinkgreverweg 32  8161 NW EPE,0578-615311,//www.vannorel.nl,https://www.bouwendnederland.nl/vereniging/lidbedrijf-zoeken?page=101
De Haan Bouwbedrijf B.V.,DUSSEN,De Sluis 6 C 4271 CZ DUSSEN,De Sluis 6 C 4271 CZ DUSSEN,0416-235080,//www.dehaanbouwbedrijf.nl,https://www.bouwendnederland.nl/vereniging/lidbedrijf-zoeken?page=101
De Heeren Bouwmeester B.V.,WOERDEN,Bierbrouwersweg  8  3449HW WOERDEN,Bierbrouwersweg  8  3449 HW WOERDEN,0348-498364,//www.deheerenbouwmeester.nl,https://www.bouwendnederland.nl/vereniging/lidbedrijf-zoeken?page=101
De Ingenieur B.V.,AMSTERDAM,Veemarkt 130  1019 DE AMSTERDAM,Veemarkt 130  1019 DE AMSTERDAM,020-8200424,//www.deingenieur.com,https://www.bouwendnederland.nl/vereniging/lidbedrijf-zoeken?page=102
De Jager Totaal b.v.,UTRECHT,Tennesseedreef 22  3565 CJ UTRECHT,Tennesseedreef 22  3565 CJ UTRECHT,030-2622529,//www.dejagertotaal.nl,https://www.bouwendnederland.nl/vereniging/lidbedrijf-zoeken?page=102
De Jong Holding Hoogwoud B.V.,OPMEER,De Veken 130  1716 KG OPMEER,De Veken 130  1716 KG OPMEER,0226-351629,//https://dejongceba.nl,https://www.bouwendnederland.nl/vereniging/lidbedrijf-zoeken?page=102
De Jonge Holding Huizen B.V,NAARDEN,Nikkelstraat 1 c 1411 AB NAARDEN,Nikkelstraat 1 c 1411 AB NAARDEN,035-5235216,//www.bouwbedrijfdejonge.nl,https://www.bouwendnederland.nl/vereniging/lidbedrijf-zoeken?page=102
De Jonge Project B.V.,NAARDEN,Nikkelstraat 1 c 1411 AB NAARDEN,Nikkelstraat 1 c 1411 AB NAARDEN,035-5235216,//www.bouwbedrijfdejonge.nl,https://www.bouwendnederland.nl/vereniging/lidbedrijf-zoeken?page=102
De Kok Bouw en Timmerwerken,BERGEN OP ZOOM,Bernadettestraat 8  4615 EV BERGEN OP ZOOM,Bernadettestraat 8  4615 EV BERGEN OP ZOOM,,,https://www.bouwendnederland.nl/vereniging/lidbedrijf-zoeken?page=102
De Kok Bouwgroep B.V.,BERGEN OP ZOOM,Westersingel 13  4611 HR BERGEN OP ZOOM,Westersingel 13  4611 HR BERGEN OP ZOOM,0164-281100,//www.dekokbouwgroep.nl,https://www.bouwendnederland.nl/vereniging/lidbedrijf-zoeken?page=102
De Kok Bouwgroep Bergen op Zoom,BERGEN OP ZOOM,Westersingel 13  4611 HR BERGEN OP ZOOM,Westersingel 13  4611 HR BERGEN OP ZOOM,0164-281100,//www.dekokbouwgroep.nl,https://www.bouwendnederland.nl/vereniging/lidbedrijf-zoeken?page=102
De Kok Bouwgroep Breda,BREDA,Urkstraat 10  4817 AR BREDA,Urkstraat 10  4817 AR BREDA,076-5797470,//www.dekokbouwgroep.nl,https://www.bouwendnederland.nl/vereniging/lidbedrijf-zoeken?page=102
De Krom Bestratingen B.V.,ETTEN-LEUR,Nieuwe Donk 1  A 4879 AC ETTEN-LEUR,Nieuwe Donk 1 a 4879 AC ETTEN-LEUR,076-5016226,//www.dekrom.nl,https://www.bouwendnederland.nl/vereniging/lidbedrijf-zoeken?page=102
De Krom Groep B.V.,ETTEN-LEUR,Nieuwe Donk 1 A 4879 AC ETTEN-LEUR,Nieuwe Donk 1 A 4879 AC ETTEN-LEUR,,,https://www.bouwendnederland.nl/vereniging/lidbedrijf-zoeken?page=102
De Lange Grondverzet,BALKBRUG,De Maat 26 a 7707 RM BALKBRUG,De Maat 26 a 7707 RM BALKBRUG,0651-011363,//www.delangegrondverzet.nl,https://www.bouwendnederland.nl/vereniging/lidbedrijf-zoeken?page=102
De Leeuw Bouw & Ontwikkeling B.V.,ROSSUM GLD,Weteringshoek 31  5328 BM ROSSUM GLD,Weteringshoek 31  5328 BM ROSSUM GLD,0418-700502,//www.deleeuwbo.nl,https://www.bouwendnederland.nl/vereniging/lidbedrijf-zoeken?page=102
De Leeuw Groep B.V.,OOSTERHOUT NB,Beurtvaartweg 8  4906 CN OOSTERHOUT NB,Beurtvaartweg 8  4906 CN OOSTERHOUT NB,,,https://www.bouwendnederland.nl/vereniging/lidbedrijf-zoeken?page=102
De Meesters Glastechniek,ALMERE,Radioweg 16  1324 KP ALMERE,Radioweg 14/16  1324 KP ALMERE,036-7858688,//https://demeestersglastechniek.nl,https://www.bouwendnederland.nl/vereniging/lidbedrijf-zoeken?page=102
De Muijnck Aannemersbedrijf,WOUDENBERG,Parallelweg 17  3931 MS WOUDENBERG,Parallelweg  17  3931 MS WOUDENBERG,033-2861509,//www.de-muijnck.nl,https://www.bouwendnederland.nl/vereniging/lidbedrijf-zoeken?page=102
De Nijs Beheer B.V.,HOOGERHEIDE,Postbus 183  4630 AD HOOGERHEIDE,Kooiweg 20  4631 SZ HOOGERHEIDE,0164-660000,//www.bouwgroepdenijssoffers.nl,https://www.bouwendnederland.nl/vereniging/lidbedrijf-zoeken?page=102
De Nijs Castricum B.V.,CASTRICUM,Postbus 1  1749 ZG WARMENHUIZEN,Heereweg 38  1901 ME CASTRICUM,0226-397000,//www.denijs.nl,https://www.bouwendnederland.nl/vereniging/lidbedrijf-zoeken?page=102
De Prefabriek B.V.,ZWANENBURG,IJweg 22 a 1161 GA ZWANENBURG,IJweg 22 a 1161 GA ZWANENBURG,020-3317470,//www.deprefabriek.nl,https://www.bouwendnederland.nl/vereniging/lidbedrijf-zoeken?page=102
De Raad Bouw B.V.,KATWIJK ZH,Postbus 3081  2220 CB KATWIJK ZH,Sandtlaan 36  2223 GG KATWIJK ZH,071-4051414,//https://deraadgroep.nl/de-raad-bouw/,https://www.bouwendnederland.nl/vereniging/lidbedrijf-zoeken?page=102
De Rijswijkse Glashandel,RIJSWIJK ZH,Ir H.H. van Kollaan 2  2283 NA RIJSWIJK ZH,Ir H.H. van Kollaan 2  2283 NA RIJSWIJK ZH,070-3361010,//www.rijswijkseglashandel.nl,https://www.bouwendnederland.nl/vereniging/lidbedrijf-zoeken?page=103
De Romein Bouw en Ontwikkeling B.V.,VEENDAM,Postbus 285  9640 AG VEENDAM,Industrieweg 12  9641 HM VEENDAM,0598-635900,//www.deromein.nl,https://www.bouwendnederland.nl/vereniging/lidbedrijf-zoeken?page=103
De Romein Groep B.V.,VEENDAM,Postbus 285  9640 AG VEENDAM,Industrieweg 12  9641 HM VEENDAM,0598-635900,//www.deromein.nl,https://www.bouwendnederland.nl/vereniging/lidbedrijf-zoeken?page=103
De Romein Infra en Milieu B.V.,VEENDAM,Postbus 285  9640 AG VEENDAM,Industrieweg 12  9641 HM VEENDAM,0598-635900,//www.deromein.nl,https://www.bouwendnederland.nl/vereniging/lidbedrijf-zoeken?page=103
De Roo Bouw,BEDUM,Oude Dijk 21  9781 BL BEDUM,Oude Dijk 21  9781 BL BEDUM,050-3014927,//www.deroobouw.nl,https://www.bouwendnederland.nl/vereniging/lidbedrijf-zoeken?page=103
De Roo bv - Emmen,EMMEN,Postbus 107  7800 AC EMMEN,Sint Gerardusstraat 238  7826 CL EMMEN,0591-622508,//www.de-roo.nl,https://www.bouwendnederland.nl/vereniging/lidbedrijf-zoeken?page=103
De Ruiter Boringen B.V.,HAARLEM,Emrikweg 5  2031 BT HAARLEM,Emrikweg 5  2031 BT HAARLEM,020-4072180,//www.deruitergwt.nl,https://www.bouwendnederland.nl/vereniging/lidbedrijf-zoeken?page=103
de Ruiter Bouw B.V.,DEIL,Appelhof 4 c 4158 EN DEIL,Appelhof 4 c 4158 EN DEIL,0345-651684,//www.deruiterbouw.nl,https://www.bouwendnederland.nl/vereniging/lidbedrijf-zoeken?page=103
De Ruiter Grondwatertechniek Holding B.V.,HAARLEM,Emrikweg 5  2031 BT HAARLEM,Emrikweg 5  2031 BT HAARLEM,020-4072180,//www.deruitergwt.nl,https://www.bouwendnederland.nl/vereniging/lidbedrijf-zoeken?page=103
De Ruiter Service en Onderhoud B.V.,HAARLEM,Emrikweg 5  2031 BT HAARLEM,Emrikweg 5  2031 BT HAARLEM,020-4072180,//www.deruitergwt.nl,https://www.bouwendnederland.nl/vereniging/lidbedrijf-zoeken?page=103
De Toekomst Bouw B.V.,ANDIJK,Gedeputeerde Laanweg 47  1619 PB ANDIJK,Gedeputeerde Laanweg 47  1619 PB ANDIJK,0228-594960,//www.toekomstgroep.nl,https://www.bouwendnederland.nl/vereniging/lidbedrijf-zoeken?page=103
De Vijf Heeren B.V.,ROTTERDAM,Postbus 944  3000 AX ROTTERDAM,Oostmaaslaan 950  3063 DM ROTTERDAM,010-2250515,//www.uvastgoed.nl,https://www.bouwendnederland.nl/vereniging/lidbedrijf-zoeken?page=103
De Visser Bouw & Onderhoud b.v.,'S-HERTOGENBOSCH,Ketelaarskampweg 19 a 5222 AL 'S-HERTOGENBOSCH,Ketelaarskampweg 19 a 5222 AL 'S-HERTOGENBOSCH,073-6458745,//www.devisserbouwenonderhoud.eu,https://www.bouwendnederland.nl/vereniging/lidbedrijf-zoeken?page=103
De Vlucht Funderingswerk B.V.,AMSTERDAM,Bellamystraat 74  1053 BP AMSTERDAM,Bellamystraat 74  1053 BP AMSTERDAM,020-6833213,//http://www.devlucht.nl,https://www.bouwendnederland.nl/vereniging/lidbedrijf-zoeken?page=103
De Vree en Sliepen B.V.,TIEL,Morsestraat 20  4004 JP TIEL,Morsestraat 20  4004 JP TIEL,0344-636960,//www.vreesliepen.nl,https://www.bouwendnederland.nl/vereniging/lidbedrijf-zoeken?page=103
De Vries & van Weel Bouwgroep B.V.,BEVERWIJK,Parallelweg 124 -14 1948 NN BEVERWIJK,Parallelweg 124 -14 1948 NN BEVERWIJK,025-1700207,//www.devriesenvanweel.nl,https://www.bouwendnederland.nl/vereniging/lidbedrijf-zoeken?page=103
De Vries Bouwmanagement B.V.,HEM,Groeneweg 8  1607 MK HEM,Groeneweg 8  1607 MK HEM,,,https://www.bouwendnederland.nl/vereniging/lidbedrijf-zoeken?page=103
De Vries Werkendam B.V.,WERKENDAM,Hulsenboschstraat 25  4251 LR WERKENDAM,Hulsenboschstraat 25  4251 LR WERKENDAM,0183-508888,//www.devrieswerkendam.nl,https://www.bouwendnederland.nl/vereniging/lidbedrijf-zoeken?page=103
De Waard Bouw B.V.,AMSTERDAM,Internetstraat 17  1033 MS AMSTERDAM,Internetstraat 17  1033 MS AMSTERDAM,020-6361614,//www.dewaardbouw.nl,https://www.bouwendnederland.nl/vereniging/lidbedrijf-zoeken?page=103
De Winschoter B.V.,WINSCHOTEN,Postbus 1019  9670 AE WINSCHOTEN,Papierbaan 29  9672 BG WINSCHOTEN,0597-422120,//www.dewinschoter.nl,https://www.bouwendnederland.nl/vereniging/lidbedrijf-zoeken?page=103
De Wit en Van Loon B.V.,WINTELRE,Slikdijk 12  5513 NL WINTELRE,Slikdijk 12  5513 NL WINTELRE,040-2052931,//www.dewitvanloon.nl,https://www.bouwendnederland.nl/vereniging/lidbedrijf-zoeken?page=104
Defra Timmer- en Bouwbedrijf,'S-GRAVENHAGE,Populierstraat 146  2565 MP 'S-GRAVENHAGE,Populierstraat 146  2565 MP 'S-GRAVENHAGE,070-3622697,//www.defra.nl,https://www.bouwendnederland.nl/vereniging/lidbedrijf-zoeken?page=104
Dejo Steigers B.V.,NIJKERK GLD,Havenstraat 7 -1 3861 VS NIJKERK GLD,Havenstraat 7 -1 3861 VS NIJKERK GLD,033-2571390,//www.dejosteigers.nl,https://www.bouwendnederland.nl/vereniging/lidbedrijf-zoeken?page=104
DeJongCeba B.V.,OPMEER,De Veken 130  1716 KG OPMEER,De Veken 130  1716 KG OPMEER,0226-351629,//https://dejongceba.nl/,https://www.bouwendnederland.nl/vereniging/lidbedrijf-zoeken?page=104
Dekker Beheermaatschappij Krabbendam BV,WARMENHUIZEN,Postbus 17  1749 ZG WARMENHUIZEN,Oudevaart 91  1749 CH WARMENHUIZEN,0226-391629,//www.kdbv.nl,https://www.bouwendnederland.nl/vereniging/lidbedrijf-zoeken?page=104
Dekker Kozijnprojecten B.V.,NOORDELOOS,Laantje 3  4225 PC NOORDELOOS,Laantje 3  4225 PC NOORDELOOS,0183-581626,//www.dekkerkozijnprojecten.nl,https://www.bouwendnederland.nl/vereniging/lidbedrijf-zoeken?page=104
Dekker-Bouw,ZAANDAM,Abbenbroekstraat 10  1507 KE ZAANDAM,Abbenbroekstraat 10  1507 KE ZAANDAM,,,https://www.bouwendnederland.nl/vereniging/lidbedrijf-zoeken?page=104
Delcon B.V.,GORREDIJK,Badweg 42  8401 BL GORREDIJK,Badweg 42  8401 BL GORREDIJK,0513-467654,//www.vanwijnen.nl,https://www.bouwendnederland.nl/vereniging/lidbedrijf-zoeken?page=104
Delta House B..V.,STEENWIJK,Woldmeentherand 1  8332 JE STEENWIJK,Woldmeentherand 1  8332 JE STEENWIJK,0521-700213,//www.delta-house.nl,https://www.bouwendnederland.nl/vereniging/lidbedrijf-zoeken?page=104
Demar Lopik B.V.,IJSSELSTEIN UT,Handelsweg 6  3401 ME IJSSELSTEIN UT,Handelsweg 6  3401 ME IJSSELSTEIN UT,030-2679223,//www.ravesteijnijsselstein.nl,https://www.bouwendnederland.nl/vereniging/lidbedrijf-zoeken?page=104
DEME Infra NL B.V.,DORDRECHT,Postbus 202  3300 AE DORDRECHT,Kilkade 2  3316 BC DORDRECHT,078-6321020,//www.deme-group.com/dimco,https://www.bouwendnederland.nl/vereniging/lidbedrijf-zoeken?page=104
Den Besten Bouw B.V.,CAPELLE AAN DEN IJSSEL,Essebaan 7  2908 LJ CAPELLE AAN DEN IJSSEL,Essebaan 7  2908 LJ CAPELLE AAN DEN IJSSEL,010-2345454,//www.denbestenbouw.nl,https://www.bouwendnederland.nl/vereniging/lidbedrijf-zoeken?page=104
Den Butter & Voogt B.V.,BLESKENSGRAAF CA,Dorpsstraat 11  2971 AD BLESKENSGRAAF CA,Dorpsstraat 11  2971 AD BLESKENSGRAAF CA,0184-691503,//www.denbutterenvoogt.nl,https://www.bouwendnederland.nl/vereniging/lidbedrijf-zoeken?page=104
Den Dunnen Bouwonderneming B.V.,HARDINXVELD GIESSENDAM,Rivierdijk 401  3372 BV HARDINXVELD-GIESSENDAM,Rivierdijk 401  3372 BV HARDINXVELD GIESSENDAM,0184-617486,//www.dendunnenbv.nl,https://www.bouwendnederland.nl/vereniging/lidbedrijf-zoeken?page=104
Den Hartog Glas B.V.,OUD-BEIJERLAND,Jan van der Heijdenstr 14  3261 LE OUD-BEIJERLAND,Jan van der Heijdenstr 14  3261 LE OUD-BEIJERLAND,0186-612815,//www.denhartogglas.nl,https://www.bouwendnederland.nl/vereniging/lidbedrijf-zoeken?page=104
Den Hartog Totaalbouw,LEIDEN,Beppy Nooijstraat 19  2331 HT LEIDEN,Beppy Nooijstraat 19  2331 HT LEIDEN,31-697579,//Www.denhartogtotaalbouw.nl,https://www.bouwendnederland.nl/vereniging/lidbedrijf-zoeken?page=104
Den Hartog Verbouw en Installatie,AMERSFOORT,Baak van Stavenisse 13  3826 HN AMERSFOORT,Baak van Stavenisse 13  3826 HN AMERSFOORT,,,https://www.bouwendnederland.nl/vereniging/lidbedrijf-zoeken?page=104
Den Hoed Aannemers B.V.,BERGAMBACHT,Postbus 79  2860 AB BERGAMBACHT,Jan Blankenstraat 17 a 2861 BZ BERGAMBACHT,0182-351225,//www.denhoed.nl,https://www.bouwendnederland.nl/vereniging/lidbedrijf-zoeken?page=104
Den Ouden Infra B.V.,SCHIJNDEL,Postbus 12  5480 AA SCHIJNDEL,Hermalen 7  5481 XX SCHIJNDEL,073-5431000,//www.denoudengroep.com,https://www.bouwendnederland.nl/vereniging/lidbedrijf-zoeken?page=104
Denemarken Beheer B.V.,SLOCHTEREN,Denemarken 11  9621 TM SLOCHTEREN,Denemarken 11  9621 TM SLOCHTEREN,,,https://www.bouwendnederland.nl/vereniging/lidbedrijf-zoeken?page=104
Denys Engineers & Contractors BV,ZOETERMEER,Darwinstraat 5  2722 PX ZOETERMEER,Darwinstraat 5  2722 PX ZOETERMEER,079-3315593,//www.denys.com,https://www.bouwendnederland.nl/vereniging/lidbedrijf-zoeken?page=105
DESAM,OOSTZAAN,Waterhoen 1  1511 KN OOSTZAAN,Waterhoen 1  1511 KN OOSTZAAN,,,https://www.bouwendnederland.nl/vereniging/lidbedrijf-zoeken?page=105
Dessing bouw B.V.,BARENDRECHT,Postbus 39  2990 AA BARENDRECHT,Bijdorp-West 4 D 2992 LC BARENDRECHT,010-4373177,//www.dessingbouw.nl,https://www.bouwendnederland.nl/vereniging/lidbedrijf-zoeken?page=105
Devri Infra BV,VRIEZENVEEN,Postbus 75  7670 AB VRIEZENVEEN,Bedrijfsweg 5  7671 EG VRIEZENVEEN,0546-561868,//www.devri-infra.nl,https://www.bouwendnederland.nl/vereniging/lidbedrijf-zoeken?page=105
Deyle Bouw,KOOG AAN DE ZAAN,Raadhuisstraat 106  1541 JE KOOG AAN DE ZAAN,Raadhuisstraat 106  1541 JE KOOG AAN DE ZAAN,075-6176422,//www.deylebouw.nl,https://www.bouwendnederland.nl/vereniging/lidbedrijf-zoeken?page=105
Dezigno B.V.,ALMEN,Kapelweg 22 a 7218 NJ ALMEN,Kapelweg 22 a 7218 NJ ALMEN,,,https://www.bouwendnederland.nl/vereniging/lidbedrijf-zoeken?page=105
DGN Glas,WERKENDAM,Vierlinghstraat 59  4251 LC WERKENDAM,Vierlinghstraat 59  4251 LC WERKENDAM,0183-731118,//www.dgnglas.com,https://www.bouwendnederland.nl/vereniging/lidbedrijf-zoeken?page=105
DH Afbouw,NOORDHOEK,Witte Weideweg 2  4759 AC NOORDHOEK,Witte Weideweg 2  4759 AC NOORDHOEK,,,https://www.bouwendnederland.nl/vereniging/lidbedrijf-zoeken?page=105
DHQ Bouw B.V.,RIJSWIJK ZH,Verrijn Stuartlaan 30  2288 EL RIJSWIJK ZH,Verrijn Stuartlaan 30  2288 EL RIJSWIJK ZH,070-2601765,//www.dhqbouw.nl,https://www.bouwendnederland.nl/vereniging/lidbedrijf-zoeken?page=105
Diamantboorbedrijf W.G. Schimmel B.V.,WENUM WIESEL,Plantageweg 36  7345 AT WENUM WIESEL,Plantageweg 36  7345 AT WENUM WIESEL,055-3121402,//www.schimmelbv.nl,https://www.bouwendnederland.nl/vereniging/lidbedrijf-zoeken?page=105
Diamo Realisatie,SITTARD,Economiestraat 61  6135KV SITTARD,Economiestraat 61  6135 KV SITTARD,085-5803333,//www.diamorealisatie.nl,https://www.bouwendnederland.nl/vereniging/lidbedrijf-zoeken?page=105
Dibec B.V.,NIEUWEGEIN,Ringwade 71  3439 LM NIEUWEGEIN,Ringwade 71  3439 LM NIEUWEGEIN,026-3682625,//www.dibec.nl,https://www.bouwendnederland.nl/vereniging/lidbedrijf-zoeken?page=105
Dienstverlening Kars B.V.,IJMUIDEN,Deutzstraat 40  1976 BL IJMUIDEN,Deutzstraat 40  1976 BL IJMUIDEN,020-2101223,//www.dienstverleningkars.nl,https://www.bouwendnederland.nl/vereniging/lidbedrijf-zoeken?page=105
Dijkhof Bouw B.V.,KLARENBEEK,Klarenbeekseweg 92  7381 BG KLARENBEEK,Klarenbeekseweg 92  7381 BG KLARENBEEK,055-3011420,//www.dijkhofbouw.nl,https://www.bouwendnederland.nl/vereniging/lidbedrijf-zoeken?page=105
Dijkhuis Vastgoed Management B.V.,AMSTERDAM,Postbus 94050  1090 GB AMSTERDAM,Duivendrechtsekade 87  88 1096 AJ AMSTERDAM,020-6922444,//www.dvm-bv.nl,https://www.bouwendnederland.nl/vereniging/lidbedrijf-zoeken?page=105
Dijkman Bouw B.V.,WARNSVELD,Lage Weide 29  7231 NN WARNSVELD,Lage Weide 29  7231 NN WARNSVELD,0575-522577,//www.dijkmanbouw.nl,https://www.bouwendnederland.nl/vereniging/lidbedrijf-zoeken?page=105
Dijkstra Huisman Infra,DRACHTEN,De Steven 14  9206 AX DRACHTEN,De Steven 14  9206 AX DRACHTEN,0512-539410,//www.dijkstrahuisman.nl,https://www.bouwendnederland.nl/vereniging/lidbedrijf-zoeken?page=105
Dijkstra urban solutions B.V.,LEEK,Postbus 136  9350 AC LEEK,Zernikelaan 8  9351 VA LEEK,0594-552470,//www.dijkstra-groep.nl,https://www.bouwendnederland.nl/vereniging/lidbedrijf-zoeken?page=105
Dijkstra's Bouw- en Aannemersbedrijf,GROU,Jister 1  9001 XX GROU,Jister 1  9001 XX GROU,0566-622088,//www.dijkstrabouw.nl,https://www.bouwendnederland.nl/vereniging/lidbedrijf-zoeken?page=105
Dijkxhoorn bouw,'S-GRAVENHAGE,Zinkwerf 49  2544 EC 'S-GRAVENHAGE,Zinkwerf 49  2544 EC 'S-GRAVENHAGE,070-3665550,//www.dijkxhoornbouw.nl,https://www.bouwendnederland.nl/vereniging/lidbedrijf-zoeken?page=105
Dijkxhoorn Groep,'S-GRAVENHAGE,Zinkwerf 49  2544 EC 'S-GRAVENHAGE,Zinkwerf 49  2544 EC 'S-GRAVENHAGE,070-3665550,//www.dijkxhoornbouw.nl,https://www.bouwendnederland.nl/vereniging/lidbedrijf-zoeken?page=106
Dirkx Glas Totaalleverancier B.V.,NUENEN,De Huufkes 89  5674 TL NUENEN,De Huufkes 89   5674 TL NUENEN,040-7200921,,https://www.bouwendnederland.nl/vereniging/lidbedrijf-zoeken?page=106
Distabouw,THOLEN,Secretaris Labanstraat 9  4691 DR THOLEN,Secretaris Labanstraat 9  4691 DR THOLEN,06-27585216,//www.distabouw.nl,https://www.bouwendnederland.nl/vereniging/lidbedrijf-zoeken?page=106
DND Alu Products B.V.,SNEEK,Wolkammersstraat 3 b 8601 VB SNEEK,Wolkammersstraat 3 b 8601 VB SNEEK,,,https://www.bouwendnederland.nl/vereniging/lidbedrijf-zoeken?page=106
DO Bouw B.V.,DE LIER,Leemidden 32  2678 ME DE LIER,Leemidden 32  2678 ME DE LIER,0174-512052,//www.dobouw.nl,https://www.bouwendnederland.nl/vereniging/lidbedrijf-zoeken?page=106
Doensen Bouwbedrijf,VENLO,Minckelersstraat 13 -15 5916 PE VENLO,Minckelersstraat 13 -15 5916 PE VENLO,077-3513049,//www.doensen.nl,https://www.bouwendnederland.nl/vereniging/lidbedrijf-zoeken?page=106
Dol Beheer B.V.,SPIERDIJK,Spierdijkerweg 102 A 1641 LW SPIERDIJK,Spierdijkerweg 102 A 1641 LW SPIERDIJK,0229-561439,,https://www.bouwendnederland.nl/vereniging/lidbedrijf-zoeken?page=106
Dol Bouwbedrijf B.V.,SPIERDIJK,Spierdijkerweg 102 a 1641 LW SPIERDIJK,Spierdijkerweg 102 a 1641 LW SPIERDIJK,0229-561439,//www.dolbouwbedrijf.nl,https://www.bouwendnederland.nl/vereniging/lidbedrijf-zoeken?page=106
Dombosch Bouw B.V.,OSS,Beatrixlaan 10  5342 EH OSS,Beatrixlaan 10  5342 EH OSS,0162-512404,//www.domboschbouw.nl,https://www.bouwendnederland.nl/vereniging/lidbedrijf-zoeken?page=106
Dombosch Bouw B.V.,OSS,Voorschakelstraat 6  5349 CC OSS,Voorschakelstraat 6  5349 CC OSS,0162-512404,//www.domboschbouw.nl,https://www.bouwendnederland.nl/vereniging/lidbedrijf-zoeken?page=106
Domus Bouw,ZWOLLE,Nervistraat 10  8013 RS ZWOLLE,Nervistraat 10  8013 RS ZWOLLE,038-4608986,//www.domusbouw.nl,https://www.bouwendnederland.nl/vereniging/lidbedrijf-zoeken?page=106
Dorsmans Aannemersbedrijf & Timmerfabriek B.V.,OOLTGENSPLAAT,Stoofstraat 14  3257 AZ OOLTGENSPLAAT,Stoofstraat 14  3257 AZ OOLTGENSPLAAT,0187-631356,//www.dorsmanooltgensplaat.nl,https://www.bouwendnederland.nl/vereniging/lidbedrijf-zoeken?page=106
Dorst Glas - & Slotenservice B.V.,BARENDRECHT,Ziedewij 21  2991 LA BARENDRECHT,Ziedewij 21  2991 LA BARENDRECHT,088-0707500,//www.dorstservices.nl,https://www.bouwendnederland.nl/vereniging/lidbedrijf-zoeken?page=106
Dovako B.V.,HAGHORST,Lage Haghorst 15  5089 NC HAGHORST,Lage Haghorst 15  5089 NC HAGHORST,013-5041397,,https://www.bouwendnederland.nl/vereniging/lidbedrijf-zoeken?page=106
DQ service VOF.,AMSTERDAM,H.J.E. Wenckebachweg 111  1096 AL AMSTERDAM,H.J.E. Wenckebachweg 111  1096 AL AMSTERDAM,020-6650205,//www.dqglas.nl,https://www.bouwendnederland.nl/vereniging/lidbedrijf-zoeken?page=106
Draisma Beheer B.V.,APELDOORN,Postbus 280  7300 AG APELDOORN,Paramariboweg 100  7333 PB APELDOORN,055-5383940,//www.draisma.nl,https://www.bouwendnederland.nl/vereniging/lidbedrijf-zoeken?page=106
Draisma Projectontwikkeling B.V.,APELDOORN,Postbus 280  7300 AG APELDOORN,Paramariboweg 100  7333 PB APELDOORN,055-5383990,//www.draisma.nl,https://www.bouwendnederland.nl/vereniging/lidbedrijf-zoeken?page=106
Drenth Bouw B.V.,GRONINGEN,Sontweg 16  9723 AT GRONINGEN,Sontweg 16  9723 AT GRONINGEN,050-3118867,,https://www.bouwendnederland.nl/vereniging/lidbedrijf-zoeken?page=106
Driebergse Weg- en Waterbouw,RHENEN,Boslandweg 29 A 3911 VD RHENEN,Boslandweg 29 A 3911 VD RHENEN,0343-521413,//www.dwwdriebergen.nl,https://www.bouwendnederland.nl/vereniging/lidbedrijf-zoeken?page=106
Driemond Bouw B.V.,ZWAAG,De Factorij 32 G 1689 AL ZWAAG,De Factorij 32 G 1689 AL ZWAAG,0229-269910,//www.driemondbouw.nl,https://www.bouwendnederland.nl/vereniging/lidbedrijf-zoeken?page=106
Driessen Bouw Asten B.V.,ASTEN,Molenakkers 7  5721 WR ASTEN,Molenakkers 7  5721 WR ASTEN,0493-691362,//www.driessenbouw.nl,https://www.bouwendnederland.nl/vereniging/lidbedrijf-zoeken?page=107
Driessen Bouwbedrijf B.V.,KESSEL LB,Karreweg-Noord 22  5995 ME KESSEL LB,Karreweg-Noord 22  5995 ME KESSEL LB,077-4621734,//www.driessenbouwbedrijf.nl,https://www.bouwendnederland.nl/vereniging/lidbedrijf-zoeken?page=107
Driessens Bouwtimmerwerk B.V.,HEEL,St. Antoniusstraat 13  6097 ND HEEL,Sint Antoniusstraat 13  6097 ND HEEL,045-4700,//www.driessens.nl,https://www.bouwendnederland.nl/vereniging/lidbedrijf-zoeken?page=107
Drost Bouw B.V.,MIJDRECHT,Nijverheidsweg 12  3641 RR MIJDRECHT,Nijverheidsweg 12  3641 RR MIJDRECHT,0297-760440,//www.drostbouwbv.nl,https://www.bouwendnederland.nl/vereniging/lidbedrijf-zoeken?page=107
Droste Bouwgroep BV,HENGELO OV,Postbus 686  7550 AR HENGELO OV,Wegtersweg 7 -23 7556 BP HENGELO OV,074-2551555,//www.droste-bv.nl,https://www.bouwendnederland.nl/vereniging/lidbedrijf-zoeken?page=107
du Prie Bouw en Ontwikkeling BV,LEIDEN,Postbus 2309  2301 CH LEIDEN,Admiraal Banckertweg 23  2315 SR LEIDEN,071-5222919,//www.duprie.nl,https://www.bouwendnederland.nl/vereniging/lidbedrijf-zoeken?page=107
Dubbeldam,Landsmeer,Kanaaldijk 104  1121 NZ LANDSMEER,Kanaaldijk  104  1121NZ Landsmeer,020-3638972,//geen,https://www.bouwendnederland.nl/vereniging/lidbedrijf-zoeken?page=107
Duha Beheer B.V.,VRIEZENVEEN,Nieuwe Daarlerveenseweg 1 I 7671 SK VRIEZENVEEN,Nieuwe Daarlerveenseweg 1 I 7671 SK VRIEZENVEEN,,,https://www.bouwendnederland.nl/vereniging/lidbedrijf-zoeken?page=107
Duin Bouwbedrijf,DEN BURG,Spinbaan 11  1791 MC DEN BURG,Spinbaan 11  1791 MC DEN BURG,0222-312386,//www.duin-bouw.nl,https://www.bouwendnederland.nl/vereniging/lidbedrijf-zoeken?page=107
Duinkerke Glas,BARNEVELD,Mercuriusweg 5  3771 NC BARNEVELD,Mercuriusweg 5  3771 NC BARNEVELD,0342-462809,,https://www.bouwendnederland.nl/vereniging/lidbedrijf-zoeken?page=107
Duinkerke Glas service,SCHERPENZEEL GLD,Pluimenweg 5  3925 BK SCHERPENZEEL GLD,Pluimenweg 5  3925 BK SCHERPENZEEL GLD,033-2774629,//www.duinkerkeglasservice.nl,https://www.bouwendnederland.nl/vereniging/lidbedrijf-zoeken?page=107
Dullaart Glas Leiden B.V.,LEIDERDORP,Kabelbaan 1  2352 BL LEIDERDORP,Kabelbaan 1  2352 BL LEIDERDORP,071-5896882,//www.dullaartglas.nl,https://www.bouwendnederland.nl/vereniging/lidbedrijf-zoeken?page=107
Dura Vermeer Autobeheer BV,CRUQUIUS,Postbus 290  2130 AG HOOFDDORP,Spaarneweg 35  2142 EN CRUQUIUS,023-7529500,//www.duravermeer.nl,https://www.bouwendnederland.nl/vereniging/lidbedrijf-zoeken?page=107
Dura Vermeer Bouw Hengelo,ZWOLLE,Burgemeester Roelenweg 29  8031 ES ZWOLLE,Burgemeester Roelenweg 29  8031 ES ZWOLLE,074-2550255,//https://www.duravermeer.nl/dura-vermeer-bouw-hengelo,https://www.bouwendnederland.nl/vereniging/lidbedrijf-zoeken?page=107
Dura Vermeer Bouw Hengelo,GRONINGEN,Europaweg 31  9723 AS GRONINGEN,Europaweg 31  9723 AS GRONINGEN,,,https://www.bouwendnederland.nl/vereniging/lidbedrijf-zoeken?page=107
Dura Vermeer Bouw Hengelo B.V.,AMERSFOORT,Basicweg 14 a 3821 BR AMERSFOORT,Basicweg 14 a 3821 BR AMERSFOORT,,,https://www.bouwendnederland.nl/vereniging/lidbedrijf-zoeken?page=107
Dura Vermeer Bouw Hengelo BV,HENGELO OV,Postbus 52  3500 AB UTRECHT,Bosmaatweg 60  7556 PJ HENGELO OV,074-2550255,//www.duravermeerbouwhengelo.nl,https://www.bouwendnederland.nl/vereniging/lidbedrijf-zoeken?page=107
Dura Vermeer Bouw Heyma BV,ROTTERDAM,Postbus 181  3500 AD UTRECHT,Innsbruckweg 81  3047 AG ROTTERDAM,010-7502900,//www.duravermeer.nl,https://www.bouwendnederland.nl/vereniging/lidbedrijf-zoeken?page=107
Dura Vermeer Bouw Midden West BV,CRUQUIUS,Postbus 439  2100 AK HEEMSTEDE,Spaarneweg 31  2142 EN CRUQUIUS,023-7529700,//bouw.duravermeer.nl,https://www.bouwendnederland.nl/vereniging/lidbedrijf-zoeken?page=107
Dura Vermeer Bouw Zuid B.V,'S-HERTOGENBOSCH,Postbus 5066  5201 GB 'S-HERTOGENBOSCH,Pettelaarpark 1  5216 PC 'S-HERTOGENBOSCH,073-5288911,//www.duravermeer.nl,https://www.bouwendnederland.nl/vereniging/lidbedrijf-zoeken?page=107
Dura Vermeer Bouw Zuid BV,'S-HERTOGENBOSCH,Postbus 5066  5201 GB 'S-HERTOGENBOSCH,Pettelaarpark 1  5216 PC 'S-HERTOGENBOSCH,073-5288911,//www.duravermeer.nl,https://www.bouwendnederland.nl/vereniging/lidbedrijf-zoeken?page=108
Dura Vermeer Bouw Zuid West BV,ROTTERDAM,Postbus 1986  3000 BZ ROTTERDAM,Rotterdam Airportplein 21  3045 AP ROTTERDAM,010-2808500,//bouw.duravermeer.nl,https://www.bouwendnederland.nl/vereniging/lidbedrijf-zoeken?page=108
Dura Vermeer Divisie Bouw en Vastgoed BV,UTRECHT,Postbus 181  3500 AD UTRECHT,Hertogswetering 157  3543 AS UTRECHT,030-6347900,//www.duravermeer.nl,https://www.bouwendnederland.nl/vereniging/lidbedrijf-zoeken?page=108
Dura Vermeer Divisie Infra B.V.,HOOFDDORP,Postbus 111  2130 AC HOOFDDORP,Taurusavenue 165  2132 LS HOOFDDORP,023-7528000,//www.duravermeer.nl,https://www.bouwendnederland.nl/vereniging/lidbedrijf-zoeken?page=108
Dura Vermeer Facilitaire Bedrijven BV,HAAFTEN,Margrietstraat 9  4175 GA HAAFTEN,Margrietstraat 9  4175 GA HAAFTEN,0418-594777,,https://www.bouwendnederland.nl/vereniging/lidbedrijf-zoeken?page=108
Dura Vermeer Groep NV,ROTTERDAM,Postbus 11267  3004 EG ROTTERDAM,Rotterdam Airportplein 21  3045 AP ROTTERDAM,010-2808700,//www.duravermeer.nl,https://www.bouwendnederland.nl/vereniging/lidbedrijf-zoeken?page=108
Dura Vermeer Infra Landelijke Projecten B.V.,HOOFDDORP,Postbus 470  2130 AL HOOFDDORP,Taurusavenue 165  2132 LS HOOFDDORP,023-7528200,//www.duravermeer.nl,https://www.bouwendnederland.nl/vereniging/lidbedrijf-zoeken?page=108
Dura Vermeer Infra Milieu BV,HOOFDDORP,Postbus 577  2130 AN HOOFDDORP,Taurusavenue 165  2132 LS HOOFDDORP,023-7528500,//http://infra.duravermeer.nl,https://www.bouwendnederland.nl/vereniging/lidbedrijf-zoeken?page=108
Dura Vermeer Infra Participaties BV,HOOFDDORP,Postbus 14  2130 AA HOOFDDORP,Taurusavenue 165  2132 LS HOOFDDORP,023-7528550,//www.duravermeer.nl,https://www.bouwendnederland.nl/vereniging/lidbedrijf-zoeken?page=108
Dura Vermeer Infra Regio Noord West,CRUQUIUS,Postbus 228  2100 AE HEEMSTEDE,Spaarneweg 31  2142 EN CRUQUIUS,023-7529000,//www.duravermeer.nl,https://www.bouwendnederland.nl/vereniging/lidbedrijf-zoeken?page=108
"Dura Vermeer Infra Regio Noord West, vestiging Almere",ALMERE,Taurusavenue 165  2132 LS HOOFDDORP,Achterwerf 3 b 1357 DD ALMERE,0229-783806,//www.duravermeerinfrastuctuur.nl,https://www.bouwendnederland.nl/vereniging/lidbedrijf-zoeken?page=108
"Dura Vermeer Infra Regio Noord West, vestiging Amsterdam",AMSTERDAM,Postbus 460  1440 AL PURMEREND,Vlothavenweg 8  1013 BJ AMSTERDAM,0299-783875,//www.duravermeerinfrastuctuur.nl,https://www.bouwendnederland.nl/vereniging/lidbedrijf-zoeken?page=108
"Dura Vermeer Infra Regio Oost, vestiging Weert",WEERT,Risseweg 48  6004 RM WEERT,Risseweg 48  6004 RM WEERT,0495-453713,//www.duravermeerinfrastuctuur.nl,https://www.bouwendnederland.nl/vereniging/lidbedrijf-zoeken?page=108
Dura Vermeer Infra Regio Zuid Oost,'S-HERTOGENBOSCH,Pettelaarpark 1  5216 PC 'S-HERTOGENBOSCH,Pettelaarpark 1  5216 PC 'S-HERTOGENBOSCH,024-6962424,//www.duravermeer.nl,https://www.bouwendnederland.nl/vereniging/lidbedrijf-zoeken?page=108
Dura Vermeer Infra Regio Zuid West,ROTTERDAM,Postbus 399  2130 AJ HOOFDDORP,Rotterdam Airportplein 21  3045 AP ROTTERDAM,010-2083200,//www.duravermeer.nl,https://www.bouwendnederland.nl/vereniging/lidbedrijf-zoeken?page=108
Dura Vermeer Infra Regio Zuid West,ROOSENDAAL,Borchwerf 10 a 4704 RG ROOSENDAAL,Borchwerf 10 a 4704 RG ROOSENDAAL,0168-415100,//www.duravermeer.nl,https://www.bouwendnederland.nl/vereniging/lidbedrijf-zoeken?page=108
Dura Vermeer Infra Regionale Projecten B.V.,HOOFDDORP,Postbus 96  2130 AB HOOFDDORP,Taurusavenue 165  2132 LS HOOFDDORP,023-7528000,//infra.duravermeer.nl,https://www.bouwendnederland.nl/vereniging/lidbedrijf-zoeken?page=108
Dura Vermeer Infras Regio Noord Oost,ZWOLLE,Postbus 652  2130 AR HOOFDDORP,Meeuwenlaan 2  8011 BZ ZWOLLE,023-7528000,,https://www.bouwendnederland.nl/vereniging/lidbedrijf-zoeken?page=108
Dura Vermeer Jansma,DRACHTEN,De Bolder 1  9206 AM DRACHTEN,De Bolder 1  9206 AM DRACHTEN,0512-334070,//www.duravermeer.nl,https://www.bouwendnederland.nl/vereniging/lidbedrijf-zoeken?page=108
Dura Vermeer Materieel BV,HAAFTEN,Margrietstraat 9  4175 GA HAAFTEN,Margrietstraat 9  4175 GA HAAFTEN,0418-594777,//www.duravermeer.nl,https://www.bouwendnederland.nl/vereniging/lidbedrijf-zoeken?page=108
Dura Vermeer Railinfra BV,UTRECHT,Hertogswetering 157  3543 AS UTRECHT,Hertogswetering 157  3543 AS UTRECHT,023-7528320,//www.duravermeer.nl,https://www.bouwendnederland.nl/vereniging/lidbedrijf-zoeken?page=109
Dura Vermeer Renovatie Midden West BV,UTRECHT,Postbus 6032  3503 PA UTRECHT,Hertogswetering 157  3543 AS UTRECHT,030-6868121,//www.duravermeervanieperen.nl,https://www.bouwendnederland.nl/vereniging/lidbedrijf-zoeken?page=109
Dura Vermeer Reststoffen B.V.,CRUQUIUS,Spaarneweg 31  2142 EN CRUQUIUS,Spaarneweg 31  2142 EN CRUQUIUS,023-5487250,//www.duravermeer.nl,https://www.bouwendnederland.nl/vereniging/lidbedrijf-zoeken?page=109
Dura Vermeer Vastgoed BV,HOUTEN,Postbus 88  3500 AB UTRECHT,De Bouw 79  3991 SX HOUTEN,030-6347901,//www.duravermeervastgoed.nl,https://www.bouwendnederland.nl/vereniging/lidbedrijf-zoeken?page=109
Dusol Vastgoedonderhoud B.V.,HELMOND,Postbus 152  5700 AD HELMOND,Dorpsstraat 60  5708 GJ HELMOND,0492-543444,//www.dusol.nl,https://www.bouwendnederland.nl/vereniging/lidbedrijf-zoeken?page=109
Dusseljee Timmerbedrijf,FARMSUM,Rondeboslaan 2  9936 BK FARMSUM,Rondeboslaan 2  9936 BK FARMSUM,0596-617076,//www.dusseljee.com,https://www.bouwendnederland.nl/vereniging/lidbedrijf-zoeken?page=109
DVL Buitenruimte,ALBLASSERDAM,Van Hennaertweg 19  2952 CA ALBLASSERDAM,Van Hennaertweg 19  2952 CA ALBLASSERDAM,078-6814700,//www.dvlbuitenruimte.nl,https://www.bouwendnederland.nl/vereniging/lidbedrijf-zoeken?page=109
E & B Systeembouw B.V.,WANROIJ,Lampersveldpad 7  5446 BS WANROIJ,Lampersveldpad 7  5446 BS WANROIJ,0485-471402,,https://www.bouwendnederland.nl/vereniging/lidbedrijf-zoeken?page=109
E Build B.V.,ALBLASSERDAM,Kelvinring 5  2952 BG ALBLASSERDAM,Kelvinring 5  2952 BG ALBLASSERDAM,078-6840954,//www.dentalbuild.nl,https://www.bouwendnederland.nl/vereniging/lidbedrijf-zoeken?page=109
E. de Boer & Zoon Aannemersbedrijf B.V.,STEENWIJK,Produktieweg 2  8331 LK STEENWIJK,Produktieweg 2  8331 LK STEENWIJK,0521-512720,//www.edeboerzn.nl,https://www.bouwendnederland.nl/vereniging/lidbedrijf-zoeken?page=109
E. van Grol Aannemersbedrijf B.V.,BEEKBERGEN,Tullekensmolenweg 56  7361 EP BEEKBERGEN,Tullekensmolenweg 56  7361 EP BEEKBERGEN,055-5061362,//www.van-grol.nl,https://www.bouwendnederland.nl/vereniging/lidbedrijf-zoeken?page=109
E.J. Rots Beheer,AALTEN,Postbus 230  7120 AE AALTEN,Broekstraat 24  7122 LC AALTEN,0543-495010,//www.rotsbouw.nl,https://www.bouwendnederland.nl/vereniging/lidbedrijf-zoeken?page=109
E.W.P. Bergwerf Bouw B.V.,SCHIEDAM,Olivier van Noortstraat 11  3124 LA SCHIEDAM,Olivier van Noortstraat 11  3124 LA SCHIEDAM,010-4737111,//www.bergwerf.nl,https://www.bouwendnederland.nl/vereniging/lidbedrijf-zoeken?page=109
Eastersanding B.V.,DRACHTEN,De Bolder 1  9206 AM DRACHTEN,De Bolder 1  9206 AM DRACHTEN,0512-512409,//www.eastersanding.nl,https://www.bouwendnederland.nl/vereniging/lidbedrijf-zoeken?page=109
EBM Beton Veenendaal,VEENENDAAL,De Smalle Zijde 78  3903 LR VEENENDAAL,De Smalle Zijde 78  3903 LR VEENENDAAL,0318-525055,//www.bruil.nl,https://www.bouwendnederland.nl/vereniging/lidbedrijf-zoeken?page=109
Eco-Well B.V.,WARMENHUIZEN,Warmenhuizerweg 20  1749 CG WARMENHUIZEN,Warmenhuizerweg 20  1749 CG WARMENHUIZEN,072-5331399,//www.eco-well.nl,https://www.bouwendnederland.nl/vereniging/lidbedrijf-zoeken?page=109
EcoCare MilieuTechniek,ALPHEN AAN DEN RIJN,Koperweg 8  2401 LH ALPHEN AAN DEN RIJN,Koperweg 8  2401 LH ALPHEN AAN DEN RIJN,0172-469520,//www.ecocare.nl,https://www.bouwendnederland.nl/vereniging/lidbedrijf-zoeken?page=109
Ed van der Kooij Aannemersbedrijf B.V.,Valkenburg,Clematislaan 22  2241 JC WASSENAAR,Marinevliegkamp  377  2236 ZZ Valkenburg,070-5115361,//www.edvanderkooij.nl,https://www.bouwendnederland.nl/vereniging/lidbedrijf-zoeken?page=109
Edibo B.V.,EINDHOVEN,High Tech Campus 83  5656 AE EINDHOVEN,High Tech Campus 83  5656 AE EINDHOVEN,010-686509,//www.edibo.be,https://www.bouwendnederland.nl/vereniging/lidbedrijf-zoeken?page=109
Edile B.V.,HUIZEN,Energieweg 17  1271 EC HUIZEN,Energieweg 17  1271 EC HUIZEN,0358-888114,//www.edilebv.com,https://www.bouwendnederland.nl/vereniging/lidbedrijf-zoeken?page=109
Eesto Bouw,UBBENA,Asserstraat 93  9492 TA UBBENA,Asserstraat 93  9492 TA UBBENA,,,https://www.bouwendnederland.nl/vereniging/lidbedrijf-zoeken?page=110
Effink Groep Hengevelde B.V.,HENGEVELDE,Diepenheimsestraat 56  7496 PV HENGEVELDE,Diepenheimsestraat 56  7496 PV HENGEVELDE,0547-333517,//www.effink.com,https://www.bouwendnederland.nl/vereniging/lidbedrijf-zoeken?page=110
Ehrenhard Bouw B.V.,BATHMEN,Spoorstraat 10  7437 TS BATHMEN,Spoorstraat 10  7437 TS BATHMEN,0570-542231,,https://www.bouwendnederland.nl/vereniging/lidbedrijf-zoeken?page=110
Eijkerbouw B.V.,MARGRATEN,Aan de Fremme 35  6269 BK MARGRATEN,Aan de Fremme 35  6269 BK MARGRATEN,043-4582200,//www.eijkerbouw.nl,https://www.bouwendnederland.nl/vereniging/lidbedrijf-zoeken?page=110
Eilandbouw,WEST-TERSCHELLING,Nieuwe Dijk 12 b 8881 HC WEST-TERSCHELLING,Nieuwe Dijk 12 b 8881 HC WEST-TERSCHELLING,0562-850796,//www.eilandbouw.nl,https://www.bouwendnederland.nl/vereniging/lidbedrijf-zoeken?page=110
Ekkelkamp Bouw B.V.,ANE,Postbus 91  7770 AB HARDENBERG,Engeland 9  7784 CH ANE,0524-561268,//www.bouwbedrijfzweers.nl,https://www.bouwendnederland.nl/vereniging/lidbedrijf-zoeken?page=110
Elegast Dak en Gevel B.V.,BELFELD,Blauwwater 28  5951 DB BELFELD,Blauwwater 28  5951 DB BELFELD,077-3081520,//www.elegast.eu,https://www.bouwendnederland.nl/vereniging/lidbedrijf-zoeken?page=110
Elementgroep B.V.,HAARLE GEM HELLENDOORN,A T L Hasselbachweg 24  7448 AP HAARLE GEM HELLENDOORN,A T L Hasselbachweg 24  7448 AP HAARLE GEM HELLENDOORN,0572-700227,//www.elementgroep.nl,https://www.bouwendnederland.nl/vereniging/lidbedrijf-zoeken?page=110
Elferink Bouwgroep B.V.,OLDENZAAL,Postbus 216  7570 AE OLDENZAAL,Kleibultweg 65  7575 BW OLDENZAAL,0541-512655,//www.elferinkbouwgroep.nl,https://www.bouwendnederland.nl/vereniging/lidbedrijf-zoeken?page=110
Eliquo Water & Energy B.V.,BARNEVELD,Anthonie Fokkerstraat 33 a 3772 MP BARNEVELD,Anthonie Fokkerstraat 33 a 3772 MP BARNEVELD,0342-744100,//www.eliquo-we.com,https://www.bouwendnederland.nl/vereniging/lidbedrijf-zoeken?page=110
Elja Beton & Waterbouw,RIJSSEN,Fahrenheitstraat 11  7461 JA RIJSSEN,Fahrenheitstraat 11  7461 JA RIJSSEN,0548-539630,//www.eljabetonenwaterbouw.nl,https://www.bouwendnederland.nl/vereniging/lidbedrijf-zoeken?page=110
Elk B.V.,GEMERT,Oost-Om 65  5422 VX GEMERT,Oost-Om 65  5422 VX GEMERT,024-6754242,//www.elk.nl,https://www.bouwendnederland.nl/vereniging/lidbedrijf-zoeken?page=110
Elk Bouwbedrijf B.V.,NIJMEGEN,Bijsterhuizen 11 -08 6546 AS NIJMEGEN,Bijsterhuizen 11 -08 6546 AS NIJMEGEN,024-6754242,//www.elk.nl,https://www.bouwendnederland.nl/vereniging/lidbedrijf-zoeken?page=110
Elka bouw,BUNNIK,Kon Wilhelminastraat 20  3981 VG BUNNIK,Kon Wilhelminastraat 20  3981 VG BUNNIK,,,https://www.bouwendnederland.nl/vereniging/lidbedrijf-zoeken?page=110
ElkeKastOpMaat.nl B.V.,BARNEVELD,Bellstraat 20  3771 AH BARNEVELD,Bellstraat 20  3771 AH BARNEVELD,,,https://www.bouwendnederland.nl/vereniging/lidbedrijf-zoeken?page=110
Elshout Civiel B.V.,BREDA,Urkstraat 17  4817 AR BREDA,Urkstraat 17  4817 AR BREDA,076-5735152,,https://www.bouwendnederland.nl/vereniging/lidbedrijf-zoeken?page=110
Emergo Hout & Bouw B.V.,STADSKANAAL,Gildestraat 1  9502 KJ STADSKANAAL,Gildestraat 1  9502 KJ STADSKANAAL,088-6964000,//www.emergo.nl,https://www.bouwendnederland.nl/vereniging/lidbedrijf-zoeken?page=110
Eminentbouw B.V.,ZOETERMEER,Heijermanshove 44  2726 AK ZOETERMEER,Heijermanshove 44  2726 AK ZOETERMEER,079-3604745,//www.eminentbouw.nl,https://www.bouwendnederland.nl/vereniging/lidbedrijf-zoeken?page=110
Engelgeer Vastgoed Renovatie & Onderhoud,VOLENDAM,Siriusplein 36  1131 VP VOLENDAM,Siriusplein 36  1131 VP VOLENDAM,,,https://www.bouwendnederland.nl/vereniging/lidbedrijf-zoeken?page=110
Enkhuizer Aannemersbedrijf (E.A.B.) B.V.,ENKHUIZEN,Korte Tuinstraat 8  1601 CJ ENKHUIZEN,Korte Tuinstraat 8  1601 CJ ENKHUIZEN,0228-315586,//www.eabbv.nl,https://www.bouwendnederland.nl/vereniging/lidbedrijf-zoeken?page=110
Enzo Valerio B.V.,ROTTERDAM,Van Vollenhovenstraat 14 c 3016 BH ROTTERDAM,Van Vollenhovenstraat 14 c 3016 BH ROTTERDAM,,,https://www.bouwendnederland.nl/vereniging/lidbedrijf-zoeken?page=111
EProjectbouw B.V.,GRAAUW,Graauwsedijk 39  4569 PH GRAAUW,Graauwsedijk 39  4569 PH GRAAUW,,,https://www.bouwendnederland.nl/vereniging/lidbedrijf-zoeken?page=111
ERA Contour B.V.,ZOETERMEER,Zilverstraat 39  2718 RP ZOETERMEER,Zilverstraat 39  2718 RP ZOETERMEER,079-3170170,//www.eracontour.nl,https://www.bouwendnederland.nl/vereniging/lidbedrijf-zoeken?page=111
Erbo Metselwerken B.V.,GEESTEREN GLD,Scherpenoordsdijk 10  7274 DS GEESTEREN GLD,Scherpenoordsdijk 10  7274 DS GEESTEREN GLD,,,https://www.bouwendnederland.nl/vereniging/lidbedrijf-zoeken?page=111
Eric’s installatie en onderhoud,ALMERE,Annie M.G. Schmidtweg 149  1321 JD ALMERE,Annie M.G. Schmidtweg 149  1321 JD ALMERE,036-7600494,//www.eieo.nl,https://www.bouwendnederland.nl/vereniging/lidbedrijf-zoeken?page=111
Ermers Grondverzet,NULAND,Heeseind 43 a 5392 PD NULAND,Heeseind 43 A 5392 PD NULAND,073-5321785,//www.ermers.nu,https://www.bouwendnederland.nl/vereniging/lidbedrijf-zoeken?page=111
Ervas International B.V.,HILVERSUM,Noorderweg 48 -50 1221 AA HILVERSUM,Noorderweg 48 -50 1221 AA HILVERSUM,035-6833888,//www.ervas.nl,https://www.bouwendnederland.nl/vereniging/lidbedrijf-zoeken?page=111
"ESPEQ Opleidingen B.V., b.u. Bouw",HEERHUGOWAARD,Postbus 33  1700 AA HEERHUGOWAARD,W.M. Dudokweg 66  1703 DC HEERHUGOWAARD,072-5763030,//www.espeq.nl,https://www.bouwendnederland.nl/vereniging/lidbedrijf-zoeken?page=111
Etro Vastgoedzorg B.V.,WORMERVEER,Handelsweg 15  1521 NH WORMERVEER,Handelsweg 15  1521 NH WORMERVEER,088-0004900,//www.etro.nl,https://www.bouwendnederland.nl/vereniging/lidbedrijf-zoeken?page=111
Eurego,RIJEN,Kortgenestraat 113  5045 RK TILBURG,Ericssonstraat 2  5121 ML RIJEN,,,https://www.bouwendnederland.nl/vereniging/lidbedrijf-zoeken?page=111
Euro Funderingen B.V.,FEANWALDEN,Watertorenweg 4  9269 WP FEANWALDEN,Watertorenweg 4  9269 WP FEANWALDEN,0511-472191,//www.eurofunderingen.nl,https://www.bouwendnederland.nl/vereniging/lidbedrijf-zoeken?page=111
Eveloc B.V.,ANKEVEEN,Cannenburgerweg 63  D 1244 RH ANKEVEEN,Cannenburgerweg 63  D 1244 RH ANKEVEEN,035-6935603,//www.eveloc.nl,https://www.bouwendnederland.nl/vereniging/lidbedrijf-zoeken?page=111
Evers & Evers Glas B.V.,HELMOND,Zuiddijk 26  5705 CS HELMOND,Zuiddijk 26  5705 CS HELMOND,0492-523236,//www.eversenevers.nl,https://www.bouwendnederland.nl/vereniging/lidbedrijf-zoeken?page=111
EWG Bouw B.V.,BARNEVELD,Nieuw Vellerseweg 13  3771 RA BARNEVELD,Nieuw Vellerseweg 13  3771 RA BARNEVELD,,,https://www.bouwendnederland.nl/vereniging/lidbedrijf-zoeken?page=111
Exel Beheer B.V.,LEMELE,Lemelerweg 38 a 8148 PC LEMELE,Lemelerweg 38 a 8148 PC LEMELE,,,https://www.bouwendnederland.nl/vereniging/lidbedrijf-zoeken?page=111
Exel Beheer en Onroerend Goed B.V.,LEMELE,Lemelerweg 38  8148 PC LEMELE,Lemelerweg 38  8148 PC LEMELE,,,https://www.bouwendnederland.nl/vereniging/lidbedrijf-zoeken?page=111
Exel Lemele Bouw B.V.,LEMELE,Lemelerweg 38  A 8148 PC LEMELE,Lemelerweg 38   8148 PC LEMELE,0572-331446,//www.exel-lemele.nl,https://www.bouwendnederland.nl/vereniging/lidbedrijf-zoeken?page=111
Exel Lemele Bouwgroep B.V.,LEMELE,Lemelerweg 38  8148 PC LEMELE,Lemelerweg 38  8148 PC LEMELE,,,https://www.bouwendnederland.nl/vereniging/lidbedrijf-zoeken?page=111
Exel Lemele Projektontwikkeling B.V.,LEMELE,Lemelerweg 38  8148 PC LEMELE,Lemelerweg 38  8148 PC LEMELE,,,https://www.bouwendnederland.nl/vereniging/lidbedrijf-zoeken?page=111
Exellent Ontwikkeling B.V.,LEMELE,Lemelerweg 48  8148 PC LEMELE,Lemelerweg 48  8148 PC LEMELE,,,https://www.bouwendnederland.nl/vereniging/lidbedrijf-zoeken?page=111
Expert Bouwgroep B.V.,AMSTERDAM,Jan Rebelstraat 14 -K 1069 CC AMSTERDAM,Jan Rebelstraat 14 -K 1069 CC AMSTERDAM,020-6186606,//www.expertbouw.nl,https://www.bouwendnederland.nl/vereniging/lidbedrijf-zoeken?page=112
Exploitatie- en Beheersmaatschappij Merwestreek B.V.,HARDINXVELD-GIESSENDAM,Rivierdijk 636  3371 EE HARDINXVELD-GIESSENDAM,Rivierdijk 636  3371 EE HARDINXVELD-GIESSENDAM,,,https://www.bouwendnederland.nl/vereniging/lidbedrijf-zoeken?page=112
Explotatiebedrijf Wierts BV,LANDGRAAF,Postbus 32100  6370 JC LANDGRAAF,Rukkenerweg 5  6373 HL LANDGRAAF,045-5324899,//www.wiertsbv.nl,https://www.bouwendnederland.nl/vereniging/lidbedrijf-zoeken?page=112
Extin Bouw & Onderhoud B.V.,BRIELLE,'t Woud 35 G 3232 LN BRIELLE,'t Woud 35 G 3232 LN BRIELLE,085-4858310,//www.extinbouw.nl,https://www.bouwendnederland.nl/vereniging/lidbedrijf-zoeken?page=112
F-S-N B.V.,KRIMPEN AAN DEN IJSSEL,Vijverlaan 614  2925 VN KRIMPEN AAN DEN IJSSEL,Vijverlaan 614  2925 VN KRIMPEN AAN DEN IJSSEL,,,https://www.bouwendnederland.nl/vereniging/lidbedrijf-zoeken?page=112
F. van Craenenbroeck en Zonen v.o.f.,'S-HEERENHOEK,Burg van Horsighstraat 41  4453 CR 'S-HEERENHOEK,Burg. van Horshighstraat 41  4453 CR 'S-HEERENHOEK,0113-350929,,https://www.bouwendnederland.nl/vereniging/lidbedrijf-zoeken?page=112
F.C. Nienhuis Wegbeveiliging B.V.,HEERENVEEN,Innovatielaan 2  8447 SN HEERENVEEN,Innovatielaan 2  8447 SN HEERENVEEN,0513-645418,//www.fcnienhuis.nl,https://www.bouwendnederland.nl/vereniging/lidbedrijf-zoeken?page=112
F5 Projectengroep B.V.,IJSSELSTEIN UT,Postbus 150  3400 AD IJSSELSTEIN UT,Einsteinweg 35  3404LH IJSSELSTEIN UT,030-6887576,//www.f5.nl,https://www.bouwendnederland.nl/vereniging/lidbedrijf-zoeken?page=112
Fa. A. Mennega,EEXT,Kerkstraat 22  9463 RB EEXT,Kerkstraat 22  9463 RB EEXT,0592-261300,//www.mennegaeext.nl,https://www.bouwendnederland.nl/vereniging/lidbedrijf-zoeken?page=112
Fa. A.C. Valk & Zn.,HENDRIK IDO AMBACHT,Bouquet 11  3342 BA HENDRIK IDO AMBACHT,Bouquet 11  3342 BA HENDRIK IDO AMBACHT,078-6814621,//http://www.timmerbedrijfvalk.nl/index.php,https://www.bouwendnederland.nl/vereniging/lidbedrijf-zoeken?page=112
Fa. F. de Boer en Zn.,HEMRIK,Binnenwei 30  8409 JJ HEMRIK,Binnenwei 30  8409 JJ HEMRIK,0516-471381,//www.bouwbedrijfdeboer.com,https://www.bouwendnederland.nl/vereniging/lidbedrijf-zoeken?page=112
Fa. G. Bais,DEN HELDER,Weststraat 89  1781 BX DEN HELDER,Weststraat 89  1781 BX DEN HELDER,0223-614728,//www.gertbais.nl,https://www.bouwendnederland.nl/vereniging/lidbedrijf-zoeken?page=112
Fa. H. van der Put & Zn.,SOMMELSDIJK,Enkele Ring  71  3245 AH SOMMELSDIJK,Enkele Ring  71  3245 AH SOMMELSDIJK,0187-483585,//http://www.firmavanderput.nl,https://www.bouwendnederland.nl/vereniging/lidbedrijf-zoeken?page=112
Fa. H. van der Zee & Zonen,HARLINGEN,Grettingalaan 6  8862 ZC HARLINGEN,Grettingalaan 6  8862 ZC HARLINGEN,0517-415855,//www.zeebouw.nl,https://www.bouwendnederland.nl/vereniging/lidbedrijf-zoeken?page=112
Fa. J. Bos en Zonen,MOORDRECHT,Zuidplaspolderweg 17  2841 DC MOORDRECHT,Zuidplaspolderweg 17  2841 DC MOORDRECHT,0182-372298,//www.bosmoordrecht.nl,https://www.bouwendnederland.nl/vereniging/lidbedrijf-zoeken?page=112
Fa. J.H. Ouderkerk,BLESKENSGRAAF CA,Hofwegen 38  2971 XB BLESKENSGRAAF CA,Hofwegen 38  2971 XB BLESKENSGRAAF CA,0184-692703,//www.jhouderkerk.nl,https://www.bouwendnederland.nl/vereniging/lidbedrijf-zoeken?page=112
Fa. J.W. Welmer en Zonen,MARKELO,Luttekeveldweg 9  7475 RX MARKELO,Luttekeveldweg 9  7475 RX MARKELO,0547-361239,//www.bouwbedrijfwelmer.nl,https://www.bouwendnederland.nl/vereniging/lidbedrijf-zoeken?page=112
Fabribouw,ELST GLD,Postbus 104  6680 AC BEMMEL,Fahrenheitstraat 19  6662 PZ ELST GLD,088-1132200,//www.fabribouw.nl,https://www.bouwendnederland.nl/vereniging/lidbedrijf-zoeken?page=112
Facilicom Solutions BV,ROTTERDAM,Postbus 51027  3007 GA ROTTERDAM,Geyssendorfferweg 5  3088 GA ROTTERDAM,010-2976500,//www.breijer.nl,https://www.bouwendnederland.nl/vereniging/lidbedrijf-zoeken?page=112
Factotum Ecobouw,BOSKOOP,Rijneveld 35  2771 XX BOSKOOP,Rijneveld 35  2771 XX BOSKOOP,0172-213912,//www.factotumecobouw.nl,https://www.bouwendnederland.nl/vereniging/lidbedrijf-zoeken?page=112
FBS Bouwglas V.O.F.,FRANEKER,Kelvinstraat 5  8801 NA FRANEKER,Kelvinstraat 5  8801 NA FRANEKER,0517-383343,//www.fbsbouwglas.nl,https://www.bouwendnederland.nl/vereniging/lidbedrijf-zoeken?page=113
Felison Elektra BV,IJMUIDEN,Postbus 203  1970 AE IJMUIDEN,Ampèrestraat 23  1976 BG IJMUIDEN,0255-510943,//www.debranding.nl,https://www.bouwendnederland.nl/vereniging/lidbedrijf-zoeken?page=113
Fiberunie B.V.,HILVERSUM,Franciscusweg 4 a 1216 SK HILVERSUM,Franciscusweg 4 a 1216 SK HILVERSUM,085-1306895,//www.fiberunie.nl,https://www.bouwendnederland.nl/vereniging/lidbedrijf-zoeken?page=113
Figoo B.V.,Geldermalsen,H.J. van Brabantstraat  5  5256 EM Heusden,Bosmanskamp  24  4191 MV Geldermalsen,06-10578616,//www.figoo.nl,https://www.bouwendnederland.nl/vereniging/lidbedrijf-zoeken?page=113
Firma A.J. Lamboo en Zonen,HAGESTEIN,Tienhovenseweg 29  4124 KV HAGESTEIN,Tienhovenseweg 29  4124 KV HAGESTEIN,0345-512563,//www.aannemersbedrijf-culemborg-lamboo.nl,https://www.bouwendnederland.nl/vereniging/lidbedrijf-zoeken?page=113
Firma EGB. de Groot B.V.,AMSTERDAM,Zandpad-Driemond 8  1109 AG AMSTERDAM,Zandpad-Driemond 8  1109 AG AMSTERDAM,0294-412586,//www.egbdegroot.nl,https://www.bouwendnederland.nl/vereniging/lidbedrijf-zoeken?page=113
Firma Francke,OOSTKAPELLE,Waterstraat 9 a 4356 BJ OOSTKAPELLE,Waterstraat 9 a 4356 BJ OOSTKAPELLE,0118-581207,//www.firmafrancke.nl,https://www.bouwendnederland.nl/vereniging/lidbedrijf-zoeken?page=113
Firma H. Heijnen en Zn.,LEVEROY,Houtsberg 16  6091 NA LEVEROY,Houtsberg 16  6091 NA LEVEROY,0495-651450,//www.heynenbmh.nl,https://www.bouwendnederland.nl/vereniging/lidbedrijf-zoeken?page=113
Firma J. Eshuis en Zonen,VRIEZENVEEN,Postbus 24  7670 AA VRIEZENVEEN,Westeinde 296  7671 CL VRIEZENVEEN,0546-561250,//www.eshuisbouw.nl,https://www.bouwendnederland.nl/vereniging/lidbedrijf-zoeken?page=113
Firma J. Kobes & Zn.,BORNERBROEK,Entersestraat 12  7627 LV BORNERBROEK,Entersestraat 12  7627 LV BORNERBROEK,0546-812108,//www.kobesalmelo.nl,https://www.bouwendnederland.nl/vereniging/lidbedrijf-zoeken?page=113
Firma J.S. Klaver,ALKMAAR,Herenweg 109  A 1822 AD ALKMAAR,Herenweg 109  A 1822 AD ALKMAAR,072-5616365,//www.bouwbedrijfjklaver.nl,https://www.bouwendnederland.nl/vereniging/lidbedrijf-zoeken?page=113
Firma L. Mosselman en Zn.,'S-GRAVENHAGE,Lekstraat 148  2515 VZ 'S-GRAVENHAGE,Lekstraat 148  2515 VZ 'S-GRAVENHAGE,070-3475770,//www.lmosselman.nl,https://www.bouwendnederland.nl/vereniging/lidbedrijf-zoeken?page=113
Firma M.A. Rothman & Zoon,ALMEN,Scheggertdijk 8  7218 NA ALMEN,Scheggertdijk 8  7218 NA ALMEN,0575-432287,//www.bouwbedrijfrothman.nl,https://www.bouwendnederland.nl/vereniging/lidbedrijf-zoeken?page=113
Firma P. Rasenberg,TERHEIJDEN,Bredaseweg 7  4844 CK TERHEIJDEN,Bredaseweg 7  4844 CK TERHEIJDEN,076-5931050,//www.rasenberg-terheijden.nl,https://www.bouwendnederland.nl/vereniging/lidbedrijf-zoeken?page=113
Firma Van der Lecq en Droogers,BLEISWIJK,Edisonlaan 16  2665 JC BLEISWIJK,Edisonlaan 16  2665 JC BLEISWIJK,010-5213944,//www.ledro.nl,https://www.bouwendnederland.nl/vereniging/lidbedrijf-zoeken?page=113
Firma van Vredendaal en Zoon,MAARSSEN,Harmonieweg 1  3603 BN MAARSSEN,Harmonieweg 1  3603 BN MAARSSEN,0346-561356,//www.vanvredendaalenzn.nl,https://www.bouwendnederland.nl/vereniging/lidbedrijf-zoeken?page=113
Firma W. de Wit & Zn.,BOERAKKER,Hoofdweg 7  9361 PA BOERAKKER,Hoofdweg 7  9361 PA BOERAKKER,0594-549019,//www.dewitboerakker.nl,https://www.bouwendnederland.nl/vereniging/lidbedrijf-zoeken?page=113
Fittersbedrijf C. Ris BV,ASSENDELFT,Postbus 108  1620 AC HOORN NH,Dorpsstraat 206  1566 AT ASSENDELFT,040-3000,//www.c-ris.nl,https://www.bouwendnederland.nl/vereniging/lidbedrijf-zoeken?page=113
FixEnjoy Bouw B.V.,AMSTERDAM,Postbus 577  2900 AN CAPELLE AAN DEN IJSSEL,Jan Pieter Heijestraat 77 a 1053 GM AMSTERDAM,0616-799929,//www.fixenjoybouwservice.nl,https://www.bouwendnederland.nl/vereniging/lidbedrijf-zoeken?page=113
FixPlan B.V.,ROTTERDAM,Postbus 3014  3003 AA ROTTERDAM,Seinhuiswachter 19  3034 KH ROTTERDAM,010-2010300,//www.fixplan.nl,https://www.bouwendnederland.nl/vereniging/lidbedrijf-zoeken?page=113
FL B.V.,OOST WEST EN MIDDELBEERS,Postbus 205  5080 AE HILVARENBEEK,Putstraat 9  5091 TH OOST WEST EN MIDDELBEERS,013-5141423,//www.fl-groep.nl,https://www.bouwendnederland.nl/vereniging/lidbedrijf-zoeken?page=114
Flex Lasbedrijf,WATERINGEN,'s-Gravenzandseweg 68 a 2291 PE WATERINGEN,'s-Gravenzandseweg 68 a 2291 PE WATERINGEN,,,https://www.bouwendnederland.nl/vereniging/lidbedrijf-zoeken?page=114
Floris Aannemingsmaatschappij B.V.,WORMERVEER,Vlasblomweg 24  1521 PW WORMERVEER,Vlasblomweg 24  1521 PW WORMERVEER,075-6478989,//www.florisinfra.nl,https://www.bouwendnederland.nl/vereniging/lidbedrijf-zoeken?page=114
Floris Infra IJmuiden,IJMUIDEN,Deutzstraat 3  1976 BL IJMUIDEN,Deutzstraat 3  1976 BL IJMUIDEN,088-6477831,,https://www.bouwendnederland.nl/vereniging/lidbedrijf-zoeken?page=114
Flotidak,FRANEKER,De Wieken 17 a 8801 RA FRANEKER,De Wieken 17 a 8801 RA FRANEKER,,,https://www.bouwendnederland.nl/vereniging/lidbedrijf-zoeken?page=114
Flua B.V.,VEENENDAAL,Landjuweel 14  3905 PG VEENENDAAL,Landjuweel 14  3905 PG VEENENDAAL,0546-678888,//www.flua.nl,https://www.bouwendnederland.nl/vereniging/lidbedrijf-zoeken?page=114
Flux TC B.V,DIEMEN,Diemerhof 42  1112 XN DIEMEN,Diemerhof 42  1112 XN DIEMEN,020-8408600,//https://flux.partners/,https://www.bouwendnederland.nl/vereniging/lidbedrijf-zoeken?page=114
Folbert Bouw- en Aannemingsbedrijf,VRIEZENVEEN,Veenschapweg 6  7671 AV VRIEZENVEEN,Veenschapweg 6  7671 AV VRIEZENVEEN,0546-561314,//www.folbert.nl,https://www.bouwendnederland.nl/vereniging/lidbedrijf-zoeken?page=114
Formabouw B.V.,ZOETERWOUDE,Energieweg 41 B 2382 NC ZOETERWOUDE,Energieweg 41 B 2382 NC ZOETERWOUDE,071-5410432,//www.formabouw.nl,https://www.bouwendnederland.nl/vereniging/lidbedrijf-zoeken?page=114
Frab Aannemingsbedrijf B.V.,CASTRICUM,Achterlaan 5  1901 MH CASTRICUM,Achterlaan 5  1901 MH CASTRICUM,072-5052037,,https://www.bouwendnederland.nl/vereniging/lidbedrijf-zoeken?page=114
Frank Jochems Uitvoering en Bouwbegeleiding,BREDA,Rithsestraat 249  4838 GB BREDA,Rithsestraat 249  4838 GB BREDA,076-5223887,//https://frankjochems-uitvoeringenbouwbegeleiding.nl/,https://www.bouwendnederland.nl/vereniging/lidbedrijf-zoeken?page=114
Frank Wouterse Bouw & Renovatie,UTRECHT,Reyer Anslostraat 23  3522 DE UTRECHT,Reyer Anslostraat 23  3522 DE UTRECHT,030-2804353,//www.frankwouterse.nl,https://www.bouwendnederland.nl/vereniging/lidbedrijf-zoeken?page=114
Franken's Bouwbedrijf B.V.,BARNEVELD,Anthonie Fokkerstraat 45  3772 MP BARNEVELD,Anthonie Fokkerstraat 45  3772 MP BARNEVELD,0342-413377,//www.frankensbouwbedrijf.nl,https://www.bouwendnederland.nl/vereniging/lidbedrijf-zoeken?page=114
Franki Grondtechnieken B.V.,DORDRECHT,Laan van Europa 900  3317 DB DORDRECHT,Laan van Europa  900  3317 DB DORDRECHT,078-2062400,//www.franki-grondtechnieken.com,https://www.bouwendnederland.nl/vereniging/lidbedrijf-zoeken?page=114
Freesbedrijf Van der Steen B.V.,DRIEBRUGGEN,Esdoornstraat 23  3465 JL DRIEBRUGGEN,Esdoornstraat 23  3465 JL DRIEBRUGGEN,0348-502030,//www.freesbedrijf.nl,https://www.bouwendnederland.nl/vereniging/lidbedrijf-zoeken?page=114
Freesmij,MIJDRECHT,Communicatieweg 10  3641 SE MIJDRECHT,Communicatieweg 10  3641 SE MIJDRECHT,0297-282622,//www.freesmij.nl,https://www.bouwendnederland.nl/vereniging/lidbedrijf-zoeken?page=114
FreSjo B.V.,Kerkdriel,Rietveldenweg 49 a 5222 AP 'S-HERTOGENBOSCH,Hoorzik 7c a 5331 KG Kerkdriel,073-6892552,//www.fresjo.nl,https://www.bouwendnederland.nl/vereniging/lidbedrijf-zoeken?page=114
Freyssinet Zuidwest B.V.,OUD GASTEL,Postbus 280  4730 AG OUDENBOSCH,Argon 10  4751 XC OUD GASTEL,0165-518948,//www.freyssinet.nl,https://www.bouwendnederland.nl/vereniging/lidbedrijf-zoeken?page=114
Friso Bouwgroep B.V.,SNEEK,Postbus 49  8600 AA SNEEK,Pieter Zeemanstraat 9  8606 JG SNEEK,0515-429999,//www.frisobouwgroep.nl,https://www.bouwendnederland.nl/vereniging/lidbedrijf-zoeken?page=114
Friso Civiel | beton- en waterbouw,SNEEK,Postbus 49  8600 AA SNEEK,Pieter Zeemanstraat 9  8606 JG SNEEK,0515-436670,//www.frisociviel.nl,https://www.bouwendnederland.nl/vereniging/lidbedrijf-zoeken?page=114
Friso Groningen,GRONINGEN,Osloweg 125  9723 BK GRONINGEN,Osloweg 125  9723 BK GRONINGEN,050-5445200,//www.frisobouwgroep.nl,https://www.bouwendnederland.nl/vereniging/lidbedrijf-zoeken?page=115
Friso Totaalbouw B.V.,LEEUWARDEN,Siriusweg 3  8938 BB LEEUWARDEN,Siriusweg 3  8938 BB LEEUWARDEN,058-2674300,//www.frisobouwgroep.nl,https://www.bouwendnederland.nl/vereniging/lidbedrijf-zoeken?page=115
Frisoplan B.V.,SNEEK,Postbus 49  8600 AA SNEEK,Pieter Zeemanstraat 9  8606 JG SNEEK,0515-436666,,https://www.bouwendnederland.nl/vereniging/lidbedrijf-zoeken?page=115
Fuhler Wegenbouw,EMMEN,Postbus 2094  7801 CB EMMEN,Handelsweg 21  7826 TC EMMEN,0591-620449,//www.fuhler.nl,https://www.bouwendnederland.nl/vereniging/lidbedrijf-zoeken?page=115
Funderingsherstel Amsterdam B.V.,URK,Hoornse Hop 1 c 8321 WX URK,Hoornse Hop 1 c 8321 WX URK,085-0170025,//www.funderingsherstel-amsterdam.nl,https://www.bouwendnederland.nl/vereniging/lidbedrijf-zoeken?page=115
Funderingsspecialisten Driehouck v.o.f.,WORMERVEER,Industrieweg 15  1521 NC WORMERVEER,Industrieweg 15  1521 NC WORMERVEER,075-6286023,//www.driehouck.nl,https://www.bouwendnederland.nl/vereniging/lidbedrijf-zoeken?page=115
"Funderingstechnieken ""De Coogh"" BV",ZAANDAM,Daam Schijfweg 22 -24 1507 BD ZAANDAM,Daam Schijfweg 22 -24 1507 BD ZAANDAM,075-6163904,//www.decoogh.com,https://www.bouwendnederland.nl/vereniging/lidbedrijf-zoeken?page=115
G & S Bouw B.V.,AMSTERDAM,Postbus 22688  1100 DD AMSTERDAM ZUIDOOST,Paasheuvelweg 31  1105 BG AMSTERDAM,020-4526879,//www.gensbouw.nl,https://www.bouwendnederland.nl/vereniging/lidbedrijf-zoeken?page=115
G&D Projectmanagement B.V.,MHEER,Burgemeester Beckersweg 53  6261 NZ MHEER,Burgemeester Beckersweg 53  6261 NZ MHEER,043-4573341,//www.gdbouw.nl,https://www.bouwendnederland.nl/vereniging/lidbedrijf-zoeken?page=115
G. Morren Holding B.V.,WOUDENBERG,Parallelweg 9  3931 MS WOUDENBERG,Parallelweg 9  3931 MS WOUDENBERG,033-2862614,//www.morrenbouw.nl,https://www.bouwendnederland.nl/vereniging/lidbedrijf-zoeken?page=115
G. Niessen B.V.,HARDERWIJK,Fahrenheitstraat 36 B 3846 BN HARDERWIJK,Fahrenheitstraat 36 B 3846 BN HARDERWIJK,0341-265594,//www.gniessen.nl,https://www.bouwendnederland.nl/vereniging/lidbedrijf-zoeken?page=115
G. Roos Monnickendam Beheer,MONNICKENDAM,'t Prooyen 1  1141 VD MONNICKENDAM,'t Prooyen 1  1141 VD MONNICKENDAM,0299-656526,//www.leguitenroos.nl,https://www.bouwendnederland.nl/vereniging/lidbedrijf-zoeken?page=115
G. van der Ven B.V. Aannemingsbedrijf,BRAKEL,Postbus 13  5306 ZG BRAKEL,Van Heemstraweg 2  5306 TA BRAKEL,0418-671510,//www.vanderven.nl,https://www.bouwendnederland.nl/vereniging/lidbedrijf-zoeken?page=115
G. van Diepen Projecten & Advies B.V.,OPMEER,De Veken 10  1716 KE OPMEER,De Veken 10  1716 KE OPMEER,0226-352656,//www.vandiependakengevel.nl,https://www.bouwendnederland.nl/vereniging/lidbedrijf-zoeken?page=115
G.J. Derksen Infra B.V.,BREUKELEN UT,Oud Aa 16  3621 LC BREUKELEN UT,Oud Aa 16  3621 LC BREUKELEN UT,0346-262206,//www.gjderkseninfra.nl,https://www.bouwendnederland.nl/vereniging/lidbedrijf-zoeken?page=115
G.W. Gruppen Aannemersbedrijf B.V.,UTRECHT,Computerweg 13  3542 DP UTRECHT,Computerweg 13  3542 DP UTRECHT,020-6844584,//www.kramer-groep.bv,https://www.bouwendnederland.nl/vereniging/lidbedrijf-zoeken?page=115
Gamdo Groep B.V.,TUIL,Melssinghdreef 2  4176 BB TUIL,Melssinghdreef 2  4176 BB TUIL,0418-591347,//www.vangamerenjr.nl,https://www.bouwendnederland.nl/vereniging/lidbedrijf-zoeken?page=115
GB Construct BV,BERGEIJK,De Waterlaat 2  5571 MZ BERGEIJK,De Waterlaat 2  5571 MZ BERGEIJK,0497-556565,//www.gb-construct.nl,https://www.bouwendnederland.nl/vereniging/lidbedrijf-zoeken?page=115
GBS Holding B.V.,ENSCHEDE,Kwinkelerweg 223  7548 BS ENSCHEDE,Kwinkelerweg 223  7548 BS ENSCHEDE,053-4281389,//www.stokkers.nl,https://www.bouwendnederland.nl/vereniging/lidbedrijf-zoeken?page=115
GE-Bouw B.V.,VENRAY,Spurkt 3 C 5804 AR VENRAY,Spurkt 3 C 5804 AR VENRAY,0478-571609,//www.ge-bouw.nl,https://www.bouwendnederland.nl/vereniging/lidbedrijf-zoeken?page=115
GE-Bouw Oirlo-Landhorst B.V.,VENRAY,Spurkt 3 c 5804 AR VENRAY,Spurkt 3 c 5804 AR VENRAY,0478-571609,//www.ge-bouw.nl,https://www.bouwendnederland.nl/vereniging/lidbedrijf-zoeken?page=116
GE-Bouwbedrijven B.V.,VENRAY,Spurkt 3 C 5804 AR VENRAY,Spurkt 3 C 5804 AR VENRAY,0478-571609,//www.ge-bouw.nl,https://www.bouwendnederland.nl/vereniging/lidbedrijf-zoeken?page=116
Gebr. Beentjes GWW BV,UITGEEST,Geesterweg 6  1911 NB UITGEEST,Geesterweg 6  1911 NB UITGEEST,0251-313133,//www.beentjesgww.nl,https://www.bouwendnederland.nl/vereniging/lidbedrijf-zoeken?page=116
Gebr. Bouwman Sloop- en Grondwerken B.V.,AMSTERDAM,Heining 33  1047 AZ AMSTERDAM,Heining 33  1047 AZ AMSTERDAM,020-6829090,//www.bouwmansloopwerken.nl,https://www.bouwendnederland.nl/vereniging/lidbedrijf-zoeken?page=116
Gebr. C. & M. Korevaar B.V.,GIESSENBURG,Nijverheidsweg 4 a 3381 LM GIESSENBURG,Nijverheidsweg 4 a 3381 LM GIESSENBURG,0184-659149,//www.aannemingsbedrijfkorevaar.nl,https://www.bouwendnederland.nl/vereniging/lidbedrijf-zoeken?page=116
Gebr. de Haan Bussloo B.V.,VOORST GEM VOORST,Bussloselaan 28  7383 AG VOORST GEM VOORST,Bussloselaan 28  7383 AG VOORST GEM VOORST,0571-261361,//www.dehaanbussloo.nl,https://www.bouwendnederland.nl/vereniging/lidbedrijf-zoeken?page=116
Gebr. de Leeuw B.V.,OOSTERHOUT NB,Beurtvaartweg 8  4906 CN OOSTERHOUT NB,Beurtvaartweg 8  4906 CN OOSTERHOUT NB,0162-426884,//www.gebrdeleeuw.nl,https://www.bouwendnederland.nl/vereniging/lidbedrijf-zoeken?page=116
Gebr. De Waard Bestratingen V.O.F.,EGMOND AAN DEN HOEF,G. van IJsselsteinlaan 59  1934 GM EGMOND AAN DEN HOEF,G. van IJsselsteinlaan 59  1934 GM EGMOND AAN DEN HOEF,072-5065389,//www.dewaardbestratingen.nl,https://www.bouwendnederland.nl/vereniging/lidbedrijf-zoeken?page=116
Gebr. Hettema,LEEUWARDEN,Douwe Kalmaleane 83  8915 HD LEEUWARDEN,Bleeklaan 167  8921 HB LEEUWARDEN,058-2125090,//www.gebroeders-hettema.nl,https://www.bouwendnederland.nl/vereniging/lidbedrijf-zoeken?page=116
Gebr. Koenen B.V.,AMSTERDAM,Sloterweg 1221  1066 CG AMSTERDAM,Sloterweg 1221  1066 CG AMSTERDAM,020-6175731,//www.gebrkoenenbv.nl,https://www.bouwendnederland.nl/vereniging/lidbedrijf-zoeken?page=116
Gebr. Lambers B.V.,EMMEN,Pioniersweg 11  7826 TA EMMEN,Pioniersweg 11  7826 TA EMMEN,0591-625179,//www.gebrlambers.nl,https://www.bouwendnederland.nl/vereniging/lidbedrijf-zoeken?page=116
Gebr. Meijer Bouwbedrijf B.V.,RAALTE,Klipperweg 2  8102 HR RAALTE,Klipperweg 2  8102 HR RAALTE,0572-351863,//www.gebrmeijer.nl,https://www.bouwendnederland.nl/vereniging/lidbedrijf-zoeken?page=116
Gebr. Prins Bouw,LISSE,Berliozstraat 32  2162 VK LISSE,Berliozstraat 32  2162 VK LISSE,,,https://www.bouwendnederland.nl/vereniging/lidbedrijf-zoeken?page=116
Gebr. Rozendaal Timmer- en Bouwbedrijf B.V.,NIEUW LEKKERLAND,Lekdijk 240  2957 CK NIEUW LEKKERLAND,Lekdijk 240  2957 CK NIEUW LEKKERLAND,0184-682056,//www.rozendaalbouwbedrijf.nl,https://www.bouwendnederland.nl/vereniging/lidbedrijf-zoeken?page=116
Gebr. Schippers V.O.F.,VROOMSHOOP,Zwolsekanaal 29  7681 EC VROOMSHOOP,Zwolsekanaal 29  7681 EC VROOMSHOOP,0546-646510,//www.bouwbedrijfgebrschippers.nl,https://www.bouwendnederland.nl/vereniging/lidbedrijf-zoeken?page=116
Gebr. Van den Deijssel Bouwbedrijf v.o.f.,SOEST,Beetzlaan 85  3762 CB SOEST,Beetzlaan 85  3762 CB SOEST,035-6022702,//www.gebrvandendeijsselbouw.nl,https://www.bouwendnederland.nl/vereniging/lidbedrijf-zoeken?page=116
Gebr. Van der Veekens B.V.,ZAANDAM,Grote Tocht 42  1507 CG ZAANDAM,Grote Tocht 42  1507 CG ZAANDAM,075-6160410,//www.gebrvanderveekens.nl,https://www.bouwendnederland.nl/vereniging/lidbedrijf-zoeken?page=116
Gebr. van Kessel Buren B.V.,BUREN GLD,Kornedijk 7 a 4116 CE BUREN GLD,Kornedijk 7 a 4116 CE BUREN GLD,0344-578578,//www.kessel.nl,https://www.bouwendnederland.nl/vereniging/lidbedrijf-zoeken?page=116
Gebr. van Kessel Speciale Technieken en Producten B.V.,TILBURG,Watermanstraat 55  5015 TG TILBURG,Watermanstraat 55  5015 TG TILBURG,013-5479233,//www.kessel.nl,https://www.bouwendnederland.nl/vereniging/lidbedrijf-zoeken?page=116
Gebr. Van Kessel Wegenbouw B.V.,TILBURG,Watermanstraat 55  5015 TG TILBURG,Watermanstraat 55  5015 TG TILBURG,0135-479233,,https://www.bouwendnederland.nl/vereniging/lidbedrijf-zoeken?page=116
Gebr. van Kessel Wegenbouw B.V.,BUREN GLD,Postbus 710  4116 ZJ BUREN GLD,Kornedijk 7 a 4116 CE BUREN GLD,0344-578578,//www.kessel.nl,https://www.bouwendnederland.nl/vereniging/lidbedrijf-zoeken?page=117
Gebr. van Kessel Wegenbouw B.V.,DORDRECHT,Postbus 3034  3301 DA DORDRECHT,Donker Duyvisweg 95  3316 BL DORDRECHT,078-6441283,//www.kessel.nl,https://www.bouwendnederland.nl/vereniging/lidbedrijf-zoeken?page=117
Gebr. van Venrooij B.V.,WEURT,Metaalweg 39  6551 AC WEURT,Metaalweg 39  6551 AC WEURT,024-6782222,//www.vanvenrooij.nl,https://www.bouwendnederland.nl/vereniging/lidbedrijf-zoeken?page=117
Gebr. Van Waveren B.V.,MONNICKENDAM,'t Prooyen 1  1141 VD MONNICKENDAM,'t Prooyen 1  1141 VD MONNICKENDAM,0299-651708,,https://www.bouwendnederland.nl/vereniging/lidbedrijf-zoeken?page=117
Gebr. Verwoerd B.V.,NIEUWERSLUIS,Angstelkade 2 A-2.12 3631 NA NIEUWERSLUIS,Angstelkade 2 A-2.12 3631 NA NIEUWERSLUIS,,,https://www.bouwendnederland.nl/vereniging/lidbedrijf-zoeken?page=117
Gebr. Weijs v.o.f.,Vollenhove,Weg van Rollecate 19 e 8325 CP VOLLENHOVE,Weg van Rollecate 19 e 8325 CP Vollenhove,,,https://www.bouwendnederland.nl/vereniging/lidbedrijf-zoeken?page=117
Gebroeders Blokland Ontwikkeling en BouwB.V.,HARDINXVELD-GIESSENDAM,Postbus 236  3370 AE HARDINXVELD-GIESSENDAM,Moerbei 5  3371 NZ HARDINXVELD-GIESSENDAM,0184-620888,//www.gebroedersblokland.nl,https://www.bouwendnederland.nl/vereniging/lidbedrijf-zoeken?page=117
Gebroeders van As,ALMKERK,Molenstraat 12  4286 AR ALMKERK,Molenstraat 12  4286 AR ALMKERK,0183-401452,//www.gebrvanas.nl,https://www.bouwendnederland.nl/vereniging/lidbedrijf-zoeken?page=117
Gebroeders Wieringa Allround Timmerbedrijf B.V.,MIDDELSTUM,Pompsterweg 4  9991 TJ MIDDELSTUM,Pompsterweg 4  9991 TJ MIDDELSTUM,0595-551173,//www.gebroederswieringa.nl,https://www.bouwendnederland.nl/vereniging/lidbedrijf-zoeken?page=117
Gebrs. Hooghwerff B.V.,STRIJEN,Postbus 5717  3290 AA STRIJEN,Nijverheidsstraat 6  3291 CH STRIJEN,078-6741155,//www.gebrs-hooghwerff.nl,https://www.bouwendnederland.nl/vereniging/lidbedrijf-zoeken?page=117
Gebrs. Swinkels Grondwerken B.V.,HELMOND,Kanaaldijk Z.W. 5 c 5706 LD HELMOND,Kanaaldijk Z.W. 5 c 5706 LD HELMOND,0492-539798,//www.swinkelsgrondwerken.nl,https://www.bouwendnederland.nl/vereniging/lidbedrijf-zoeken?page=117
Gebrs. Van Gageldonk B.V.,DONGEN,St. Josephstraat 74  5104 EG DONGEN,St. Josephstraat 74  5104 EG DONGEN,0162-320583,//www.vangageldonk.nl,https://www.bouwendnederland.nl/vereniging/lidbedrijf-zoeken?page=117
Gebrs. Vreeling B.V.,AMSTERDAM,Nieuwendammerdijk 526 L8 1023 BX AMSTERDAM,Nieuwendammerdijk 526 L8 1023 BX AMSTERDAM,020-6368951,//www.vreelingbv.nl,https://www.bouwendnederland.nl/vereniging/lidbedrijf-zoeken?page=117
GeelRonitz Bouwgroep B.V.,BEVERWIJK,Postbus 521  1940 AM BEVERWIJK,Gooiland 55  1948 RD BEVERWIJK,0251-225122,//www.geelronitz.nl,https://www.bouwendnederland.nl/vereniging/lidbedrijf-zoeken?page=117
Geerdink Aannemersbedrijf B.V.,Brielle,Seggeweg 13  3237 ML BRIELLE,Seggeweg 13  3237 MK Brielle,088-4511010,//www.geerdink.eu,https://www.bouwendnederland.nl/vereniging/lidbedrijf-zoeken?page=117
Geerdink Aannemersbedrijf B.V.,LOENEN GLD,Hoofdweg 60  7371 AJ LOENEN GLD,Hoofdweg 60  7371 AJ LOENEN GLD,055-8434202,//www.aannemersbedrijfgeerdink.nl,https://www.bouwendnederland.nl/vereniging/lidbedrijf-zoeken?page=117
Gelderse Bouwmeesters,DODEWAARD,Edisonring 17  6669 NA DODEWAARD,Edisonring 17  6669 NA DODEWAARD,0480-727081,//www.geldersebouwmeesters.nl,https://www.bouwendnederland.nl/vereniging/lidbedrijf-zoeken?page=117
Geleiderail Midden Nederland B.V.,LOPIKERKAPEL,Batuwseweg 40  3412 KZ LOPIKERKAPEL,Batuwseweg 40  3412 KZ LOPIKERKAPEL,,,https://www.bouwendnederland.nl/vereniging/lidbedrijf-zoeken?page=117
Geo-Help advies en constructie,ARNHEM,Steenstraat 47 b 6828 CC ARNHEM,Steenstraat 47 b 6828 CC ARNHEM,,,https://www.bouwendnederland.nl/vereniging/lidbedrijf-zoeken?page=117
Geras Aannemersbedrijf,DIESSEN,De Buskes 4  5087 MA DIESSEN,De Buskes 4  5087 MA DIESSEN,013-5169750,//www.geras.nl,https://www.bouwendnederland.nl/vereniging/lidbedrijf-zoeken?page=117
Geras Aannemersbedrijf Woningbouw B.V.,DIESSEN,De Buskes 4  5087 MA DIESSEN,De Buskes 4  5087 MA DIESSEN,0135-169750,//www.geras.nl,https://www.bouwendnederland.nl/vereniging/lidbedrijf-zoeken?page=118
Gerbie,ALKMAAR,Boekelermeerweg 23  1812 PZ ALKMAAR,Boekelermeerweg 23  1812 PZ ALKMAAR,072-7437795,//www.gerbie.eu,https://www.bouwendnederland.nl/vereniging/lidbedrijf-zoeken?page=118
Germabouw B.V.,AMSTERDAM,Danzigerbocht 35  1013 AM AMSTERDAM,Danzigerbocht 35  1013 AM AMSTERDAM,020-4654300,//www.germabouw.nl,https://www.bouwendnederland.nl/vereniging/lidbedrijf-zoeken?page=118
Gerrit Flierman B.V.,Bathmen,Postbus 6263  7401 JG DEVENTER,Traasterdijk 1a  7437RZ Bathmen,0570-542086,//www.gerritfliermanbv.nl,https://www.bouwendnederland.nl/vereniging/lidbedrijf-zoeken?page=118
Geurts Beheer Landhorst B.V.,LANDHORST,Boekelsebaan 2  5445 NG LANDHORST,Boekelsebaan 2  5445 NG LANDHORST,,,https://www.bouwendnederland.nl/vereniging/lidbedrijf-zoeken?page=118
Geveke Bouw B.V.,EELDE,Postbus 19  9750 AA HAREN GN,Machlaan 35  9761 TK EELDE,050-5334777,//www.gevekebouw.nl,https://www.bouwendnederland.nl/vereniging/lidbedrijf-zoeken?page=118
Geveke Bouw Groningen,GRONINGEN,Peizerweg 148  9727 AR GRONINGEN,Peizerweg 148  9727 AR GRONINGEN,050-5260600,//www.gevekebouw.nl,https://www.bouwendnederland.nl/vereniging/lidbedrijf-zoeken?page=118
Geveke Ontwikkeling,EELDE,Postbus 19  9750 AA HAREN GN,Machlaan 35  9761 TK EELDE,050-5334750,//www.geveke-ontwikkeling.nl,https://www.bouwendnederland.nl/vereniging/lidbedrijf-zoeken?page=118
Gevel Alliantie B.V.,IJSSELMUIDEN,Kleiland 18  8271 RV IJSSELMUIDEN,Kleiland 18  8271 RV IJSSELMUIDEN,038-3031250,//www.gevelalliantie.nl,https://www.bouwendnederland.nl/vereniging/lidbedrijf-zoeken?page=118
Gevelherstel Groep B.V.,SCHOONHOVEN,Postbus 27  2870 AA SCHOONHOVEN,Industrieweg 7  2871 JE SCHOONHOVEN,,,https://www.bouwendnederland.nl/vereniging/lidbedrijf-zoeken?page=118
Gevelonderhoud ANO B.V.,WATERINGEN,Naaldwijkseweg 88 B 2291 PA WATERINGEN,Naaldwijkseweg 88 B 2291 PA WATERINGEN,0174-700268,//www.gevelonderhoudanobv.nl,https://www.bouwendnederland.nl/vereniging/lidbedrijf-zoeken?page=118
Gewo Timmerbedrijf,ZUTPHEN,Zonnehorst 7  7207 BT ZUTPHEN,Zonnehorst 7  7207 BT ZUTPHEN,0575-442952,//www.gewotimmerbedrijf.nl,https://www.bouwendnederland.nl/vereniging/lidbedrijf-zoeken?page=118
GF Deko B.V.,AMSTERDAM,Postbus 37423  1030 AK AMSTERDAM,Computerweg 45  1033 RH AMSTERDAM,020-6353333,//www.gfdeko.nl,https://www.bouwendnederland.nl/vereniging/lidbedrijf-zoeken?page=118
GFBK Amsterdam Beheer B.V.,AMSTERDAM,Computerweg 45  1033 RH AMSTERDAM,Computerweg 45  1033 RH AMSTERDAM,020-6353333,,https://www.bouwendnederland.nl/vereniging/lidbedrijf-zoeken?page=118
Giesbers Gebiedsontwikkeling,WIJCHEN,Postbus 64  6600 AB WIJCHEN,Nieuweweg 184  6603 BT WIJCHEN,024-6492811,//www.giesbersgebiedsontwikkeling.nl,https://www.bouwendnederland.nl/vereniging/lidbedrijf-zoeken?page=118
Giesbers Groep Ontwikkelen en Bouwen B.V.,ENSCHEDE,Tubantiasingel 63  7514 AB ENSCHEDE,Tubantiasingel 63  7514 AB ENSCHEDE,088-1009500,,https://www.bouwendnederland.nl/vereniging/lidbedrijf-zoeken?page=118
Giesbers Materieel B.V.,WIJCHEN,Postbus 490  6600 AL WIJCHEN,Jan van de Heijdenstraat 2 a 6603 BA WIJCHEN,024-6451067,//www.giesbersmaterieel.nl,https://www.bouwendnederland.nl/vereniging/lidbedrijf-zoeken?page=118
Giesbers Servicebouw B.V.,WIJCHEN,Postbus 64  6600 AB WIJCHEN,Nieuweweg 184  6603 BT WIJCHEN,024-3580875,//www.giesbersweeren.nl,https://www.bouwendnederland.nl/vereniging/lidbedrijf-zoeken?page=118
Giesbers-Rotterdam Bouw,ROTTERDAM,Schuttevaerweg 79  3044 BA ROTTERDAM,Schuttevaerweg 79  3044 BA ROTTERDAM,010-2620122,//www.giesbersrotterdam.nl,https://www.bouwendnederland.nl/vereniging/lidbedrijf-zoeken?page=118
Giesbers-Rotterdam Ontwikkeling B.V.,ROTTERDAM,Schuttevaerweg 79  3044 BA ROTTERDAM,Schuttevaerweg 79  3044 BA ROTTERDAM,010-2620122,,https://www.bouwendnederland.nl/vereniging/lidbedrijf-zoeken?page=118
Giesbers-Wijchen Bouw BV,WIJCHEN,Postbus 64  6600 AB WIJCHEN,Nieuweweg 184  6603 BT WIJCHEN,024-6492811,//www.giesberswijchen.nl,https://www.bouwendnederland.nl/vereniging/lidbedrijf-zoeken?page=119
Giesbers-Wijchen Ontwikkeling BV,WIJCHEN,Postbus 64  6600 AB WIJCHEN,Nieuweweg 184  6603 BT WIJCHEN,024-6492811,//www.giesberswijchen.nl,https://www.bouwendnederland.nl/vereniging/lidbedrijf-zoeken?page=119
Giga-Glas B.V.,GOIRLE,Fabrieksstraat 73  5051 HN GOIRLE,Fabrieksstraat 73  5051 HN GOIRLE,013-5342226,//www.giga-glas.com,https://www.bouwendnederland.nl/vereniging/lidbedrijf-zoeken?page=119
Gijben Aannemers- en Verhuurbedrijf B.V.,HEDEL,Drielseweg 24  5321 NC HEDEL,Drielseweg 24  5321 NC HEDEL,73-5949277,//www.gijbenaannemersbedrijf.nl,https://www.bouwendnederland.nl/vereniging/lidbedrijf-zoeken?page=119
Gijs & van Cleef B.V.,NAARDEN,Kobaltstraat 6  1411 AM NAARDEN,Kobaltstraat 6  1411 AM NAARDEN,035-6953477,//www.gijsvancleef.nl,https://www.bouwendnederland.nl/vereniging/lidbedrijf-zoeken?page=119
Gils Bouwservice en Onderhoud B.V.,HOOGEVEEN,Postbus 2065  7900 BB HOOGEVEEN,Industrieweg 5  7903 AH HOOGEVEEN,0528-246500,//www.gilsbso.nl,https://www.bouwendnederland.nl/vereniging/lidbedrijf-zoeken?page=119
GJ Infra B.V.,ZEVENBERGEN,Schansdijk 26  4761 RH ZEVENBERGEN,Schansdijk 26  4761 RH ZEVENBERGEN,0168-745003,//www.gjinfra.nl,https://www.bouwendnederland.nl/vereniging/lidbedrijf-zoeken?page=119
GKS Sloopwerken B.V.,SCHIPHOL,Valkweg 111  1118 ED SCHIPHOL,Valkweg 111  1118 ED SCHIPHOL,020-7952100,//www.gksloopwerken.nl,https://www.bouwendnederland.nl/vereniging/lidbedrijf-zoeken?page=119
Glas Amersfoort,AMERSFOORT,Lindeboomseweg 39  3825 AL AMERSFOORT,Lindeboomseweg 39  3825 AL AMERSFOORT,033-2857357,//www.glasamersfoort.com,https://www.bouwendnederland.nl/vereniging/lidbedrijf-zoeken?page=119
Glas groep B.V.,COLMSCHATE,Smeenkhof 9  7429 AX COLMSCHATE,Smeenkhof 9  7429 AX COLMSCHATE,0570-631717,//www.glas-groep.nl,https://www.bouwendnederland.nl/vereniging/lidbedrijf-zoeken?page=119
Glas Ockels B.V.,STADSKANAAL,Postbus 25  9500 AA STADSKANAAL,Steenhouwer 29  9502 EV STADSKANAAL,0599-612319,//www.DemuGlas.nl,https://www.bouwendnederland.nl/vereniging/lidbedrijf-zoeken?page=119
Glas Van Veen B.V.,WOERDEN,Finse Golf 14  3446 CK WOERDEN,Finse Golf 14  3446 CK WOERDEN,0348-437777,//www.vanveenglas.nl,https://www.bouwendnederland.nl/vereniging/lidbedrijf-zoeken?page=119
Glas- en Verfgroothandel J.L. van Es B.V.,SLIEDRECHT,Sportlaan 351  3364 DK SLIEDRECHT,Sportlaan 351  3364 DK SLIEDRECHT,0184-413630,//www.vanes-sliedrecht.nl,https://www.bouwendnederland.nl/vereniging/lidbedrijf-zoeken?page=119
Glas-Meesters B.V.,GRONINGEN,De Westerd 11 A 9321 AJ PEIZE,Timpweg 13  9731 AK GRONINGEN,,,https://www.bouwendnederland.nl/vereniging/lidbedrijf-zoeken?page=119
Glasbewerkingsbedrijf Vrenegoor,HAARLEM,Jan Tademaweg 11  2031 CT HAARLEM,Jan Tademaweg 11  2031 CT HAARLEM,023-5277187,//www.vrenegoor.nl,https://www.bouwendnederland.nl/vereniging/lidbedrijf-zoeken?page=119
GlasBouw MarVerre B.V.,GILZE,Tilburgsebaan 20  5126 PH GILZE,Tilburgsebaan 20  5126 PH GILZE,0161-456560,//www.marverre.nl,https://www.bouwendnederland.nl/vereniging/lidbedrijf-zoeken?page=119
Glasbouwtechniek B.V.,ALMERE,Draaibrugweg 18  1332 AD ALMERE,Draaibrugweg 18  1332 AD ALMERE,036-5490001,//www.glascentrum.com,https://www.bouwendnederland.nl/vereniging/lidbedrijf-zoeken?page=119
Glasbreuk Herstel,ST. WILLEBRORD,Canadastraat 4  4711 RG ST. WILLEBRORD,Canadastraat 4  4711 RG ST. WILLEBRORD,085-3301014,//wwww.glasbreukherstel.nl,https://www.bouwendnederland.nl/vereniging/lidbedrijf-zoeken?page=119
Glascentrale Midden Holland B.V.,HAZERSWOUDE-DORP,Schotlandlaan 10  2391 PP HAZERSWOUDE-DORP,Schotlandlaan 10 -12 2391 PP HAZERSWOUDE-DORP,0172-219040,//www.glascentralemiddenholland.nl,https://www.bouwendnederland.nl/vereniging/lidbedrijf-zoeken?page=119
Glascentrale Swinkels B.V.,EINDHOVEN,Willem Rosestraat 5  5622 GH EINDHOVEN,Willem Rosestraat 5  5622 GH EINDHOVEN,040-2440647,//www.swinkelsglas.nl,https://www.bouwendnederland.nl/vereniging/lidbedrijf-zoeken?page=119
"Glascentrale Swinkels B.V., Venray",Venray,Loek Nelissenstraat  2  5807 GT Venray,Loek Nelissenstraat  2  5807 GT Venray,,,https://www.bouwendnederland.nl/vereniging/lidbedrijf-zoeken?page=120
Glascentrum Utrecht B.V.,NIEUWEGEIN,Pascalbaan 2  3439 MP NIEUWEGEIN,Pascalbaan 2  3439 MP NIEUWEGEIN,030-2829494,//www.glascentrumutrecht.nl,https://www.bouwendnederland.nl/vereniging/lidbedrijf-zoeken?page=120
Glascom Tuinbouw B.V.,MAASDIJK,Honderdland 30  2676 LS MAASDIJK,Honderdland 30  2676 LS MAASDIJK,0174-510082,//www.glascomtuinbouw.nl,https://www.bouwendnederland.nl/vereniging/lidbedrijf-zoeken?page=120
GlasConstruct,LEEUWARDEN,Postbus 7618  8903 JP LEEUWARDEN,Vestaweg 34  8938 AV LEEUWARDEN,058-2848320,//www.glasconstruct.nl,https://www.bouwendnederland.nl/vereniging/lidbedrijf-zoeken?page=120
Glasdesign B.V.,SCHIEDAM,van Doornestraat 2  3125 BL SCHIEDAM,van Doornestraat  2  3125 BL SCHIEDAM,010-2472220,//www.glasdesign.nl,https://www.bouwendnederland.nl/vereniging/lidbedrijf-zoeken?page=120
Glasgroothandel en -industrie Van Noordenne B.V.,KAMPEN,Ertsstraat 1  8263 BN KAMPEN,Ertsstraat 1  8263 BN KAMPEN,038-3370250,//www.noordennegroep.nl,https://www.bouwendnederland.nl/vereniging/lidbedrijf-zoeken?page=120
Glasgroothandel en -industrie van Noordenne B.V.,HARDINXVELD-GIESSENDAM,Transportweg 11  3371 MA HARDINXVELD-GIESSENDAM,Transportweg 75  3371 MA HARDINXVELD-GIESSENDAM,0184-675875,//www.noordennegroep.nl,https://www.bouwendnederland.nl/vereniging/lidbedrijf-zoeken?page=120
Glasgroothandel Van der Ham B.V.,OSS,Spaanderstraat 36  5348 LA OSS,Spaanderstraat 36  5348 LA OSS,0412-634455,//www.hamglas.nl,https://www.bouwendnederland.nl/vereniging/lidbedrijf-zoeken?page=120
Glashandel ‘t Fean,HEERENVEEN,Wolfraamweg 8  8445 PL HEERENVEEN,Wolfraamweg 8  8445 PL HEERENVEEN,0513-769033,//www.glashandeltfaen.nl,https://www.bouwendnederland.nl/vereniging/lidbedrijf-zoeken?page=120
Glashandel A. van Haagen B.V.,BENEDEN-LEEUWEN,Van Haagenstraat 2  6658 DX BENEDEN-LEEUWEN,Van Haagenstraat 2  6658 DX BENEDEN-LEEUWEN,0487-591532,//www.vanhaagen.nl,https://www.bouwendnederland.nl/vereniging/lidbedrijf-zoeken?page=120
Glashandel Accuut B.V.,AMSTERDAM,Van Slingelandtstraat 35 a 1051 CG AMSTERDAM,Van Slingelandtstraat 35 a 1051 CG AMSTERDAM,020-6829557,//www.accuut.nl,https://www.bouwendnederland.nl/vereniging/lidbedrijf-zoeken?page=120
Glashandel de Kroon,ALKMAAR,Wezelkoog 44  1822 BL ALKMAAR,Wezelkoog 44  1822 BL ALKMAAR,072-5611903,//www.glashandeldekroon.nl,https://www.bouwendnederland.nl/vereniging/lidbedrijf-zoeken?page=120
Glashandel Devri Amsterdam B.V.,ALMERE,Vlaardingenstraat 11  1324 LA ALMERE,Vlaardingenstraat 11  1324 LA ALMERE,020-6881490,//www.devriglas.nl,https://www.bouwendnederland.nl/vereniging/lidbedrijf-zoeken?page=120
Glashandel Hillegom B.V.,HILLEGOM,Marconistraat 30  2181 AK HILLEGOM,Marconistraat 30  2181 AK HILLEGOM,0252-515120,//www.glashandelhillegom.nl,https://www.bouwendnederland.nl/vereniging/lidbedrijf-zoeken?page=120
Glashandel J. Snel B.V.,ROTTERDAM,Gouderakstraat 14 -16 3079 DB ROTTERDAM,Gouderakstraat 14 -16 3079 DB ROTTERDAM,010-4795211,//www.snelglas.nl,https://www.bouwendnederland.nl/vereniging/lidbedrijf-zoeken?page=120
Glashandel Koelewijn B.V.,BUNSCHOTEN-SPAKENBURG,Copernicusweg 7  3752 LZ BUNSCHOTEN-SPAKENBURG,Copernicusweg 7  3752 LZ BUNSCHOTEN-SPAKENBURG,033-2996363,//www.glashandelkoelewijn.nl,https://www.bouwendnederland.nl/vereniging/lidbedrijf-zoeken?page=120
Glashandel Martin de Boer V.O.F.,LEEUWARDEN,Apolloweg 4  8938 AT LEEUWARDEN,Apolloweg 4  8938 AT LEEUWARDEN,058-2125870,//www.martindeboer.nl,https://www.bouwendnederland.nl/vereniging/lidbedrijf-zoeken?page=120
Glashandel Nicolai,DOKKUM,Doorvaart 5  9101 RE DOKKUM,Doorvaart 5  9101 RE DOKKUM,0519-223687,//www.glashandel-nicolai.nl,https://www.bouwendnederland.nl/vereniging/lidbedrijf-zoeken?page=120
Glashandel Noord B.V.,AMSTERDAM,Slijperweg 3  1032 KT AMSTERDAM,Slijperweg 3  1032 KT AMSTERDAM,020-6323826,//www.glashandelnoord.nl,https://www.bouwendnederland.nl/vereniging/lidbedrijf-zoeken?page=120
Glashandel P.B. Emmery B.V.,BARENDRECHT,Augustapolder 2 -6 2992 SR BARENDRECHT,Augustapolder 2 -6 2992 SR BARENDRECHT,0180-612843,//www.glashandelemmery.nl,https://www.bouwendnederland.nl/vereniging/lidbedrijf-zoeken?page=120
Glashandel Raijmakers B.V.,ROTTERDAM,Dovenetelstraat 9  3053 JD ROTTERDAM,Dovenetelstraat 9  3053 JD ROTTERDAM,010-4220862,//www.glashandelraijmakers.nl,https://www.bouwendnederland.nl/vereniging/lidbedrijf-zoeken?page=121
Glashandel van Es B.V.,'S-GRAVENHAGE,Oder 11  2491 DD 'S-GRAVENHAGE,Oder 11  2491 DD 'S-GRAVENHAGE,070-8209802,//www.vanesglas.nl,https://www.bouwendnederland.nl/vereniging/lidbedrijf-zoeken?page=121
Glashandel van Opdorp B.V.,'S-HERTOGENBOSCH,Spanjaardwaard 43  5236 XR 'S-HERTOGENBOSCH,Spanjaardwaard 43  5236 XR 'S-HERTOGENBOSCH,073-6417439,//www.opdorp.nl,https://www.bouwendnederland.nl/vereniging/lidbedrijf-zoeken?page=121
Glashandel Verbo B.V.,EINDHOVEN,Postbus 593  5600 AN EINDHOVEN,Hooge Zijde 24  5626 DC EINDHOVEN,040-2455655,//www.glashandelverbo.nl,https://www.bouwendnederland.nl/vereniging/lidbedrijf-zoeken?page=121
Glasimport Greenhouses B.V.,KWINTSHEUL,Bovendijk 35  2295 RV KWINTSHEUL,Bovendijk 35  2295 RV KWINTSHEUL,0174-294340,//www.glasimport.nl,https://www.bouwendnederland.nl/vereniging/lidbedrijf-zoeken?page=121
Glasindustrie Ben Evers B.V.,SCHIJNDEL,Galvaniweg 10  5482 TN SCHIJNDEL,Galvaniweg 10  5482 TN SCHIJNDEL,073-5474567,//www.benevers.nl,https://www.bouwendnederland.nl/vereniging/lidbedrijf-zoeken?page=121
Glasindustrie La Paloma B.V.,APELDOORN,Molenstraat 145  7321 BD APELDOORN,Molenstraat 145  7321 BD APELDOORN,055-3666666,//www.la-paloma.com,https://www.bouwendnederland.nl/vereniging/lidbedrijf-zoeken?page=121
Glaslinq Deventer B.V.,DEVENTER,Hamburgweg 29  7418 ES DEVENTER,Hamburgweg 29  7418 ES DEVENTER,0570-676408,//www.glas-linq.nl,https://www.bouwendnederland.nl/vereniging/lidbedrijf-zoeken?page=121
Glaslinq Groningen B.V.,GRONINGEN,Wismarweg 7  9723 HC GRONINGEN,Wismarweg 7  9723 HC GRONINGEN,050-5490629,//www.vagglas.nl,https://www.bouwendnederland.nl/vereniging/lidbedrijf-zoeken?page=121
Glaslinq Meppel B.V.,MEPPEL,Zomerdijk 16  7942 JT MEPPEL,Zomerdijk 16  7942 JT MEPPEL,0522-240300,,https://www.bouwendnederland.nl/vereniging/lidbedrijf-zoeken?page=121
Glaslinq Sneek B.V.,SNEEK,Smidsstraat 18  8601 WB SNEEK,Smidsstraat 18  8601 WB SNEEK,0515-412853,//www.glaslinq.nl,https://www.bouwendnederland.nl/vereniging/lidbedrijf-zoeken?page=121
Glasmij Venlo B.V.,STEYL,Roermondseweg 150 a 5935 AE TEGELEN,Roermondseweg 150 a 5935 AE STEYL,077-3262777,//www.glasmij.com,https://www.bouwendnederland.nl/vereniging/lidbedrijf-zoeken?page=121
Glason Hab B.V.,LELYSTAD,Jol 11 -13 8243 ED LELYSTAD,Jol 11 -13 8243 ED LELYSTAD,0320-232400,//www.glason.nl,https://www.bouwendnederland.nl/vereniging/lidbedrijf-zoeken?page=121
Glason Nunspeet,NUNSPEET,Oosteinderweg 92  8072 PD NUNSPEET,Oosteinderweg 92  8072 PD NUNSPEET,0341-217100,//www.glason.nl,https://www.bouwendnederland.nl/vereniging/lidbedrijf-zoeken?page=121
Glass for Glass,RIDDERKERK,Wagenmakerstraat 10  2984 BD RIDDERKERK,Wagenmakerstraat 10  2984 BD RIDDERKERK,,,https://www.bouwendnederland.nl/vereniging/lidbedrijf-zoeken?page=121
Glasservice IJsselstein B.V.,IJSSELSTEIN UT,Linnaeusweg 12  3401 MS IJSSELSTEIN UT,Linnaeusweg 12  3401 MS IJSSELSTEIN UT,030-6875650,//www.glasserviceijsselstein.nl,https://www.bouwendnederland.nl/vereniging/lidbedrijf-zoeken?page=121
Glasservices van Essen B.V.,EPE,Hammerstraat 8  8161 PH EPE,Hammerstraat 8  8161 PH EPE,0578-613001,//www.vanessenglas.nl,https://www.bouwendnederland.nl/vereniging/lidbedrijf-zoeken?page=121
Glassi,HELMOND,1e Tussendijk 5  5705 CG HELMOND,1e Tussendijk 5  5705 CG HELMOND,085-7827630,//www.glassi.com,https://www.bouwendnederland.nl/vereniging/lidbedrijf-zoeken?page=121
Glastechniek Friesland,Feanwalden,Munestrjitte 56  9269 TW Feanwalden,Munestrjitte 56  9269 TW Feanwalden,,,https://www.bouwendnederland.nl/vereniging/lidbedrijf-zoeken?page=121
Glaswacht Zaanstreek B.V.,ZAANDAM,Zomerdijk 26  1505 HW ZAANDAM,Zomerdijk 26  1505 HW ZAANDAM,075-6173396,//www.de-glaswacht.nl,https://www.bouwendnederland.nl/vereniging/lidbedrijf-zoeken?page=121
Glaszettersbedrijf Petersen,ERMELO,Hamburgerweg 47  3851 EG ERMELO,Hamburgerweg 47  3851 EG ERMELO,0341-842893,//www.glaszettersbedrijfpetersen.nl,https://www.bouwendnederland.nl/vereniging/lidbedrijf-zoeken?page=122
Global Glass Group B.V.,ZWANENBURG,Weerenweg 16  1161 AH ZWANENBURG,Weerenweg 16  1161 AH ZWANENBURG,020-3032892,//www.globalglassgroup.com,https://www.bouwendnederland.nl/vereniging/lidbedrijf-zoeken?page=122
GMAQ B.V.,HOOGEVEEN,Zeppelinstraat 12  7903 BP HOOGEVEEN,Zeppelinstraat 12  7903 BP HOOGEVEEN,085-0712127,//www.gmaq.nl,https://www.bouwendnederland.nl/vereniging/lidbedrijf-zoeken?page=122
GMB Beheer B.V.,OPHEUSDEN,Postbus 2  4043 ZG OPHEUSDEN,Dalwagenseweg 51  4043 MT OPHEUSDEN,088-8854000,//www.gmb.eu,https://www.bouwendnederland.nl/vereniging/lidbedrijf-zoeken?page=122
GMB BioEnergie B.V.,OPHEUSDEN,Postbus 2  4043 ZG OPHEUSDEN,Dalwagenseweg 51  4043 MT OPHEUSDEN,088-8854000,//www.gmb.eu,https://www.bouwendnederland.nl/vereniging/lidbedrijf-zoeken?page=122
GMB BioEnergie Tiel B.V.,OPHEUSDEN,Postbus 2  4043 ZG OPHEUSDEN,Dalwagenseweg 51  4043 MT OPHEUSDEN,088-8854300,//www.gmb.eu,https://www.bouwendnederland.nl/vereniging/lidbedrijf-zoeken?page=122
GMB BioEnergie Zutphen B.V.,ZUTPHEN,Oostzeestraat 3 b 7202 CM ZUTPHEN,Oostzeestraat 3 b 7202 CM ZUTPHEN,088-8854300,//www.gmb.eu,https://www.bouwendnederland.nl/vereniging/lidbedrijf-zoeken?page=122
GMB Civiel B.V.,OPHEUSDEN,Postbus 2  4043 ZG OPHEUSDEN,Dalwagenseweg 51  4043 MT OPHEUSDEN,088-8854000,//www.gmb.eu,https://www.bouwendnederland.nl/vereniging/lidbedrijf-zoeken?page=122
GMB Civiel B.V.,HEERJANSDAM,Postbus 33  2995 ZG HEERJANSDAM,Industrieweg 15  2995 BE HEERJANSDAM,088-8854100,//www.gmb.eu,https://www.bouwendnederland.nl/vereniging/lidbedrijf-zoeken?page=122
GMB Civiel B.V.,OPHEUSDEN,Postbus 2  4043 ZG OPHEUSDEN,Dalwagenseweg 51  4043 MT OPHEUSDEN,088-8854000,//www.gmb.eu,https://www.bouwendnederland.nl/vereniging/lidbedrijf-zoeken?page=122
GMB Holding B.V.,OPHEUSDEN,Postbus 2  4043 ZG OPHEUSDEN,Dalwagenseweg 51  4043 MT OPHEUSDEN,088-8854000,//www.gmb.eu,https://www.bouwendnederland.nl/vereniging/lidbedrijf-zoeken?page=122
GMB Rioleringstechnieken B.V.,KAMPEN,Dieselstraat 17  8263 AE KAMPEN,Dieselstraat 17  8263 AE KAMPEN,088-8854200,//www.gmb.eu,https://www.bouwendnederland.nl/vereniging/lidbedrijf-zoeken?page=122
GMB RKG-service B.V.,KAMPEN,Dieselstraat 17  8263 AE KAMPEN,Dieselstraat 17  8263 AE KAMPEN,088-8854200,//www.gmb.eu,https://www.bouwendnederland.nl/vereniging/lidbedrijf-zoeken?page=122
GMB Services B.V.,OPHEUSDEN,Postbus 2  4043 ZG OPHEUSDEN,Dalwagenseweg 51  4043 MT OPHEUSDEN,088-8854000,//www.gmb.eu,https://www.bouwendnederland.nl/vereniging/lidbedrijf-zoeken?page=122
GN Bouw B.V.,DORDRECHT,Amstelwijckweg 14  3316 BB DORDRECHT,Amstelwijckweg 14  3316 BB DORDRECHT,078-6183677,//www.gn-bouw.nl,https://www.bouwendnederland.nl/vereniging/lidbedrijf-zoeken?page=122
Goed-Bouw B.V.,DE KLOMP,Pakhuisweg 1 C 6745 XA DE KLOMP,Pakhuisweg 1 C 6745 XA DE KLOMP,085-0710500,//www.goed-bouw.nl,https://www.bouwendnederland.nl/vereniging/lidbedrijf-zoeken?page=122
GoedBouw,AMSTERDAM,Hullenbergweg 300  1101 BV AMSTERDAM,Hullenbergweg 300  1101 BV AMSTERDAM,020-2391261,//www.goedbouw.nl,https://www.bouwendnederland.nl/vereniging/lidbedrijf-zoeken?page=122
Goemaat B.V.,GOEDEREEDE,Provincialeweg 14  3252 LR GOEDEREEDE,Provincialeweg 14  3252 LR GOEDEREEDE,0187-492648,//www.goemaat.nl,https://www.bouwendnederland.nl/vereniging/lidbedrijf-zoeken?page=122
Goessens Bouwbedrijven B.V.,PUTH,Kerkweg 31  6155 KK PUTH,Kerkweg 31  6155 KK PUTH,046-4431207,//www.goessensbouwbedrijven.nl,https://www.bouwendnederland.nl/vereniging/lidbedrijf-zoeken?page=122
Goetheer en Huissoon Holding BV,KAPELLE,Biezelingseweg 2 a 4421 KN KAPELLE,Biezelingseweg 2 a 4421 KN KAPELLE,0113-333040,//www.goetheer-huissoon.nl,https://www.bouwendnederland.nl/vereniging/lidbedrijf-zoeken?page=122
Gog Glas B.V.,GELDROP,Emopad 37 D 5663 PA GELDROP,Emopad 37 D 5663 PA GELDROP,040-2851098,//www.gogglas.nl,https://www.bouwendnederland.nl/vereniging/lidbedrijf-zoeken?page=123
GOLDBECK Nederland B.V.,ARNHEM,Meander 901  6825 MH ARNHEM,Meander 901  6825 MH ARNHEM,026-8001211,//www.goldbeck.nl,https://www.bouwendnederland.nl/vereniging/lidbedrijf-zoeken?page=123
Gommers Nijmegen B.V.,NIJMEGEN,Postbus 6566  6503 GB NIJMEGEN,Dr. de Blecourtstraat 59  6541 DG NIJMEGEN,024-3775012,//www.gommers.nl,https://www.bouwendnederland.nl/vereniging/lidbedrijf-zoeken?page=123
Gooi's Bouwbedrijf G.B.B. B.V.,NAARDEN,Postbus 5011  1410 AA NAARDEN,Rubberstraat 7  1411 AL NAARDEN,035-6953535,//www.gooisbouwbedrijf.nl,https://www.bouwendnederland.nl/vereniging/lidbedrijf-zoeken?page=123
Goorhuis Bouwers B.V.,KOOTWIJKERBROEK,Garderbroekerweg 130  3774 JH KOOTWIJKERBROEK,Garderbroekerweg 130  3774 JH KOOTWIJKERBROEK,0342-443711,//www.bouwbedrijfgoorhuisbv.nl,https://www.bouwendnederland.nl/vereniging/lidbedrijf-zoeken?page=123
Goossen Te Pas Bouw B.V.,ENSCHEDE,Postbus 2  7500 AA ENSCHEDE,Marssteden 200  7547 TD ENSCHEDE,053-4330410,//www.goossentepasbouw.nl,https://www.bouwendnederland.nl/vereniging/lidbedrijf-zoeken?page=123
Gorisse Bouw B.V.,OOSTERHOUT NB,Everdenberg 67  4902 TT OOSTERHOUT NB,Everdenberg 67  4902 TT OOSTERHOUT NB,0162-748074,//www.gorissebouw.nl,https://www.bouwendnederland.nl/vereniging/lidbedrijf-zoeken?page=123
Goudriaan-Jongerius B.V.,WAARDER,De Groendijck 63  3466 NJ WAARDER,De Groendijck 63  3466 NJ WAARDER,0348-501326,//www.goudriaanjongerius.nl,https://www.bouwendnederland.nl/vereniging/lidbedrijf-zoeken?page=123
Gouwe Bouw B.V.,MOORDRECHT,Zuidbaan 517  2841 MD MOORDRECHT,Zuidbaan 517  2841 MD MOORDRECHT,0182-636704,//www.gouwebouw.nl,https://www.bouwendnederland.nl/vereniging/lidbedrijf-zoeken?page=123
GP Groot Infra B.V.,ALKMAAR,Boekelerdijk 19  1812 LV ALKMAAR,Boekelerdijk 19  1812 LV ALKMAAR,,,https://www.bouwendnederland.nl/vereniging/lidbedrijf-zoeken?page=123
GP Groot infrarealisatie B.V.,ALKMAAR,Boekelerdijk 19  1812 LV ALKMAAR,Boekelerdijk 19  1812 LV ALKMAAR,088-4720700,//www.gpgroot.nl,https://www.bouwendnederland.nl/vereniging/lidbedrijf-zoeken?page=123
GP Groot sloopwerken en saneringen B.V.,ALKMAAR,Boekelerdijk 19  1812 LV ALKMAAR,Boekelerdijk 19  1812 LV ALKMAAR,,,https://www.bouwendnederland.nl/vereniging/lidbedrijf-zoeken?page=123
Graaf Bouw (Barendrecht) B.V.,BARENDRECHT,Voordijk 494  2993 BE BARENDRECHT,Voordijk 494  2993 BE BARENDRECHT,0180-744155,//www.graaf-bouw.nl,https://www.bouwendnederland.nl/vereniging/lidbedrijf-zoeken?page=123
Graaff Bouwgroep B.V.,'S-GRAVENHAGE,Tiber 2  2491 DH 'S-GRAVENHAGE,Tiber 2  2491 DH 'S-GRAVENHAGE,070-2007781,//www.graaff.nl,https://www.bouwendnederland.nl/vereniging/lidbedrijf-zoeken?page=123
Granneman Bouw B.V.,LEIDSCHENDAM,Veenpolderseweg 14  2266 GA LEIDSCHENDAM,Veenpolderseweg 14  2266 GA LEIDSCHENDAM,071-5803333,//www.grannemanbv.nl,https://www.bouwendnederland.nl/vereniging/lidbedrijf-zoeken?page=123
GrausBouw B.V.,HOENSBROEK,De Koumen 41 -43 6433 KG HOENSBROEK,De Koumen 41 -43 6433 KG HOENSBROEK,045-5252623,//www.grausbouw.nl,https://www.bouwendnederland.nl/vereniging/lidbedrijf-zoeken?page=123
Green Three B.V.,HILVERSUM,Zuiderloswal 25  1216 CJ HILVERSUM,Zuiderloswal 25  1216 CJ HILVERSUM,0621-321350,//www.green-three.nl,https://www.bouwendnederland.nl/vereniging/lidbedrijf-zoeken?page=123
Gremmé Aannemingsbedrijf B.V.,DE MEERN,Zandweg 98  3454 JX DE MEERN,Veldzigt 55  3454 PW DE MEERN,030-6664463,//www.aannemersbedrijfgremme.nl,https://www.bouwendnederland.nl/vereniging/lidbedrijf-zoeken?page=123
Grid Bouwgroep B.V.,BUNSCHOTEN-SPAKENBURG,Molenstraat 67 A 3752 CK BUNSCHOTEN-SPAKENBURG,Molenstraat 67 A 3752 CK BUNSCHOTEN-SPAKENBURG,033-3038250,//www.gridbouwgroep.nl,https://www.bouwendnederland.nl/vereniging/lidbedrijf-zoeken?page=123
Gridon B.V.,AMSTERDAM,Adriaan Ditvoorsthof 9  1087 GX AMSTERDAM,Adriaan Ditvoorsthof 9  1087 GX AMSTERDAM,,,https://www.bouwendnederland.nl/vereniging/lidbedrijf-zoeken?page=123
Groen-Punt Groep B.V.,ROTTERDAM,Chroomstraat 1 d 3067 GN ROTTERDAM,Chroomstraat 1 d 3067 GN ROTTERDAM,010-4206026,//http://www.groen-puntbv.nl/,https://www.bouwendnederland.nl/vereniging/lidbedrijf-zoeken?page=124
Groenaannemingsbedrijf Punt B.V.,ROTTERDAM,Chroomstraat 1 D 3067 GN ROTTERDAM,Chroomstraat 1 D 3067 GN ROTTERDAM,010-4206026,//www.groen-puntbv.nl,https://www.bouwendnederland.nl/vereniging/lidbedrijf-zoeken?page=124
Groendijk Aannemersbedrijf B.V.,BERLTSUM,Bitgumerdyk 34  9041 CE BERLTSUM,Bitgumerdyk 34  9041 CE BERLTSUM,0518-419114,,https://www.bouwendnederland.nl/vereniging/lidbedrijf-zoeken?page=124
Groenewold Bouw B.V.,Groenewold Bouw,Leerlooier 5 A 9502 KG STADSKANAAL,Leerlooijer  5 A 9502 KG Groenewold Bouw,0599-700282,//www.groenewoldbouw.nl,https://www.bouwendnederland.nl/vereniging/lidbedrijf-zoeken?page=124
Groenluik B.V.,Nieuwegein,Ravenswade 132  3439 LD NIEUWEGEIN,Ravenswade  132  3439 LD Nieuwegein,4085-2916,//www.groenluik.nl,https://www.bouwendnederland.nl/vereniging/lidbedrijf-zoeken?page=124
Groenveste B.V.,STAPHORST,Achthoevenweg 34  7951 SK STAPHORST,Achthoevenweg 34  7951 SK STAPHORST,052-2701016,//www.groenveste.nl,https://www.bouwendnederland.nl/vereniging/lidbedrijf-zoeken?page=124
Grondboorbedrijf Haitjema BV,DEDEMSVAART,Wisseling 10  7701 GS DEDEMSVAART,Wisseling 10  7701 GS DEDEMSVAART,0523-612061,//www.haitjema.nl,https://www.bouwendnederland.nl/vereniging/lidbedrijf-zoeken?page=124
Grondboortechniek en Bronbemaling Theo van Velzen B.V.,ALKMAAR,Pyrietstraat 1  1812 SC ALKMAAR,Pyrietstraat 1  1812 SC ALKMAAR,072-5331720,//www.theovanvelzen.nl,https://www.bouwendnederland.nl/vereniging/lidbedrijf-zoeken?page=124
Grondverzet- en aannemingsbedrijf van der Meer BV,SCHARNEGOUTUM,Trekdyk 4  8629 EG SCHARNEGOUTUM,Trekdyk 4  8629 EG SCHARNEGOUTUM,0515-413879,//www.vander-meer.nl,https://www.bouwendnederland.nl/vereniging/lidbedrijf-zoeken?page=124
Grondwerken Rouwmaat Groenlo B.V.,GROENLO,Postbus 74  7140 AB GROENLO,Den Sliem 93  7141 JG GROENLO,0544-474040,//www.rouwmaat.nl,https://www.bouwendnederland.nl/vereniging/lidbedrijf-zoeken?page=124
Groninger Glashandel B.V.,GRONINGEN,Stavangerweg 45  9723 JC GRONINGEN,Stavangerweg 45  9723 JC GRONINGEN,050-2110696,//www.groningerglashandel.nl,https://www.bouwendnederland.nl/vereniging/lidbedrijf-zoeken?page=124
Groothuis Beheer B.V.,GENEMUIDEN,Postbus 64  8280 AB GENEMUIDEN,Spoelstraat 10  8281 JT GENEMUIDEN,038-3855161,//www.groothuisbouwgroep.nl,https://www.bouwendnederland.nl/vereniging/lidbedrijf-zoeken?page=124
Groterwonen.nl B.V.,CRUQUIUS,IJweg 507 J 2143 CL BOESINGHELIEDE,Bennebroekerdijk 219  2142 LD CRUQUIUS,023-5551551,//www.groterwonen.nl,https://www.bouwendnederland.nl/vereniging/lidbedrijf-zoeken?page=124
GRS+ B.V.,RIJSENHOUT,Aalsmeerderdijk 615  1435 BV RIJSENHOUT,Aalsmeerderdijk 615  1435 BV RIJSENHOUT,,,https://www.bouwendnederland.nl/vereniging/lidbedrijf-zoeken?page=124
GSF Glasgroep B.V.,ALMERE,Bolderweg 6  1332 AT ALMERE,Bolderweg 6  1332 AT ALMERE,0320-257157,//www.gsfglasgroep.nl,https://www.bouwendnederland.nl/vereniging/lidbedrijf-zoeken?page=124
GSF Hilversum B.V.,HILVERSUM,Nieuwe Havenweg 65  1216 BN HILVERSUM,Nieuwe Havenweg 65  1216 BN HILVERSUM,035-6241955,//www.gsfglasgroep.nl,https://www.bouwendnederland.nl/vereniging/lidbedrijf-zoeken?page=124
GVVR Holding B.V.,AMSTERDAM,Ottho Heldringstraat 35 m 1066 XT AMSTERDAM,Ottho Heldringstraat 35 m 1066 XT AMSTERDAM,,,https://www.bouwendnederland.nl/vereniging/lidbedrijf-zoeken?page=124
GW Leidingtechniek B.V.,HELMOND,Postbus 258  5700 AG HELMOND,Schootense Dreef 7  5708 HZ HELMOND,0492-579640,//www.gwleidingtechniek.nl,https://www.bouwendnederland.nl/vereniging/lidbedrijf-zoeken?page=124
GWW-werken Scherrenberg BV,NIEUWEGEIN,Overijsselhaven 5  3433 PH NIEUWEGEIN,Overijsselhaven 5  3433 PH NIEUWEGEIN,030-2887765,//www.scherrenberg.com,https://www.bouwendnederland.nl/vereniging/lidbedrijf-zoeken?page=124
H & B Bouw B.V.,VOORHOUT,Teylingerlaan 4  2215 RR VOORHOUT,Teylingerlaan 4  2215 RR VOORHOUT,0252-211382,//www.hbbouw.nl,https://www.bouwendnederland.nl/vereniging/lidbedrijf-zoeken?page=124
H&R Bouw B.V.,AMSTERDAM,Postbus 75950  1070 AZ AMSTERDAM,Benit 30  1043 BB AMSTERDAM,020-5419541,//www.hillen-roosen.nl,https://www.bouwendnederland.nl/vereniging/lidbedrijf-zoeken?page=125
H. den Haan Aannemersbedrijf B.V.,ARNHEM,Hazenkamp 11  6836 BA ARNHEM,Hazenkamp 11  6836 BA ARNHEM,026-3641641,//www.hdenhaan.nl,https://www.bouwendnederland.nl/vereniging/lidbedrijf-zoeken?page=125
H. Koeleman Bouw B.V.,ZEVENHOVEN,Kade 25  2435 NP ZEVENHOVEN,Kade 25  2435 NP ZEVENHOVEN,0297-593212,//www.koelemanbouw.nl,https://www.bouwendnederland.nl/vereniging/lidbedrijf-zoeken?page=125
H. Kroon Aannemersbedrijf B.V.,ARNHEM,Johannes Huddeweg 5  6827 CA ARNHEM,Johannes Huddeweg 5  6827 CA ARNHEM,026-4438526,//www.kroonaannemersbedrijf.nl,https://www.bouwendnederland.nl/vereniging/lidbedrijf-zoeken?page=125
H. Leenders Bouwbedrijf B.V.,BEEK EN DONK,Oude Bemmerstraat 9  5741 EA BEEK EN DONK,Oude Bemmerstraat 9  5741 EA BEEK EN DONK,0492-461615,//www.leendersbouwbedrijf.nl,https://www.bouwendnederland.nl/vereniging/lidbedrijf-zoeken?page=125
H. Pot Bouwbedrijf B.V.,WOLTERSUM,Hoofdweg 23  9795 PA WOLTERSUM,Hoofdweg 23  9795 PA WOLTERSUM,050-3021555,//www.bouwbedrijfpot.nl,https://www.bouwendnederland.nl/vereniging/lidbedrijf-zoeken?page=125
H. van de Bilt Timmer- en Aannemersbedrijf,WIJCHEN,Zesweg 157 a 6604 BN WIJCHEN,Zesweg 157 a 6604 BN WIJCHEN,024-6425061,//www.biltbouw.nl,https://www.bouwendnederland.nl/vereniging/lidbedrijf-zoeken?page=125
H. van de Kant Afbouwbedrijf B.V.,SOESTERBERG,Centurionbaan 160 -007 3769 AV SOESTERBERG,Centurionbaan 160 -007 3769 AV SOESTERBERG,030-6995661,,https://www.bouwendnederland.nl/vereniging/lidbedrijf-zoeken?page=125
H. van Haarst Aannemersbedrijf B.V.,ENSCHEDE,Kanaalstraat 329  7547 AT ENSCHEDE,Kanaalstraat 329  7547 AT ENSCHEDE,053-4312315,//www.hvanhaarst.nl,https://www.bouwendnederland.nl/vereniging/lidbedrijf-zoeken?page=125
H. van Norel Holding B.V.,EPE,Brinkgreverweg 32  8161 NW EPE,Brinkgreverweg 32  8161 NW EPE,0578-615311,//www.vannorel.nl,https://www.bouwendnederland.nl/vereniging/lidbedrijf-zoeken?page=125
H. van Wijk infra B.V.,AALSMEER,Samoaweg 1  1432 BZ AALSMEER,Samoaweg 1  1432 BZ AALSMEER,020-6474748,//www.hvanwijk.nl,https://www.bouwendnederland.nl/vereniging/lidbedrijf-zoeken?page=125
H.B. Bouw,OPMEER,Postbus 91  1715 ZH SPANBROEK,De Veken 2 c 1716 KE OPMEER,0226-354440,//www.hbbouwopmeer.nl,https://www.bouwendnederland.nl/vereniging/lidbedrijf-zoeken?page=125
H.G. Jonk en Zn. Aannemingsbedrijf,SCHERMERHORN,Westeinde 26 -28 1636 VE SCHERMERHORN,Westeinde 26 -28 1636 VE SCHERMERHORN,072-5021490,//www.jonk-aannemingsbedrijf.nl,https://www.bouwendnederland.nl/vereniging/lidbedrijf-zoeken?page=125
H.J. te Selle Aannemingsbedrijf B.V.,WINTERSWIJK,Honesweg 2  7103 AX WINTERSWIJK,Honesweg 2  7103 AX WINTERSWIJK,0543-514775,//www.tesellebouw.nl,https://www.bouwendnederland.nl/vereniging/lidbedrijf-zoeken?page=125
H.L. van den Boom B.V.,GIESBEEK,Uitmaat 10  6987 ER GIESBEEK,Uitmaat 10  6987 ER GIESBEEK,0313-632141,//www.hlvandenboom.nl,https://www.bouwendnederland.nl/vereniging/lidbedrijf-zoeken?page=125
H.S. Kleinbouw en Verhuur B.V.,UITHOORN,Dorpsstraat 30  1421 AT UITHOORN,Dorpsstraat 30  1421 AT UITHOORN,0611-529192,,https://www.bouwendnederland.nl/vereniging/lidbedrijf-zoeken?page=125
H.T.O. Aannemingsbedrijf B.V.,ASSEN,van Heekstraat 7  9403 AT ASSEN,van Heekstraat 7  9403 AT ASSEN,0592-343641,//www.hto.nl,https://www.bouwendnederland.nl/vereniging/lidbedrijf-zoeken?page=125
H4A,SAS VAN GENT,Losplaatsweg 1  4551 LZ SAS VAN GENT,Losplaatsweg 1  4551 LZ SAS VAN GENT,0115-841000,//www.h4a.nl,https://www.bouwendnederland.nl/vereniging/lidbedrijf-zoeken?page=125
H4A Bouw B.V.,GOES,'s-H Hendrikskinderendk 103  4461 EA GOES,'s-H Hendrikskinderendk 103  4461 EA GOES,0113-273200,//www.h4a.nl,https://www.bouwendnederland.nl/vereniging/lidbedrijf-zoeken?page=125
H4A Groen BV,SAS VAN GENT,Losplaatsweg 1  4551 LZ SAS VAN GENT,Losplaatsweg 1  4551 LZ SAS VAN GENT,0115-841000,//www.h4a.nl,https://www.bouwendnederland.nl/vereniging/lidbedrijf-zoeken?page=125
H4A Industrie Service B.V.,SAS VAN GENT,Losplaatsweg 1  4551 LZ SAS VAN GENT,Losplaatsweg 1  4551 LZ SAS VAN GENT,0115-841000,//www.h4a.nl,https://www.bouwendnederland.nl/vereniging/lidbedrijf-zoeken?page=126
H4A Infratechniek B.V.,SAS VAN GENT,Losplaatsweg 1  4551 LZ SAS VAN GENT,Losplaatsweg 1  4551 LZ SAS VAN GENT,0115-841000,//www.h4a.nl,https://www.bouwendnederland.nl/vereniging/lidbedrijf-zoeken?page=126
"H4A Infratechniek B.V., Afdeling Wegmarkering",SAS VAN GENT,Losplaatsweg 1  4551 LZ SAS VAN GENT,Losplaatsweg 1  4551 LZ SAS VAN GENT,0115-471864,//www.dbwegmarkering.nl,https://www.bouwendnederland.nl/vereniging/lidbedrijf-zoeken?page=126
H4A Ondergrondse Netwerken B.V.,SAS VAN GENT,Losplaatsweg 1  4551 LZ SAS VAN GENT,Losplaatsweg 1  4551 LZ SAS VAN GENT,0115-841000,//www.h4a.nl,https://www.bouwendnederland.nl/vereniging/lidbedrijf-zoeken?page=126
H4A Ontwikkeling BV,SAS VAN GENT,Losplaatsweg 1  4551 LZ SAS VAN GENT,Losplaatsweg 1  4551 LZ SAS VAN GENT,0115-841000,//www.h4a.nl,https://www.bouwendnederland.nl/vereniging/lidbedrijf-zoeken?page=126
H4A Verhuur B.V.,SAS VAN GENT,Losplaatsweg 1  4551 LZ SAS VAN GENT,Losplaatsweg 1  4551 LZ SAS VAN GENT,0115-471864,//www.h4a.nl,https://www.bouwendnederland.nl/vereniging/lidbedrijf-zoeken?page=126
H4A Windenergie B.V.,GOES,'s-H Hendrikskinderendk 103  4461 EA GOES,'s-H Hendrikskinderendk 103  4461 EA GOES,0113-273200,//www.h4a.nl,https://www.bouwendnederland.nl/vereniging/lidbedrijf-zoeken?page=126
Haafkes Beheer B.V.,GOOR,Wheedwarsweg 9  7471 GG GOOR,Wheedwarsweg 9  7471 GG GOOR,0547-285000,//www.haafkes.nl,https://www.bouwendnederland.nl/vereniging/lidbedrijf-zoeken?page=126
Haaglanden Totaalbouw B.V.,MONSTER,Marmerschelp 17  2681 DN MONSTER,Marmerschelp 17  2681 DN MONSTER,070-2042530,//www.hltb.nl,https://www.bouwendnederland.nl/vereniging/lidbedrijf-zoeken?page=126
Haan Totaalbouw B.V.,APPINGEDAM,Groeveweg 1  9625 TC OVERSCHILD,Kanaalweg 1  9902 AX APPINGEDAM,,,https://www.bouwendnederland.nl/vereniging/lidbedrijf-zoeken?page=126
Haarlem Dakopbouw BV,BEVERWIJK,Havenstraat 7 a 1948 NP BEVERWIJK,Havenstraat 7 a 1948 NP BEVERWIJK,023-5749256,//www.haarlemdakopbouw.nl,https://www.bouwendnederland.nl/vereniging/lidbedrijf-zoeken?page=126
Haarsma Groep BV,TJERKWERD,Waltaweg 6  8765 LP TJERKWERD,Waltaweg 6  8765 LP TJERKWERD,0515-579100,//www.haarsmagroep.nl,https://www.bouwendnederland.nl/vereniging/lidbedrijf-zoeken?page=126
Haasnoot Bruggen B.V.,RIJNSBURG,De Roysloot 13  2231 NZ RIJNSBURG,De Roysloot 13  2231 NZ RIJNSBURG,071-4021744,//www.haasnootbruggen.nl,https://www.bouwendnederland.nl/vereniging/lidbedrijf-zoeken?page=126
HABE Bouw,LEIDEN,Admiraal Helfrichweg 1  2315 VC LEIDEN,Admiraal Helfrichweg 1  2315 VC LEIDEN,,,https://www.bouwendnederland.nl/vereniging/lidbedrijf-zoeken?page=126
Habé Bouwen in Stijl B.V.,LUNTEREN,Krommeweg 1  6741 NK LUNTEREN,Krommeweg 1  6741 NK LUNTEREN,0318-575350,//www.bouwen-in-stijl.nl,https://www.bouwendnederland.nl/vereniging/lidbedrijf-zoeken?page=126
Habenu-van de Kreeke Bouw B.V.,NUTH,Postbus 22100  6360 AC NUTH,Industriestraat 7  6361 HD NUTH,045-5242400,//www.habenu-vandekreeke.com,https://www.bouwendnederland.nl/vereniging/lidbedrijf-zoeken?page=126
Habenu-van de Kreeke Vastgoedservice B.V.,NUTH,Industriestraat 7  6361 HD NUTH,Industriestraat 7  6361 HD NUTH,045-5242400,//www.habenu-vandekreeke.com,https://www.bouwendnederland.nl/vereniging/lidbedrijf-zoeken?page=126
Habets-van de Kreeke Holding B.V.,NUTH,Industriestraat 7  6361 HD NUTH,Industriestraat 7  6361 HD NUTH,0455-242400,//www.habenu-vandekreeke.com,https://www.bouwendnederland.nl/vereniging/lidbedrijf-zoeken?page=126
HABI B.V.,HOUTEN,Postbus 17  3990 DA HOUTEN,Lange Schaft 7  G-V 3991 AP HOUTEN,030-6390956,//www.vanrijn-beheer.nl,https://www.bouwendnederland.nl/vereniging/lidbedrijf-zoeken?page=126
HABO GWW bv,'S-GRAVENHAGE,Postbus 16033  2500 BA 'S-GRAVENHAGE,Binckhorstlaan 46  2516 BE 'S-GRAVENHAGE,070-3222022,//www.habogww.com,https://www.bouwendnederland.nl/vereniging/lidbedrijf-zoeken?page=126
HABO GWW bv,ZOETERMEER,Argonstraat 12  2718 SM ZOETERMEER,Argonstraat 12  2718 SM ZOETERMEER,,,https://www.bouwendnederland.nl/vereniging/lidbedrijf-zoeken?page=127
HABO RIOOLTECHNIEK,ALPHEN AAN DEN RIJN,Magazijnweg 7 a 2404 CE ALPHEN AAN DEN RIJN,Magazijnweg 7 a 2404 CE ALPHEN AAN DEN RIJN,,,https://www.bouwendnederland.nl/vereniging/lidbedrijf-zoeken?page=127
Haen Company B.V.,NIEUWLEUSEN,Evenboersweg 24 a 7711 GX NIEUWLEUSEN,Evenboersweg 24 a 7711 GX NIEUWLEUSEN,0529-793007,,https://www.bouwendnederland.nl/vereniging/lidbedrijf-zoeken?page=127
Haex-Roost Beheer B.V.,WEERT,Dijkerhof 1  6006 RH WEERT,Dijkerhof 1  6006 HR WEERT,0495-750505,//www.haexbv.eu,https://www.bouwendnederland.nl/vereniging/lidbedrijf-zoeken?page=127
Hagedoorn Bouwbedrijf B.V.,HIPPOLYTUSHOEF,Molenakker 1  1777 HS HIPPOLYTUSHOEF,Molenakker 1  1777 HS HIPPOLYTUSHOEF,0227-592465,//www.hagedoornbouw.com,https://www.bouwendnederland.nl/vereniging/lidbedrijf-zoeken?page=127
Hagemans Vastgoedonderhoud B.V.,NIJMEGEN,Postbus 474  6500 AL NIJMEGEN,Tarweweg 5  6534 AM NIJMEGEN,024-3714417,//www.hagemans.nl,https://www.bouwendnederland.nl/vereniging/lidbedrijf-zoeken?page=127
Hagoort Bouw B.V.,PAPEKOP,Papekopperdijk 1  3464 HT PAPEKOP,Papekopperdijk 1  3464 HT PAPEKOP,0348-561484,//www.hagoortbouw.nl,https://www.bouwendnederland.nl/vereniging/lidbedrijf-zoeken?page=127
Hajé Verbouw V.O.F.,DORDRECHT,Haaswijkweg West 108 A 3319 GE DORDRECHT,Haaswijkweg West 108 A 3319 GE DORDRECHT,,,https://www.bouwendnederland.nl/vereniging/lidbedrijf-zoeken?page=127
HAKO wonen B.V.,RIJSSEN,Nijverdalseweg 149  7461 AG RIJSSEN,Nijverdalseweg 149  7461 AG RIJSSEN,0548-537373,,https://www.bouwendnederland.nl/vereniging/lidbedrijf-zoeken?page=127
Hamoen Bouw,SCHALKWIJK,Provincialeweg 45  3998 JH SCHALKWIJK,Provincialeweg 45  3998 JH SCHALKWIJK,030-2120184,//www.hamoenbouw.nl,https://www.bouwendnederland.nl/vereniging/lidbedrijf-zoeken?page=127
Hams en Jansen Bouw B.V.,VRIEZENVEEN,Westeinde 405  7671 EW VRIEZENVEEN,Westeinde 405  7671 EW VRIEZENVEEN,0546-561402,//www.hamsenjansen.nl,https://www.bouwendnederland.nl/vereniging/lidbedrijf-zoeken?page=127
HAMU Timmerwerken,DE LIER,Ijslandstraat 12  2678 XT DE LIER,IJslandstraat 12  2678 XT DE LIER,0174-540333,//www.hamutimmerwerken.nl,https://www.bouwendnederland.nl/vereniging/lidbedrijf-zoeken?page=127
Hanbouw B.V.,'S-GRAVENHAGE,Bierbrouwersgaarde 10  2542 HN 'S-GRAVENHAGE,Bierbrouwersgaarde 10  2542 HN 'S-GRAVENHAGE,070-8209820,//www.hanbouw.nl,https://www.bouwendnederland.nl/vereniging/lidbedrijf-zoeken?page=127
Hanenberg Industriële Bouw B.V.,OSS,Galliersweg 41  5349 AT OSS,Galliersweg 41  5349 AT OSS,0412-612880,//www.Hanenbergib.nl,https://www.bouwendnederland.nl/vereniging/lidbedrijf-zoeken?page=127
Hanenberg Infra Noord BV,OSS,Postbus 620  5340 AP OSS,Galliersweg 41  5349 AT OSS,0412-612880,//www.hanenbergwegenbouw.nl,https://www.bouwendnederland.nl/vereniging/lidbedrijf-zoeken?page=127
Hanenberg Infra zuid BV,OSS,Postbus 620  5340 AP OSS,Galliersweg 41  5349 AT OSS,0412-612880,//www.hanenbergwegenbouw.nl,https://www.bouwendnederland.nl/vereniging/lidbedrijf-zoeken?page=127
Hanenberg Wegenbouw BV,OSS,Postbus 620  5340 AP OSS,Galliërsweg 41  5349 AT OSS,0412-612880,//www.hanenbergwegenbouw.nl,https://www.bouwendnederland.nl/vereniging/lidbedrijf-zoeken?page=127
Hanzebouw B.V.,ZWOLLE,Eiffelstraat 9  8013 RT ZWOLLE,Eiffelstraat 9  8013 RT ZWOLLE,038-4656577,//www.hanzebouw.nl,https://www.bouwendnederland.nl/vereniging/lidbedrijf-zoeken?page=127
Hardeman Bouw B.V,RENSWOUDE,Oude Holleweg 38 -a 3927 CM RENSWOUDE,Oude Holleweg 38 -a 3927 CM RENSWOUDE,0138-570255,//www.hardemanbouw.nl,https://www.bouwendnederland.nl/vereniging/lidbedrijf-zoeken?page=127
HardijkBouw B.V.,BATHMEN,Spoorstraat 10  7437 TS BATHMEN,Spoorstraat 10  7437 TS BATHMEN,0570-542231,//www.kerkdijkbouw.nl,https://www.bouwendnederland.nl/vereniging/lidbedrijf-zoeken?page=127
Hardwork B.V.,DOETINCHEM,Wolborgenmate 73  7006 DD DOETINCHEM,Wolborgenmate 73  7006 DD DOETINCHEM,,,https://www.bouwendnederland.nl/vereniging/lidbedrijf-zoeken?page=128
Harmes Bouwbedrijf B.V.,HAARLEM,Hendrik Figeeweg 17 A 2031 BJ HAARLEM,Hendrik Figeeweg 17 A 2031 BJ HAARLEM,023-5271110,//www.harmes.nl,https://www.bouwendnederland.nl/vereniging/lidbedrijf-zoeken?page=128
Hartman Bouwbedrijf B.V.,HEUSDEN GEM ASTEN,Meijelseweg 23 C 5725 BA HEUSDEN GEM ASTEN,Meijelseweg 23 C 5725 BA HEUSDEN GEM ASTEN,0493-691593,//www.hartmanbouwbedrijf.nl,https://www.bouwendnederland.nl/vereniging/lidbedrijf-zoeken?page=128
Hartog Toorn B.V.,'S-GRAVENHAGE,Jan Pieterszoon Coenstraat 7  2595 WP 'S-GRAVENHAGE,Jan Pietersz. Coenstraat 7  2595 WP 'S-GRAVENHAGE,0650-895090,//www.hartogtoorn.nl,https://www.bouwendnederland.nl/vereniging/lidbedrijf-zoeken?page=128
Hasselt Glas B.V.,HILVERSUM,Liebergerweg 782  1223 PZ HILVERSUM,Liebergerweg 12  1221 JS HILVERSUM,,,https://www.bouwendnederland.nl/vereniging/lidbedrijf-zoeken?page=128
Haveco Weg- en Waterbouw,MAASTRICHT,Memorielaan 23  6226 DB MAASTRICHT,Memorielaan 23  6226 DB MAASTRICHT,043-6044434,//www.havecowegenwaterbouw.nl,https://www.bouwendnederland.nl/vereniging/lidbedrijf-zoeken?page=128
Havenga Bouw v.o.f.,GARMERWOLDE,Oude Rijksweg 11  9798 PA GARMERWOLDE,Oude Rijksweg 11  9798 PA GARMERWOLDE,050-5416501,//www.havenga.com,https://www.bouwendnederland.nl/vereniging/lidbedrijf-zoeken?page=128
HAWEE Bouw B.V.,UDENHOUT,Energieweg 4  5071 NP UDENHOUT,Energieweg 4  5071 NP UDENHOUT,013-5113585,//www.hawee.nl,https://www.bouwendnederland.nl/vereniging/lidbedrijf-zoeken?page=128
Hay Dorssers Verbouwingen B.V.,HELDEN,Maasbreeseweg 57  5988 PA HELDEN,Maasbreeseweg 57  5988 PA HELDEN,077-3061142,,https://www.bouwendnederland.nl/vereniging/lidbedrijf-zoeken?page=128
Hazeleger Glas,RENSWOUDE,Molenstraat 23 A 3927 AB RENSWOUDE,Molenstraat 23 A 3927 AB RENSWOUDE,0318-251004,//www.hazelegerglas.nl,https://www.bouwendnederland.nl/vereniging/lidbedrijf-zoeken?page=128
Hazemeijer Hengelo Vastgoed B.V.,RIJSSEN,Nijverdalseweg 149  7461 AG RIJSSEN,Nijverdalseweg 149  7461 AG RIJSSEN,074-7600010,//www.hazemeijerhengelo.nl,https://www.bouwendnederland.nl/vereniging/lidbedrijf-zoeken?page=128
Hazenberg Bouw B.V.,VUGHT,Postbus 112  5260 AC VUGHT,Molenstraat 2  5262 ED VUGHT,073-6580580,//www.hazenberg.nl,https://www.bouwendnederland.nl/vereniging/lidbedrijf-zoeken?page=128
HB Holding B.V.,WINTERSWIJK,Postbus 278  7100 AG WINTERSWIJK,Snelliusstraat 10  7102 ED WINTERSWIJK,0543-551010,,https://www.bouwendnederland.nl/vereniging/lidbedrijf-zoeken?page=128
HBA Projectontwikkeling B.V.,ALMERE,Rentmeesterstraat 56  1315 JS ALMERE,Rentmeesterstraat 56  1315 JS ALMERE,084-8820010,//www.hba-projectontwikkeling.nl,https://www.bouwendnederland.nl/vereniging/lidbedrijf-zoeken?page=128
HBR Timmerwerken B.V.,WEERT,Peelterbaan 4  6002 NK WEERT,Peelterbaan 4  6002 NK WEERT,0495-750505,//www.hbrtimmerwerken.nl,https://www.bouwendnederland.nl/vereniging/lidbedrijf-zoeken?page=128
Hebouw B.V.,HOOGELOON,Hoogcasteren 1  5528 NN HOOGELOON,Hoogcasteren 1  5528 NN HOOGELOON,0497-387427,//www.hebouw.nl,https://www.bouwendnederland.nl/vereniging/lidbedrijf-zoeken?page=128
Hebow Bouwcomfort B.V.,SCHIJNDEL,Boschweg 91  5481 EC SCHIJNDEL,Boschweg 91  5481 EC SCHIJNDEL,073-5493351,//www.bouwcomfort.nl,https://www.bouwendnederland.nl/vereniging/lidbedrijf-zoeken?page=128
Heddes Bouw & Ontwikkeling B.V.,HOORN NH,Keern 31  1624 NB HOORN NH,Keern 31  1624 NB HOORN NH,0229-282400,//www.heddes.nl,https://www.bouwendnederland.nl/vereniging/lidbedrijf-zoeken?page=128
Hedibouw B.V.,BIDDINGHUIZEN,Noorderbaan 38  8256 PR BIDDINGHUIZEN,Noorderbaan 38  8256 PR BIDDINGHUIZEN,0321-331649,//www.hedibouw.nl,https://www.bouwendnederland.nl/vereniging/lidbedrijf-zoeken?page=128
Heembouw Bedrijfsruimten West B.V.,ROELOFARENDSVEEN,Postbus 30  2370 AA ROELOFARENDSVEEN,De Lasso-Zuid 22  2371 EW ROELOFARENDSVEEN,071-3320050,//www.heembouw.nl,https://www.bouwendnederland.nl/vereniging/lidbedrijf-zoeken?page=128
Heembouw Bedrijfsruimten Zuid B.V.,BREDA,Rithmeesterpark 50 D1 4838 GZ BREDA,Rithmeesterpark 50 D1 4838 GZ BREDA,076-5481300,//www.heembouw.nl,https://www.bouwendnederland.nl/vereniging/lidbedrijf-zoeken?page=129
Heembouw Holding B.V.,ROELOFARENDSVEEN,Postbus 30  2370 AA ROELOFARENDSVEEN,De Lasso-Zuid 22  2371 EW ROELOFARENDSVEEN,071-3320050,//www.heembouw.nl,https://www.bouwendnederland.nl/vereniging/lidbedrijf-zoeken?page=129
Heembouw Kantoren B.V.,BERKEL EN RODENRIJS,Huygensstraat 37  2652 XK BERKEL EN RODENRIJS,Huygensstraat 37  2652 XK BERKEL EN RODENRIJS,010-5241040,//www.heembouw.nl,https://www.bouwendnederland.nl/vereniging/lidbedrijf-zoeken?page=129
Heembouw Ontwikkeling,ROELOFARENDSVEEN,Postbus 30  2370 AA ROELOFARENDSVEEN,De Lasso-Zuid 22  2370 AA ROELOFARENDSVEEN,071-3320070,//www.heembouw.nl,https://www.bouwendnederland.nl/vereniging/lidbedrijf-zoeken?page=129
Heembouw Wonen B.V.,ROELOFARENDSVEEN,Postbus 30  2370 AA ROELOFARENDSVEEN,de Lasso-Zuid 22  2371 EW ROELOFARENDSVEEN,071-3320050,//www.heembouw.nl,https://www.bouwendnederland.nl/vereniging/lidbedrijf-zoeken?page=129
Heerkens van Bavel Bouw B.V.,TILBURG,Postbus 35  5000 AA TILBURG,Prof Cobbenhagenlaan 95  5037 DB TILBURG,013-4666999,//www.hvb.nl,https://www.bouwendnederland.nl/vereniging/lidbedrijf-zoeken?page=129
Heerschap aannemersbedrijf,AMSTERDAM,Cliffordstraat 44  1051 GV AMSTERDAM,Cliffordstraat 44  1051 GV AMSTERDAM,,,https://www.bouwendnederland.nl/vereniging/lidbedrijf-zoeken?page=129
Hegeman Bouw & Infra B.V,NIJVERDAL,Ernst Machstraat 11  7442 DL NIJVERDAL,Ernst Machstraat 11  7442 DL NIJVERDAL,0548-688800,//www.hegeman.com,https://www.bouwendnederland.nl/vereniging/lidbedrijf-zoeken?page=129
Hegeman Bouw & Infra B.V.,NIJVERDAL,Ernst Machstraat 11  7442 DL NIJVERDAL,Ernst Machstraat 11  7442 DL NIJVERDAL,0548-688888,//www.hegeman.com,https://www.bouwendnederland.nl/vereniging/lidbedrijf-zoeken?page=129
Hegeman Bouw & Infra B.V.,NIJVERDAL,Ernst Machstraat 11  7442 DL NIJVERDAL,Ernst Machstraat 11  7442 DL NIJVERDAL,0548-688800,//www.hegeman.com,https://www.bouwendnederland.nl/vereniging/lidbedrijf-zoeken?page=129
Hegeman Bouw Partners B.V.,ARNHEM,Beijerinckweg 22  6827 BN ARNHEM,Beijerinckweg 22  6827 BN ARNHEM,026-3641736,//www.hegemanbouwpartners.nl,https://www.bouwendnederland.nl/vereniging/lidbedrijf-zoeken?page=129
Hegeman Bouw Partners Beheer B.V.,ARNHEM,Beijerinckweg 22  6827 BN ARNHEM,Beijerinckweg 22  6827 BN ARNHEM,026-3641736,//www.hegemanbouwpartners.nl,https://www.bouwendnederland.nl/vereniging/lidbedrijf-zoeken?page=129
Hegeman Bouw Partners BV,ARNHEM,Beijerinckweg 22  6827 BN ARNHEM,Beijerinckweg 22  6827 BN ARNHEM,026-3641736,//www.hegemanbouwpartners.nl,https://www.bouwendnederland.nl/vereniging/lidbedrijf-zoeken?page=129
Hegeman Bouw Partners Kleinbouw B.V.,ARNHEM,Beijerinckweg 22  6827 BN ARNHEM,Beijerinckweg 22  6827 BN ARNHEM,026-3641736,//www.hegemanbouwpartners.nl,https://www.bouwendnederland.nl/vereniging/lidbedrijf-zoeken?page=129
Hegeman Bouw Vriezenveen B.V.,ALMELO,Bornerbroeksestraat 155  7601 BG ALMELO,Bornerbroeksestraat 155  7601 BG ALMELO,0546-454541,//www.hegemanbouwgroep.nl,https://www.bouwendnederland.nl/vereniging/lidbedrijf-zoeken?page=129
Hegeman Bouwchemie B.V.,ARNHEM,Beijerinckweg 22  6827 BN ARNHEM,Beijerinckweg 22  6827 BN ARNHEM,024-3781373,//www.hegemanbouw.chemie.nl,https://www.bouwendnederland.nl/vereniging/lidbedrijf-zoeken?page=129
Hegeman Bouwgroep Beheer,ALMELO,Bornerbroeksestraat 155  7601 BG ALMELO,Bornerbroeksestraat 155  7601 BG ALMELO,0546-454541,//www.hegemanbouwgroep.nl,https://www.bouwendnederland.nl/vereniging/lidbedrijf-zoeken?page=129
Hegeman Bouwontwikkeling B.V.,ALMELO,Bornerbroeksestraat 155  7601 BG ALMELO,Bornerbroeksestraat 155  7601 BG ALMELO,0546-454541,//www.hegeman-bouw.nl,https://www.bouwendnederland.nl/vereniging/lidbedrijf-zoeken?page=129
Hegeman Holding B.V.,NIJVERDAL,Postbus 350  7440 AJ NIJVERDAL,G. van der Muelenweg 16  7443 RE NIJVERDAL,0548-611000,//www.hegeman-holding.nl,https://www.bouwendnederland.nl/vereniging/lidbedrijf-zoeken?page=129
Hegeman Materieel B.V.,NIJVERDAL,Postbus 350  7440 AJ NIJVERDAL,G van der Muelenweg 16  7443 RE NIJVERDAL,0548-611000,//www.hegeman-nijverdal.nl,https://www.bouwendnederland.nl/vereniging/lidbedrijf-zoeken?page=129
Hegeman Projectontwikkeling B.V.,NIJVERDAL,G van der Muelenweg 16  7443 RE NIJVERDAL,G van der Muelenweg 16  7443 RE NIJVERDAL,0548-611000,//www.hegeman-nijverdal.nl/projectontwikkeling,https://www.bouwendnederland.nl/vereniging/lidbedrijf-zoeken?page=130
Hegeman Services B.V.,NIEUWLEUSEN,Evenboersweg 24 a 7711 GX NIEUWLEUSEN,Evenboersweg 24 a 7711 GX NIEUWLEUSEN,0529-793007,,https://www.bouwendnederland.nl/vereniging/lidbedrijf-zoeken?page=130
Hegeman VNO Bouw B.V. Hengelo,HENGELO OV,Boekeloseweg 123  7553 DM HENGELO OV,Boekeloseweg 123  7553 DM HENGELO OV,074-2914393,//www.hegemanbouwgroep.nl,https://www.bouwendnederland.nl/vereniging/lidbedrijf-zoeken?page=130
Hegeman VNO Bouw B.V. Zwolle,ZWOLLE,Marconistraat 1  8013 PK ZWOLLE,Marconistraat 1  8013 PK ZWOLLE,038-4217016,//www.hegemanbouwgroep.nl,https://www.bouwendnederland.nl/vereniging/lidbedrijf-zoeken?page=130
Hegeman Woning & Houtbouw B.V.,NIEUWLEUSEN,Evenboersweg 24 a 7711 GX NIEUWLEUSEN,Evenboersweg 24 a 7711 GX NIEUWLEUSEN,0529-793007,//www.vechtdalbouw.nl,https://www.bouwendnederland.nl/vereniging/lidbedrijf-zoeken?page=130
Heicombinatie SPS,GROOTSCHERMER,Grootschermerweg 4 a 1843 HE GROOTSCHERMER,Grootschermerweg 4 a 1843 HE GROOTSCHERMER,0229-563096,//www.heicombinatiesps.nl,https://www.bouwendnederland.nl/vereniging/lidbedrijf-zoeken?page=130
Heideman Bouw,AALTEN,Giezenbosweg 2  7121 MK AALTEN,Giezenbosweg 2  7121 MK AALTEN,,,https://www.bouwendnederland.nl/vereniging/lidbedrijf-zoeken?page=130
Heijmans Facilitair Bedrijf B.V.,ROSMALEN,Postbus 198  5240 AD ROSMALEN,Graafsebaan 3  5248 JR ROSMALEN,073-5435211,//www.heijmans.nl,https://www.bouwendnederland.nl/vereniging/lidbedrijf-zoeken?page=130
Heijmans Huizen B.V.,HUIZEN,Postbus 259  1270 AG HUIZEN,Handelsweg 2  1271 EJ HUIZEN,035-5263136,//www.heijmans.nl,https://www.bouwendnederland.nl/vereniging/lidbedrijf-zoeken?page=130
Heijmans Infra B.V.,ROSMALEN,Postbus 287  5240 AG ROSMALEN,Graafsebaan 67  5248 JT ROSMALEN,073-5436611,//www.heijmans.nl,https://www.bouwendnederland.nl/vereniging/lidbedrijf-zoeken?page=130
"Heijmans Infra B.V., 's-Hertogenbosch",'S-HERTOGENBOSCH,Graafsebaan 65  5248 JT ROSMALEN,Veemarktkade 10  5222 AE 'S-HERTOGENBOSCH,073-5436801,//www.heijmans.nl,https://www.bouwendnederland.nl/vereniging/lidbedrijf-zoeken?page=130
"Heijmans Infra B.V., Assendelft",ASSENDELFT,Postbus 43  1566 ZG ASSENDELFT,Zaandammerweg 14  1566 PG ASSENDELFT,075-6872222,//www.heijmans.nl,https://www.bouwendnederland.nl/vereniging/lidbedrijf-zoeken?page=130
"Heijmans Infra B.V., Breda",BREDA,Ceresstraat 13  4811 CA BREDA,Ceresstraat 13  4811 CA BREDA,078-6533000,//www.heijmans.nl,https://www.bouwendnederland.nl/vereniging/lidbedrijf-zoeken?page=130
"Heijmans Infra B.V., Dordrecht",DORDRECHT,Postbus 8093  3301 CB DORDRECHT,Labradoriet 330  3316 KB DORDRECHT,078-6533000,//www.heijmans.nl,https://www.bouwendnederland.nl/vereniging/lidbedrijf-zoeken?page=130
"Heijmans Infra B.V., Eindhoven",EINDHOVEN,Postbus 8754  5605 LT EINDHOVEN,Boschdijk 780  5624 CL EINDHOVEN,040-2957200,,https://www.bouwendnederland.nl/vereniging/lidbedrijf-zoeken?page=130
"Heijmans Infra B.V., Geleen",SCHINNEN,Breinderveldweg 15  6365 CM SCHINNEN,Breinderveldweg 15  6365 CM SCHINNEN,046-4235777,//www.heijmans.nl,https://www.bouwendnederland.nl/vereniging/lidbedrijf-zoeken?page=130
"Heijmans Infra B.V., Hengelo",HENGELO OV,Binnenhavenstraat 2  7553 GJ HENGELO OV,Binnenhavenstraat 2  7553 GJ HENGELO OV,074-2552320,//www.heijmans.nl,https://www.bouwendnederland.nl/vereniging/lidbedrijf-zoeken?page=130
"Heijmans Infra B.V., Hoogeveen",HOOGEVEEN,Voltastraat 2 d 7903 AB HOOGEVEEN,Voltastraat 2 d 7903 AB HOOGEVEEN,0528-281100,//www.heijmans.nl,https://www.bouwendnederland.nl/vereniging/lidbedrijf-zoeken?page=130
"Heijmans Infra B.V., Nijkerk",NIJKERK GLD,Nijverheidsstraat 38  3861 RJ NIJKERK GLD,Nijverheidsstraat 38  3861 RJ NIJKERK GLD,033-2455560,//www.heijmans.nl,https://www.bouwendnederland.nl/vereniging/lidbedrijf-zoeken?page=130
"Heijmans Infra B.V., Nijmegen",NIJMEGEN,Winselingseweg 12  6541 AK NIJMEGEN,Winselingseweg 12  6541 AK NIJMEGEN,040-2957200,//www.heijmans.nl,https://www.bouwendnederland.nl/vereniging/lidbedrijf-zoeken?page=130
"Heijmans Infra B.V., Roosendaal",ROOSENDAAL,Aanwas 2  4704 SC ROOSENDAAL,Aanwas 2  4704 SC ROOSENDAAL,073-5436611,//www.heijmans.nl,https://www.bouwendnederland.nl/vereniging/lidbedrijf-zoeken?page=131
"Heijmans Infra B.V., Veenendaal",VEENENDAAL,Klovenier 1  3905 PN VEENENDAAL,Landjuweel 35  3905 PE VEENENDAAL,0318-577080,//www.breijn.nl,https://www.bouwendnederland.nl/vereniging/lidbedrijf-zoeken?page=131
"Heijmans Infra B.V., Zeewolde",ZEEWOLDE,Tweespan 14  3897 AG ZEEWOLDE,Tweespan 14  3897 AG ZEEWOLDE,036-5479500,//www.brinck.nl,https://www.bouwendnederland.nl/vereniging/lidbedrijf-zoeken?page=131
"Heijmans Infra B.V., Zwijndrecht",ZWIJNDRECHT,Noordweg 2  3336 LH ZWIJNDRECHT,Noordweg 2  3336 LH ZWIJNDRECHT,078-6128184,//www.heijmans.nl,https://www.bouwendnederland.nl/vereniging/lidbedrijf-zoeken?page=131
Heijmans Materieel Beheer B.V.,ROSMALEN,Postbus 198  5240 AD ROSMALEN,Graafsebaan 3  5248 JR ROSMALEN,073-5435500,//www.heijmans.nl,https://www.bouwendnederland.nl/vereniging/lidbedrijf-zoeken?page=131
Heijmans Nederland B.V.,ROSMALEN,Postbus 2  5240 BB ROSMALEN,Graafsebaan 65  5248 JT ROSMALEN,073-5435111,//www.heijmans.nl,https://www.bouwendnederland.nl/vereniging/lidbedrijf-zoeken?page=131
Heijmans PPP,ROSMALEN,Postbus 2  5240 BB ROSMALEN,Graafsebaan 65  5248 JT ROSMALEN,073-5435414,//www.heijmans.nl,https://www.bouwendnederland.nl/vereniging/lidbedrijf-zoeken?page=131
"Heijmans Utiliteit B.V., Amsterdam",DIEMEN,Postbus 94457  1090 GL AMSTERDAM,Diemermere 11 -19 1112 TB DIEMEN,020-6068200,,https://www.bouwendnederland.nl/vereniging/lidbedrijf-zoeken?page=131
"Heijmans Utiliteit B.V., Apeldoorn",APELDOORN,Postbus 111  7300 AC APELDOORN,Laan van de Dierenriem 26  7324 AA APELDOORN,040-2197197,//www.burgers-ergon.nl,https://www.bouwendnederland.nl/vereniging/lidbedrijf-zoeken?page=131
"Heijmans Utiliteit B.V., Breda",BREDA,Ceresstraat 13  4811 CA BREDA,Ceresstraat 13  4811 CA BREDA,078-6533000,//www.heijmans.nl,https://www.bouwendnederland.nl/vereniging/lidbedrijf-zoeken?page=131
"Heijmans Utiliteit B.V., Dordrecht",DORDRECHT,Labradoriet 330  3316 KB DORDRECHT,Labradoriet 330  3316 KB DORDRECHT,078-6533000,//www.heijmans.nl,https://www.bouwendnederland.nl/vereniging/lidbedrijf-zoeken?page=131
"Heijmans utiliteit B.V., Drachten",DRACHTEN,Postbus 359  9200 AJ DRACHTEN,Lavendelheide 9  9202 PD DRACHTEN,0512-368100,,https://www.bouwendnederland.nl/vereniging/lidbedrijf-zoeken?page=131
"Heijmans Utiliteit B.V., Eindhoven",EINDHOVEN,Postbus 266  5600 AG EINDHOVEN,Boschdijk 780  5624 CL EINDHOVEN,040-2957200,//www.heijmans.nl,https://www.bouwendnederland.nl/vereniging/lidbedrijf-zoeken?page=131
"Heijmans Utiliteit B.V., Geleen",SCHINNEN,Breinderveldweg 15  6365 CM SCHINNEN,Breinderveldweg 15  6365 CM SCHINNEN,046-4770500,//www.heijmans.nl,https://www.bouwendnederland.nl/vereniging/lidbedrijf-zoeken?page=131
"Heijmans Utiliteit B.V., Goes",GOES,Stationspark 30  4462 DZ GOES,Stationspark 30  4462 DZ GOES,073-5435111,//www.heijmans.nl,https://www.bouwendnederland.nl/vereniging/lidbedrijf-zoeken?page=131
"Heijmans Utiliteit B.V., Hengelo",HENGELO OV,Binnenhavenstraat 2  7553 GJ HENGELO OV,Binnenhavenstraat 2  7553 GJ HENGELO OV,046-4235777,//wwwheijmans.nl,https://www.bouwendnederland.nl/vereniging/lidbedrijf-zoeken?page=131
"Heijmans Utiliteit B.V., Leiden",LEIDEN,Postbus 119  2300 AC LEIDEN,Le pooleweg 1  2314 XT LEIDEN,071-5810222,,https://www.bouwendnederland.nl/vereniging/lidbedrijf-zoeken?page=131
"Heijmans Utiliteit B.V., Roosendaal",ROOSENDAAL,Aanwas 2  4704 SC ROOSENDAAL,Aanwas 2  4704 SC ROOSENDAAL,073-5436611,//www.heijmans.nl,https://www.bouwendnederland.nl/vereniging/lidbedrijf-zoeken?page=131
"Heijmans Utiliteit B.V., Rosmalen",ROSMALEN,Postbus 246  5240 AE ROSMALEN,Graafsebaan 65  5248 JT ROSMALEN,073-5436100,//www.heijmans.nl,https://www.bouwendnederland.nl/vereniging/lidbedrijf-zoeken?page=131
"Heijmans Utiliteit B.V., Rotterdam",ROTTERDAM,Postbus 4072  3006 AB ROTTERDAM,Oostmaaslaan 71  3063 AN ROTTERDAM,010-2510350,//www.heijmans.nl,https://www.bouwendnederland.nl/vereniging/lidbedrijf-zoeken?page=131
Heijmans Vastgoed B.V.,ROSMALEN,Postbus 276  5240 AG ROSMALEN,Graafsebaan 65  5248 JT ROSMALEN,073-5435111,//www.heijmans.nl,https://www.bouwendnederland.nl/vereniging/lidbedrijf-zoeken?page=132
Heijmans Woningbouw B.V.,ROSMALEN,Postbus 370  5240 AJ ROSMALEN,Graafsebaan 65  5248 JT ROSMALEN,073-5435111,//www.heijmans.nl,https://www.bouwendnederland.nl/vereniging/lidbedrijf-zoeken?page=132
"Heijmans Woningbouw B.V., Amersfoort",AMERSFOORT,Postbus 197  3800 AD AMERSFOORT,Databankweg 28 B 3821 AL AMERSFOORT,033-4502400,//www.heijmans.nl,https://www.bouwendnederland.nl/vereniging/lidbedrijf-zoeken?page=132
"Heijmans Woningbouw B.V., Drachten",DRACHTEN,Lavendelheide 9  9202 PD DRACHTEN,Lavendelheide 9  9202 PD DRACHTEN,0512-368100,//www.heijmans.nl,https://www.bouwendnederland.nl/vereniging/lidbedrijf-zoeken?page=132
"Heijmans Woningbouw B.V., Goes",GOES,Stationspark 30  4462 DZ GOES,Stationspark 30  4462 DZ GOES,0118-595900,//www.heijmans.nl,https://www.bouwendnederland.nl/vereniging/lidbedrijf-zoeken?page=132
"Heijmans Woningbouw B.V., Rotterdam",ROTTERDAM,Postbus 4032  3006 AA ROTTERDAM,Oostmaaslaan 71  3063 AN ROTTERDAM,010-2662600,//www.heijmans.com,https://www.bouwendnederland.nl/vereniging/lidbedrijf-zoeken?page=132
Heijneman Bouw bv,ZEVENAAR,Dijkweg 41  6905 BC ZEVENAAR,Dijkweg 41  6905 BC ZEVENAAR,0316-523439,//www.heijneman.nl,https://www.bouwendnederland.nl/vereniging/lidbedrijf-zoeken?page=132
Heilijgers,AMERSFOORT,Displayweg 2  3821 BT AMERSFOORT,Displayweg 2  3821 BT AMERSFOORT,033-4545700,,https://www.bouwendnederland.nl/vereniging/lidbedrijf-zoeken?page=132
Heilijgers B.V.,AMERSFOORT,Displayweg 2  3821 BT AMERSFOORT,Displayweg 2  3821 BT AMERSFOORT,033-4545700,//www.heilijgers.nl,https://www.bouwendnederland.nl/vereniging/lidbedrijf-zoeken?page=132
Heilijgers Bouw bv,AMERSFOORT,Displayweg 2  3821 BT AMERSFOORT,Displayweg 2  3800 AH AMERSFOORT,033-4545700,//www.heilijgers.nl,https://www.bouwendnederland.nl/vereniging/lidbedrijf-zoeken?page=132
Hekstra Bedrijven B.V.,DAMWALD,Willemstrjitte 5  9104 EL DAMWALD,Willemstrjitte 5  9104 EL DAMWALD,0511-421306,//www.hekstra.nl,https://www.bouwendnederland.nl/vereniging/lidbedrijf-zoeken?page=132
Hekstra Materiaal B.V.,DAMWALD,Willemstrjitte 5  9104 EL DAMWALD,Willemstrjitte 5  9104 EL DAMWALD,0511-421306,//www.hekstra.nl,https://www.bouwendnederland.nl/vereniging/lidbedrijf-zoeken?page=132
Hekstra Vakmanschap B.V.,DAMWALD,Willemstrjitte 5  9104 EL DAMWALD,Willemstrjitte 5  9104 EL DAMWALD,0511-421306,//www.hekstra.nl,https://www.bouwendnederland.nl/vereniging/lidbedrijf-zoeken?page=132
Hemubo Almere B.V.,ALMERE,Damsluisweg 1  1332 EA ALMERE,Damsluisweg 1  1332 EA ALMERE,036-5492700,//www.hemubo.nl,https://www.bouwendnederland.nl/vereniging/lidbedrijf-zoeken?page=132
Hemubo Betontechniek,ALMERE,Damsluisweg 1  1332 EA ALMERE,Damsluisweg 1  1332 EA ALMERE,036-5492700,//www.hemubo.nl,https://www.bouwendnederland.nl/vereniging/lidbedrijf-zoeken?page=132
Hemubo Bouw B.V.,ALMERE,Damsluisweg 1  1332 EA ALMERE,Damsluisweg 1  1332 EA ALMERE,036-5492700,//www.hemubo.nl,https://www.bouwendnederland.nl/vereniging/lidbedrijf-zoeken?page=132
Hendriks Bouw en Ontwikkeling B.V.,OSS,Postbus 179  5340 AD OSS,Kanaalstraat 12  5347 KM OSS,0412-669444,//hendriksbouwenontwikkeling.nl,https://www.bouwendnederland.nl/vereniging/lidbedrijf-zoeken?page=132
Hendriks Bouwbedrijf Oss B.V.,OSS,Postbus 179  5340 AD OSS,Kanaalstraat 12  5347 KM OSS,0412-669444,//www.hendriks-bouwoss.nl,https://www.bouwendnederland.nl/vereniging/lidbedrijf-zoeken?page=132
Hendriks Coppelmans Bouwgroep B.V.,OSS,Postbus 179  5340 AD OSS,Kanaalstraat 12 B 5347 KM OSS,0413-264833,//www.hendrikscoppelmans.nl,https://www.bouwendnederland.nl/vereniging/lidbedrijf-zoeken?page=132
Hendriks Coppelmans Ontwikkeling B.V.,OSS,Postbus 179  5340 AD OSS,Kanaalstraat 12 b 5347 KM OSS,0413-264833,//www.hendrikscoppelmans.nl,https://www.bouwendnederland.nl/vereniging/lidbedrijf-zoeken?page=132
Hendriks Coppelmans Uden B.V.,OSS,Kanaalstraat 12 b 5347 KM OSS,Kanaalstraat 12 b 5347 KM OSS,0413-264833,//www.hendrikscoppelmans.nl,https://www.bouwendnederland.nl/vereniging/lidbedrijf-zoeken?page=133
Hendriks Infra B.V.,OUD GASTEL,Stoofstraat 46  4751 WE OUD GASTEL,Stoofstraat 46  4751 WE OUD GASTEL,0165-567766,//www.hendriks-infra.nl,https://www.bouwendnederland.nl/vereniging/lidbedrijf-zoeken?page=133
Hendriks Onderhoud en Beheer,OSS,Postbus 179  5340 AD OSS,Kanaalstraat 12  5347 KM OSS,0412-669444,//www.hendriks-bouwoss.nl,https://www.bouwendnederland.nl/vereniging/lidbedrijf-zoeken?page=133
Hendriks Projectontwikkeling B.V.,OSS,Postbus 179  5340 AD OSS,Kanaalstraat 12  5347 KM OSS,0412-669444,//www.hendriksprojectontwikkeling.nl,https://www.bouwendnederland.nl/vereniging/lidbedrijf-zoeken?page=133
Hendriksen Bouwservice B.V.,VROOMSHOOP,Kruidenlaan 9  7681 TG VROOMSHOOP,Kruidenlaan 9  7681 TG VROOMSHOOP,0546-225913,//www.hendriksenbouwservice.nl,https://www.bouwendnederland.nl/vereniging/lidbedrijf-zoeken?page=133
Hendriksen Eco-Bouw,RUURLO,Batsdijk 17 a 7261 SN RUURLO,Batsdijk 17 a 7261 SN RUURLO,,,https://www.bouwendnederland.nl/vereniging/lidbedrijf-zoeken?page=133
Hendrikx-Spruit B.V. Bouw- en Aannemersbedrijf,MONTFOORT,Heeswijk 109  3417 GP MONTFOORT,Heeswijk 109  3417 GP MONTFOORT,0348-471377,//www.bouwbedrijfhendrikxenspruit.nl,https://www.bouwendnederland.nl/vereniging/lidbedrijf-zoeken?page=133
Hendrix Bouw Nederhof B.V.,ELSLOO LB,Business Park Stein  167  6181 MA Elsloo LB,Business Park Stein 167  6181 MA ELSLOO LB,046-4262726,//www.hendrixbouw.nl,https://www.bouwendnederland.nl/vereniging/lidbedrijf-zoeken?page=133
Henk van Tongeren Materieel B.V.,APELDOORN,Zwaansprengweg 9  7332 BE APELDOORN,Zwaansprengweg 9  7332 BE APELDOORN,055-3682300,//https://www.henkvantongeren.nl/,https://www.bouwendnederland.nl/vereniging/lidbedrijf-zoeken?page=133
Henk van Tongeren Water & Techniek B.V.,APELDOORN,Zwaansprengweg 9  7332 BE APELDOORN,Zwaansprengweg 9  7332 BE APELDOORN,055-3682300,//www.henkvantongeren.nl,https://www.bouwendnederland.nl/vereniging/lidbedrijf-zoeken?page=133
Henk van Tongeren Water & Techniek Projecten B.V.,ZWOLLE,Telfordstraat 43  8013 RL ZWOLLE,Telfordstraat 43  8013 RL ZWOLLE,038-4651424,//https://www.henkvantongeren.nl/,https://www.bouwendnederland.nl/vereniging/lidbedrijf-zoeken?page=133
Hennephof en Jonk B.V.,EDAM,Nijverheidstraat 24 H 1135 GE EDAM,Nijverheidsstraat 24 H 1135 GE EDAM,,,https://www.bouwendnederland.nl/vereniging/lidbedrijf-zoeken?page=133
Hennie Lamers Totaalbouw,HEINO,Zwolseweg 32  8141 EZ HEINO,Zwolseweg 32  8141 EZ HEINO,0572-392346,//www.hennielamers.nl,https://www.bouwendnederland.nl/vereniging/lidbedrijf-zoeken?page=133
Henry van der Zeeuw Management,BOESINGHELIEDE,IJweg 507 J 2143 CL BOESINGHELIEDE,IJweg 507 J 2143 CL BOESINGHELIEDE,023-5551551,//www.vanderzeeuwbouw.nl,https://www.bouwendnederland.nl/vereniging/lidbedrijf-zoeken?page=133
Henselmans Bouw B.V.,NOORD-SCHARWOUDE,Oostelijke Randweg 8  1723 LH NOORD-SCHARWOUDE,Oostelijke Randweg 8  1723 LH NOORD-SCHARWOUDE,0226-312375,,https://www.bouwendnederland.nl/vereniging/lidbedrijf-zoeken?page=133
Henselmans Bouw en Ontwikkeling B.V.,NOORD-SCHARWOUDE,Oostelijke Randweg 8  1723 LH NOORD-SCHARWOUDE,Oostelijke Randweg 8  1723 LH NOORD-SCHARWOUDE,0226-312375,//www.henselmans.nl,https://www.bouwendnederland.nl/vereniging/lidbedrijf-zoeken?page=133
Henselmans Ontwikkeling B.V.,NOORD-SCHARWOUDE,Oostelijke Randweg 8  1723 LH NOORD-SCHARWOUDE,Oostelijke Randweg 8  1723 LH NOORD-SCHARWOUDE,,,https://www.bouwendnederland.nl/vereniging/lidbedrijf-zoeken?page=133
Hensema Beveiliging Steigerbouw B.V.,CAPELLE AAN DEN IJSSEL,Ligusterbaan 1  2908 LW CAPELLE AAN DEN IJSSEL,Ligusterbaan 1  2908 LW CAPELLE AAN DEN IJSSEL,105-17808,//www.hbsdienstverlening.nl,https://www.bouwendnederland.nl/vereniging/lidbedrijf-zoeken?page=133
Henver Bouw B.V.,BLOKKER,Gildenweg 10  1695 GD BLOKKER,Gildenweg 10  1695 GD BLOKKER,0229-264253,//www.henver.nl,https://www.bouwendnederland.nl/vereniging/lidbedrijf-zoeken?page=133
Hercuton b.v.,NIEUWKUIJK,Postbus 67  5250 AB VLIJMEN,Touwslager 2  5253 RK NIEUWKUIJK,088-2053400,//www.hercuton.nl,https://www.bouwendnederland.nl/vereniging/lidbedrijf-zoeken?page=133
Herkon Vastgoedontwikkeling,SLIEDRECHT,Stationspark 1100  3364 DA SLIEDRECHT,Stationspark 1100  3364 DA SLIEDRECHT,0184-616989,,https://www.bouwendnederland.nl/vereniging/lidbedrijf-zoeken?page=134
Herman Kat B.V.,ASSENDELFT,Veenpolderdijk 28  1566 PJ ASSENDELFT,Veenpolderdijk 28  1566 PJ ASSENDELFT,075-6873241,//www.hermankatbv.nl,https://www.bouwendnederland.nl/vereniging/lidbedrijf-zoeken?page=134
Hermans Elsloo,NUTH,Postbus 22004  6360 AA NUTH,Huib van Kreekeweg 5  6361 KG NUTH,045-5241800,//www.vandekreeke.nl,https://www.bouwendnederland.nl/vereniging/lidbedrijf-zoeken?page=134
Hermans Groep,ZWANENBURG,Weerenweg 16  1161 AH ZWANENBURG,Weerenweg 16  1161 AH ZWANENBURG,020-4488001,//www.hermans.com,https://www.bouwendnederland.nl/vereniging/lidbedrijf-zoeken?page=134
Herubo Lijmwerken B.V.,BUNSCHOTEN-SPAKENBURG,Energieweg 22  3751 LT BUNSCHOTEN-SPAKENBURG,Energieweg 22  3751 LT BUNSCHOTEN-SPAKENBURG,033-2982511,//www.herubolijmwerkenbv.nl,https://www.bouwendnederland.nl/vereniging/lidbedrijf-zoeken?page=134
Hesco Bouw,STADSKANAAL,Postbus 20  9500 AA STADSKANAAL,Electronicaweg 8  9503 EX STADSKANAAL,0599-696969,//www.hescobouw.nl/,https://www.bouwendnederland.nl/vereniging/lidbedrijf-zoeken?page=134
Hesselink Maatwerk,TUBBERGEN,Kloosteresweg 10  7651 NP TUBBERGEN,Kloosteresweg 10  7651 NP TUBBERGEN,0546-898386,//www.hesselinkmaatwerk.nl,https://www.bouwendnederland.nl/vereniging/lidbedrijf-zoeken?page=134
Het Bastion B.V.,BERGEN OP ZOOM,Blokstallen 2  4611 WB BERGEN OP ZOOM,Blokstallen 2  4611 WB BERGEN OP ZOOM,,,https://www.bouwendnederland.nl/vereniging/lidbedrijf-zoeken?page=134
Het Bedrijfsbureau B.V.,NIJMEGEN,Lagelandseweg 46  6545 CE NIJMEGEN,Lagelandseweg 46  6545 CE NIJMEGEN,,,https://www.bouwendnederland.nl/vereniging/lidbedrijf-zoeken?page=134
Het Bouwbedrijf B.V.,HILVERSUM,Hoge Larenseweg 202 A 1221 AW HILVERSUM,Hoge Larenseweg 202 A 1221 AW HILVERSUM,085-1303261,//www.hetbouwbedrijf.nl,https://www.bouwendnederland.nl/vereniging/lidbedrijf-zoeken?page=134
Het BouwHuys,BERGEN OP ZOOM,Groenewoudseweg 60  4613 BK BERGEN OP ZOOM,Vierlinghweg 32  4612 PN BERGEN OP ZOOM,085-0441193,//www.hetbouwhuys.nl,https://www.bouwendnederland.nl/vereniging/lidbedrijf-zoeken?page=134
Heutbouw,GENEMUIDEN,Nijverheidstraat 37  8281 JD GENEMUIDEN,Nijverheidstraat 37  8281 JD GENEMUIDEN,038-3852000,//www.kkheutinkbv.nl,https://www.bouwendnederland.nl/vereniging/lidbedrijf-zoeken?page=134
Heutink Bouwgroep B.V.,GENEMUIDEN,Postbus 19  8280 AA GENEMUIDEN,Sisalstraat 1  8281 JJ GENEMUIDEN,038-3854344,//www.heutinkgroep.nl,https://www.bouwendnederland.nl/vereniging/lidbedrijf-zoeken?page=134
HEVO B.V.,'S-HERTOGENBOSCH,Postbus 70501  5201 CB 'S-HERTOGENBOSCH,Statenlaan 8  5223 LA 'S-HERTOGENBOSCH,073-6409409,//www.hevo.nl,https://www.bouwendnederland.nl/vereniging/lidbedrijf-zoeken?page=134
HEWU Bouw-en Montagebedrijf VOF,ZELHEM,Velswijkweg 56  7021 KT ZELHEM,Velswijkweg 56  7021 KT ZELHEM,0314-641034,//www.hewu.nl,https://www.bouwendnederland.nl/vereniging/lidbedrijf-zoeken?page=134
HG Beheer B.V.,KOOTWIJKERBROEK,Garderbroekerweg 130  3774 JH KOOTWIJKERBROEK,Garderbroekerweg 130  3774 JH KOOTWIJKERBROEK,0342-443711,//www.bouwbedrijfgoorhuisbv.nl,https://www.bouwendnederland.nl/vereniging/lidbedrijf-zoeken?page=134
HG Bouwtechniek B.V.,SPRANG-CAPELLE,Berkhaag 4  5161 CC SPRANG-CAPELLE,Berkhaag 4  5161 CC SPRANG-CAPELLE,0416-560017,//www.hg-bouwtechniek.nl,https://www.bouwendnederland.nl/vereniging/lidbedrijf-zoeken?page=134
HGB Bouwbedrijf B.V.,'S-GRAVENHAGE,Zeesluisweg 78 A 2583 DS 'S-GRAVENHAGE,Platinaweg 25  2544 EZ 'S-GRAVENHAGE,070-2535476,//Www.hgbbouwbedrijf.nl,https://www.bouwendnederland.nl/vereniging/lidbedrijf-zoeken?page=134
Hijman Glashandel B.V.,RIJSWIJK ZH,Cort van der Lindenstr 15  2288 EV RIJSWIJK ZH,Cort van der Lindenstr 15  2288 EV RIJSWIJK ZH,070-3996106,//www.hijmanglas.nl,https://www.bouwendnederland.nl/vereniging/lidbedrijf-zoeken?page=134
Hilgenkamp Bouwservice,HEINO,L.J. Costerstraat 45  8141 GN HEINO,L.J. Costerstraat 45  8141 GN HEINO,0572-700265,//www.hilgenkampbouwservice.nl,https://www.bouwendnederland.nl/vereniging/lidbedrijf-zoeken?page=134
Hilhorst Bouwbedrijf Amsterdam B.V.,AMSTERDAM,Schakelstraat 26  1014 AW AMSTERDAM,Schakelstraat 26  1014 AW AMSTERDAM,020-6822438,//www.hilhorstbouw.nl,https://www.bouwendnederland.nl/vereniging/lidbedrijf-zoeken?page=135
Hill Top Holding B.V.,Deurne,Wittedijk 2  5754 PP DEURNE,Wittedijk 2  5753SZ Deurne,6-51041480,//www.ditiskusters.nl,https://www.bouwendnederland.nl/vereniging/lidbedrijf-zoeken?page=135
HillCom Schilderwerken B.V.,DEURNE,Daalder 15  5753 SZ DEURNE,Daalder 15  5753 SZ DEURNE,049-3750894,//www.hillcomschilderwerken.nl,https://www.bouwendnederland.nl/vereniging/lidbedrijf-zoeken?page=135
Hillebrand Bouw B.V.,BATHMEN,Traasterdijk 10 A 7437 RZ BATHMEN,Traasterdijk 10 A 7437 RZ BATHMEN,0570-541865,//www.hillebrandbouw.nl,https://www.bouwendnederland.nl/vereniging/lidbedrijf-zoeken?page=135
Hink bestratingen B.V.,ALKMAAR,Boekelerdijk 19  1812 LV ALKMAAR,Boekelerdijk 19  1812 LV ALKMAAR,,,https://www.bouwendnederland.nl/vereniging/lidbedrijf-zoeken?page=135
Hissink's Bouwbedrijf B.V.,LAREN GLD,Rossweg 1  7245 NJ LAREN GLD,Rossweg 1  7245 NJ LAREN GLD,0573-401572,//www.hissinkbouw.nl,https://www.bouwendnederland.nl/vereniging/lidbedrijf-zoeken?page=135
HMU & Olsthoorn Bouw & Ontwikkeling B.V.,DE LIER,Leewerf 60  2678 KD DE LIER,Leewerf 60  2678 KD DE LIER,0174-624796,//www.thuisinbouwen.nl,https://www.bouwendnederland.nl/vereniging/lidbedrijf-zoeken?page=135
HN Bouw B.V.,NIEUWLEUSEN,Evenboersweg 24 a 7711 GX NIEUWLEUSEN,Evenboersweg 24 a 7711 GX NIEUWLEUSEN,0529-793007,//www.vechtdalbouw.nl,https://www.bouwendnederland.nl/vereniging/lidbedrijf-zoeken?page=135
Hobru Wegenonderhoud B.V.,GELDERMALSEN,De Aaldor 19  4191 PC GELDERMALSEN,De Aaldor 19  4191 PC GELDERMALSEN,0345-577062,//www.hobru-bv.com,https://www.bouwendnederland.nl/vereniging/lidbedrijf-zoeken?page=135
HOCHTIEF Engineering GmbH Netherlands Branch,AMSTELVEEN,Prof. W.H. Keesomlaan 1  1183 DJ AMSTELVEEN,Prof. W.H. Keesomlaan 1  1183 DJ AMSTELVEEN,020-18242431,//www.hochtief-engineering.com,https://www.bouwendnederland.nl/vereniging/lidbedrijf-zoeken?page=135
HOCHTIEF Infrastructure GmbH | Nederland,AMSTELVEEN,Prof. W.H. Keesomlaan 1  1183 DJ AMSTELVEEN,Prof. W.H. Keesomlaan 1  1183 DJ AMSTELVEEN,020-2102700,//www.hochtief.de,https://www.bouwendnederland.nl/vereniging/lidbedrijf-zoeken?page=135
Hodes Huisvesting B.V.,GOOR,Nieuwenkampsmaten 14  7472 DE GOOR,Nieuwenkampsmaten 14  7472 DE GOOR,088-3980000,//www.hodes-huisvesting.nl,https://www.bouwendnederland.nl/vereniging/lidbedrijf-zoeken?page=135
Hoebe Bronbemaling B.V.,ALKMAAR,Pyrietstraat 1  1812 SC ALKMAAR,Pyrietstraat 1  1812 SC ALKMAAR,072-5331720,//www.theovanvelzen.nl,https://www.bouwendnederland.nl/vereniging/lidbedrijf-zoeken?page=135
Hoedbouw B.V.,DE LIER,Kijckerweg 135  2678 AC DE LIER,Kijckerweg 135  2678 AC DE LIER,0174-512280,//www.hoedbouw.nl,https://www.bouwendnederland.nl/vereniging/lidbedrijf-zoeken?page=135
Hoedemakers Bouw B.V.,ROSMALEN,Postbus 93  5240 AB ROSMALEN,De Grote Elst 40  5246 JP ROSMALEN,073-6410814,//www.hoedemakers.nu,https://www.bouwendnederland.nl/vereniging/lidbedrijf-zoeken?page=135
Hoek Bouw Katwijk B.V.,KATWIJK ZH,Lijnbaanstraat 6  2222 AR KATWIJK ZH,Lijnbaanstraat 6  2222 AR KATWIJK ZH,071-4073660,//www.bouwbedrijfdhoek.nl,https://www.bouwendnederland.nl/vereniging/lidbedrijf-zoeken?page=135
Hoek Bouwprojecten B.V.,TUBBERGEN,Newtonstraat 13a  7651 AP TUBBERGEN,Newtonstraat 13a  7651 AP TUBBERGEN,0546-706300,//www.hoek-bouwprojecten.nl,https://www.bouwendnederland.nl/vereniging/lidbedrijf-zoeken?page=135
Hoekstra Bouw b.v.,NOORDHORN,Industrieweg 32  9804 TG NOORDHORN,Industrieweg 32  9804 TG NOORDHORN,0594-503010,//www.hoekstrabouw.nl,https://www.bouwendnederland.nl/vereniging/lidbedrijf-zoeken?page=135
Hofmeijer MP B.V.,ENSCHEDE,Tinsteden 22  7547 TG ENSCHEDE,Tinsteden 22  7547 TG ENSCHEDE,053-4283284,//www.hofmeijermp.nl,https://www.bouwendnederland.nl/vereniging/lidbedrijf-zoeken?page=135
Hofrijn Bouw B.V.,ROTTERDAM,Metaalhof 40  3067 GM ROTTERDAM,Metaalhof 40  3067 GM ROTTERDAM,010-4780944,//www.hofrijn.nl,https://www.bouwendnederland.nl/vereniging/lidbedrijf-zoeken?page=135
Hofstra Bouw Witmarsum B.V.,WITMARSUM,Gijsbert Japiksweg 53  8748 CL WITMARSUM,Gijsbert Japiksweg 53  8748 CL WITMARSUM,0517-532207,//www.hofstrabouw.nl,https://www.bouwendnederland.nl/vereniging/lidbedrijf-zoeken?page=136
Hogenkamp Bouw,HAAKSBERGEN,Jan Vermeerstraat 3  7482 EM HAAKSBERGEN,Jan Vermeerstraat 3  7482 EM HAAKSBERGEN,,,https://www.bouwendnederland.nl/vereniging/lidbedrijf-zoeken?page=136
Holding C.N.M. Plat B.V.,VOLENDAM,Postbus 141  1130 AC VOLENDAM,Morseweg 63  1131 PH VOLENDAM,0299-361525,//www.platenplat.nl,https://www.bouwendnederland.nl/vereniging/lidbedrijf-zoeken?page=136
Holding Gebr. Geldof B.V.,HOEK,Postbus 8120  4330 EC MIDDELBURG,Lovenpolderstraat 14  4542 NS HOEK,0118-591588,//www.geldof.org,https://www.bouwendnederland.nl/vereniging/lidbedrijf-zoeken?page=136
Holding Gebr. Van der Werff Alphen aan den Rijn B.V.,ALPHEN AAN DEN RIJN,Koperweg 8  2401 LH ALPHEN AAN DEN RIJN,Koperweg 8  2401 LH ALPHEN AAN DEN RIJN,0172-469500,//www.vanderwerffgroep.nl,https://www.bouwendnederland.nl/vereniging/lidbedrijf-zoeken?page=136
Holding Groenen 2017 B.V.,BODEGRAVEN,Buitenkerk 61  2411 PC BODEGRAVEN,Buitenkerk 61  2411 PC BODEGRAVEN,0172-612316,//www.groenenbouw.nl,https://www.bouwendnederland.nl/vereniging/lidbedrijf-zoeken?page=136
Holding Hecon B.V.,DE GOORN,Wieder 37  1648 GA DE GOORN,Wieder 37  1648 GA DE GOORN,,,https://www.bouwendnederland.nl/vereniging/lidbedrijf-zoeken?page=136
Holding Nieuwenhuis Rijssen B.V.,RIJSSEN,Postbus 290  7460 AG RIJSSEN,Kalanderstraat 51  7461 JL RIJSSEN,0548-537805,//wwww.nieuwenhuisgroep.nl,https://www.bouwendnederland.nl/vereniging/lidbedrijf-zoeken?page=136
Holdingmaatschappij Roosdom Tijhuis B.V.,RIJSSEN,Postbus 252  7460 AG RIJSSEN,Jutestraat 8  7461 TR RIJSSEN,0548-854200,//www.roosdomtijhuis.nl,https://www.bouwendnederland.nl/vereniging/lidbedrijf-zoeken?page=136
Holland Isolatie Service B.V.,HOUTEN,Meidoornkade 4  3992 AE HOUTEN,Meidoornkade 4  3992 AE HOUTEN,085-0787999,//www.hollandisolatieservice.nl,https://www.bouwendnederland.nl/vereniging/lidbedrijf-zoeken?page=136
Holland Scherm bv,ROTTERDAM,Postbus 11058  3004 EB ROTTERDAM,Giessenweg 4 -6 3044 AL ROTTERDAM,010-2083320,//www.hollandscherm.nl,https://www.bouwendnederland.nl/vereniging/lidbedrijf-zoeken?page=136
Hollandia Services B.V.,KRIMPEN AAN DEN IJSSEL,Postbus 12  2920 AA KRIMPEN AAN DEN IJSSEL,Schaardijk 23  2921 LG KRIMPEN AAN DEN IJSSEL,0180-540540,//www.hollandiaservices.nl,https://www.bouwendnederland.nl/vereniging/lidbedrijf-zoeken?page=136
Hollandia Services BV,SINT NICOLAASGA,Tsjukemarwei 6 c 8521 NA SINT NICOLAASGA,Tsjukemarwei 6 c 8521 NA SINT NICOLAASGA,0180-540540,,https://www.bouwendnederland.nl/vereniging/lidbedrijf-zoeken?page=136
Hollandsysteembouw B.V.,WINKEL,De Zandruiter 5  1731 LJ WINKEL,De Zandruiter 5  1731 LJ WINKEL,0226-422664,//www.hollandsysteembouw.nl,https://www.bouwendnederland.nl/vereniging/lidbedrijf-zoeken?page=136
Hollema Bouw B.V.,SURHUISTERVEEN,Rooilijn 1  9231 DZ SURHUISTERVEEN,Rooilijn 1  9231 DZ SURHUISTERVEEN,0512-362255,//www.hollemabouw.nl,https://www.bouwendnederland.nl/vereniging/lidbedrijf-zoeken?page=136
Holleman Santpoort Bouw B.V.,Haarlem,Postbus 594  2070 AN SANTPOORT-NOORD,Claus Sluterweg  315 A 2012 WS  Haarlem,023-5385454,,https://www.bouwendnederland.nl/vereniging/lidbedrijf-zoeken?page=136
Holtkamp Bouw B.V.,ALMELO,Twentepoort Oost 58  7609 RG ALMELO,Twentepoort Oost 58  7609 RG ALMELO,0546-540890,//www.holtkampbouw.nl,https://www.bouwendnederland.nl/vereniging/lidbedrijf-zoeken?page=136
Home2Build,ALKMAAR,Postbus 3125  1801 GC ALKMAAR,Visserslaan 27  1815 VC ALKMAAR,072-5644411,//www.home2build.nl,https://www.bouwendnederland.nl/vereniging/lidbedrijf-zoeken?page=136
HOMIJ Technische Installaties bv,VIANEN UT,Postbus 47  4130 EA VIANEN UT,Langedreef 7  4131 NJ VIANEN UT,088-1861631,//www.homij.nl,https://www.bouwendnederland.nl/vereniging/lidbedrijf-zoeken?page=136
Homines Bouw B.V.,AMSTERDAM,Danzigerkade 63 b 1013 AP AMSTERDAM,Danzigerkade 63 b 1013 AP AMSTERDAM,020-6189365,//www.hominesbouw.nl,https://www.bouwendnederland.nl/vereniging/lidbedrijf-zoeken?page=136
Homme Siebenga Bouw B.V.,HEERENVEEN,Rotstergaastweg 35  8445 PB HEERENVEEN,Rotstergaastweg 35  8445 PB HEERENVEEN,0513-846383,//www.hommesiebengabouw.nl,https://www.bouwendnederland.nl/vereniging/lidbedrijf-zoeken?page=137
Hoogakker Heteren BV,HETEREN,PvM Gelderland Groen 23  6666 LP HETEREN,PvM Gelderland Groen 23  6666 LP HETEREN,026-4722338,//www.hoogakker-heteren.nl,https://www.bouwendnederland.nl/vereniging/lidbedrijf-zoeken?page=137
Hoogendoorn Bouw B.V.,'S-GRAVENHAGE,Van Weede van Dijkveldstraat 73  2582 KS 'S-GRAVENHAGE,Van Weede van Dijkveldstraat 73  2582 KS 'S-GRAVENHAGE,070-3554930,//www.hoogendoornbouw.nl,https://www.bouwendnederland.nl/vereniging/lidbedrijf-zoeken?page=137
Hoogeveens Aannemersbedrijf B.V.,HOOGEVEEN,Voltastraat 55 d 7903 AA HOOGEVEEN,Voltastraat 55 D 7903 AA HOOGEVEEN,0528-235235,//www.hoogeveensaannemersbedrijf.nl,https://www.bouwendnederland.nl/vereniging/lidbedrijf-zoeken?page=137
Hooghiemster Bouwbedrijf,ALDTSJERK,Boerfinne 12  9064 DG ALDTSJERK,Boerfinne 12  9064 DG ALDTSJERK,058-2561071,//www.hooghiemsterbouw.nl,https://www.bouwendnederland.nl/vereniging/lidbedrijf-zoeken?page=137
Hoogmartens B.V.,MAASBREE,Hagelkruisweg 2  5993 SC MAASBREE,Hagelkruisweg 2  5993 SC MAASBREE,077-4006140,//www.hoogmartens.nl,https://www.bouwendnederland.nl/vereniging/lidbedrijf-zoeken?page=137
Hooijberg B.V. Langedijk Bouw,HEM,De Volharding 6  1607 MJ HEM,De Volharding 6  1607 MJ HEM,0228-541387,//www.hooijbergbv.nl,https://www.bouwendnederland.nl/vereniging/lidbedrijf-zoeken?page=137
Horsto Bouw Ommen B.V.,OMMEN,van Ruisdaelstraat 5  7731 SW OMMEN,van Ruisdaelstraat 5  7731 SW OMMEN,0529-451619,//www.horstobouw.nl,https://www.bouwendnederland.nl/vereniging/lidbedrijf-zoeken?page=137
Houkesloot Prefab B.V.,LEEUWARDEN,Newtonweg 2  8912 BD LEEUWARDEN,Newtonweg 2  8912 BD LEEUWARDEN,0515-238020,//www.houkesloot.nl,https://www.bouwendnederland.nl/vereniging/lidbedrijf-zoeken?page=137
House of Bouw B.V.,AMSTERDAM,De Heul 14  1511 AK OOSTZAAN,Veemarkt 150a  1019 DE AMSTERDAM,085-4004242,//www.houseofbouw.nl,https://www.bouwendnederland.nl/vereniging/lidbedrijf-zoeken?page=137
House of Lo,SCHERPENISSE,Molenstraat 16  4694 BG SCHERPENISSE,Molenstraat 16  4694 BG SCHERPENISSE,,,https://www.bouwendnederland.nl/vereniging/lidbedrijf-zoeken?page=137
Houta Bouwservice B.V.,GELDROP,Postbus 144  5660 AC GELDROP,Industriepark 11  5663 PG GELDROP,040-2862110,//www.houtabouw.nl,https://www.bouwendnederland.nl/vereniging/lidbedrijf-zoeken?page=137
Houta Groep B.V.,GELDROP,Industriepark 11  5663 PG GELDROP,Industriepark 11  5663 PG GELDROP,040-2862110,//WWW.HOUTA.NL,https://www.bouwendnederland.nl/vereniging/lidbedrijf-zoeken?page=137
Houta-Bouw B.V.,GELDROP,Postbus 144  5660 AC GELDROP,Industriepark 11  5663 PG GELDROP,040-2862110,//www.houtabouw.nl,https://www.bouwendnederland.nl/vereniging/lidbedrijf-zoeken?page=137
Houtbouw Liessel BV,DEURNE,Energiestraat 21  5753 RN DEURNE,Energiestraat 21  5753 RN DEURNE,040-2018196,//www.houtbouwliessel.nl,https://www.bouwendnederland.nl/vereniging/lidbedrijf-zoeken?page=137
Houter Bouwspecialiteiten,Alkmaar,Kamerlingh Onnesstraat 14 L 1821 BP ALKMAAR,Kamerlingh Onnesstraat 14 L 1821 BP Alkmaar,,,https://www.bouwendnederland.nl/vereniging/lidbedrijf-zoeken?page=137
Hoving Bouw B.V.,VALKENSWAARD,van Linschotenstraat 12 A 5554 PM VALKENSWAARD,van Linschotenstraat 12 A 5554 PM VALKENSWAARD,,,https://www.bouwendnederland.nl/vereniging/lidbedrijf-zoeken?page=137
HSA Service en Afbouw,LICHTENVOORDE,Godfried Bomansstraat 5  7131 WS LICHTENVOORDE,Godfried Bomansstraat 5  7131 WS LICHTENVOORDE,,,https://www.bouwendnederland.nl/vereniging/lidbedrijf-zoeken?page=137
HSB Bouw B.V.,VOLENDAM,Postbus 8  1130 AA VOLENDAM,Slobbeland 10  1131 AB VOLENDAM,0299-398900,//www.hsb-bouw.nl,https://www.bouwendnederland.nl/vereniging/lidbedrijf-zoeken?page=137
HSE,ZAANDAM,Zijtocht 6  1507 CD ZAANDAM,Zijtocht 6  1507 CD ZAANDAM,0642-902795,//www.hse-t.nl,https://www.bouwendnederland.nl/vereniging/lidbedrijf-zoeken?page=137
HT Infra,NIEUWERKERK AD IJSSEL,Kortenoord 15  2911 BD NIEUWERKERK AD IJSSEL,Kortenoord 15  2911 BD NIEUWERKERK AD IJSSEL,0180-313344,//www.htinfra.nl,https://www.bouwendnederland.nl/vereniging/lidbedrijf-zoeken?page=138
HTH Bouwgroep B.V.,DEURNE,Daalder 15  5753 SZ DEURNE,Daalder 15  5753 SZ DEURNE,,,https://www.bouwendnederland.nl/vereniging/lidbedrijf-zoeken?page=138
Huib Bakker Bouw BV,HEEMSTEDE,Nijverheidsweg 41  2102 LK HEEMSTEDE,Nijverheidsweg 41  2102 LK HEEMSTEDE,023-5292172,//www.huibbakker.nl,https://www.bouwendnederland.nl/vereniging/lidbedrijf-zoeken?page=138
Huijbregts Infra B.V.,REUSEL,Postelsedijk 2 B 5541 NM REUSEL,Postelsedijk 2 B 5541 NM REUSEL,0497-641225,//www.huijbregts.eu,https://www.bouwendnederland.nl/vereniging/lidbedrijf-zoeken?page=138
Huijzers-Dekker Betonboringen B.V.,DORDRECHT,Zuidendijk 351  3317 NR DORDRECHT,Zuidendijk 351  3317 NR DORDRECHT,078-6184369,//www.huijzers-dekker.nl,https://www.bouwendnederland.nl/vereniging/lidbedrijf-zoeken?page=138
Huipen Dos B.V.,HEEMSKERK,Postbus 86  1960 AB HEEMSKERK,De Trompet 1100  1967 DA HEEMSKERK,0251-246444,//www.huipen.nl,https://www.bouwendnederland.nl/vereniging/lidbedrijf-zoeken?page=138
Huiskamp Bouwbedrijf BV,WINTERSWIJK,Industrieweg 4  7102 DZ WINTERSWIJK,Industrieweg 4  7102 DZ WINTERSWIJK,0543-564788,//www.gebinten.nl,https://www.bouwendnederland.nl/vereniging/lidbedrijf-zoeken?page=138
Hummelink Bouw,LICHTENVOORDE,Mercatorstraat 11  7131 PW LICHTENVOORDE,Mercatorstraat 11  7131 PW LICHTENVOORDE,0544-351214,//www.hummelink.nl,https://www.bouwendnederland.nl/vereniging/lidbedrijf-zoeken?page=138
HuneBouw B.V.,HOOGEVEEN,Postbus 170  7900 AD HOOGEVEEN,Stephensonstraat 3  7903 AS HOOGEVEEN,0528-227070,//www.hunebouw.nl,https://www.bouwendnederland.nl/vereniging/lidbedrijf-zoeken?page=138
Hurks B.V.,EINDHOVEN,Postbus 671  5600 AR EINDHOVEN,Pastoor Petersstraat 3  5612 WB EINDHOVEN,040-2626200,//www.hurks.nl,https://www.bouwendnederland.nl/vereniging/lidbedrijf-zoeken?page=138
Hurks B.V.,UTRECHT,Orteliuslaan 1000  3528 BD UTRECHT,Orteliuslaan 1000  3528 BD UTRECHT,030-2099020,//www.hurks.nl,https://www.bouwendnederland.nl/vereniging/lidbedrijf-zoeken?page=138
Hurks Groep BV,EINDHOVEN,Postbus 671  5600 AR EINDHOVEN,Pastoor Petersstraat 3  5612 WB EINDHOVEN,040-2626100,//www.hurks.nl,https://www.bouwendnederland.nl/vereniging/lidbedrijf-zoeken?page=138
Hurks Materieel bv,EERSEL,Kuiper 16  5521 DH EERSEL,Kuiper 16  5521 DH EERSEL,0497-513234,//www.hurks.nl,https://www.bouwendnederland.nl/vereniging/lidbedrijf-zoeken?page=138
Hurks Onderhoud & retail B.V.,EINDHOVEN,Postbus 1776  5602 BT EINDHOVEN,Esp 308  5633 AE EINDHOVEN,040-3200300,//www.hurks.nl,https://www.bouwendnederland.nl/vereniging/lidbedrijf-zoeken?page=138
Huta Bouw,ZUIDWOLDE DR,Graspad 9  7921 LR ZUIDWOLDE DR,Graspad 9  7921 LR ZUIDWOLDE DR,0528-741013,,https://www.bouwendnederland.nl/vereniging/lidbedrijf-zoeken?page=138
Huybens Haarlem,HAARLEM,Nijverheidsweg 15  2031 CN HAARLEM,Nijverheidsweg 15  2031 CN HAARLEM,023-5319549,//www.huybens.nl,https://www.bouwendnederland.nl/vereniging/lidbedrijf-zoeken?page=138
Huybregts Relou B.V.,SON,Kanaaldijk-Zuid 1  5691 NL SON EN BREUGEL,Kanaaldijk Zuid 1  5691 NL SON,0499-483483,//www.huybregts-relou.nl,https://www.bouwendnederland.nl/vereniging/lidbedrijf-zoeken?page=138
Huybregts Relou Groep B.V.,SON,Postbus 77  5690 AB SON,Kanaaldijk Zuid 1  5691 NL SON,0499-483483,//www.huybregts-relou.nl,https://www.bouwendnederland.nl/vereniging/lidbedrijf-zoeken?page=138
HWD Staalframe Bouw B.V.,RENSWOUDE,De Hooge Hoek 28  3927 GG RENSWOUDE,De Hooge Hoek 28  3927 GG RENSWOUDE,,,https://www.bouwendnederland.nl/vereniging/lidbedrijf-zoeken?page=138
Hylmar Diemer Bouwbedrijf B.V.,WINSUM GN,Het Aanleg 9  9951 SJ WINSUM GN,Het Aanleg 9  9951 SJ WINSUM GN,0595-491646,//www.hylmar-diemer.nl,https://www.bouwendnederland.nl/vereniging/lidbedrijf-zoeken?page=138
IBB-Kondor B.V.,OEGSTGEEST,Oude Vaartweg 1  2343 JD OEGSTGEEST,Oude Vaartweg 1  2343 JD OEGSTGEEST,071-3050500,//www.ibbkondor.nl,https://www.bouwendnederland.nl/vereniging/lidbedrijf-zoeken?page=139
Ibrox Projecten B.V.,EDE GLD,Zandlaan 18  6717 LP EDE GLD,Zandlaan 18  6717 LP EDE GLD,,,https://www.bouwendnederland.nl/vereniging/lidbedrijf-zoeken?page=139
IDB Bouw,LIJNDEN,Frankfurtstraat 28  1175 RH LIJNDEN,Frankfurtstraat 28  1175 RH LIJNDEN,,,https://www.bouwendnederland.nl/vereniging/lidbedrijf-zoeken?page=139
IDB Bouwgroep B.V.,LIJNDEN,Frankfurtstraat 28  1175 RH LIJNDEN,Frankfurtstraat 28  1175 RH LIJNDEN,,,https://www.bouwendnederland.nl/vereniging/lidbedrijf-zoeken?page=139
IES Bouw & Advies B.V.,OOSTVOORNE,Langeweg 21  3233 LM OOSTVOORNE,Langweg 21  3233 LM OOSTVOORNE,0181-727222,//www.iesbouwenadvies.nl,https://www.bouwendnederland.nl/vereniging/lidbedrijf-zoeken?page=139
IJbouw B.V.,AMSTERDAM,Postbus 37131  1030 AC AMSTERDAM,Hardwareweg 10  1033 MX AMSTERDAM,020-4868065,//https://www.ijbouw.nl,https://www.bouwendnederland.nl/vereniging/lidbedrijf-zoeken?page=139
IJsselglas B.V.,KAMPEN,Handelsstraat 4  8263 BE KAMPEN,Handelsstraat 4  8263 BE KAMPEN,038-3332005,//www.ijsselglas.nl,https://www.bouwendnederland.nl/vereniging/lidbedrijf-zoeken?page=139
IMMO Beheer BV,AMSTERDAM,Keizersgracht 391 A 1016 EJ AMSTERDAM,Keizersgracht 391 A 1016 EJ AMSTERDAM,020-8200802,//www.im-mo.nl,https://www.bouwendnederland.nl/vereniging/lidbedrijf-zoeken?page=139
IMMO Onderhoud B.V.,DIEMEN,Stammerhove 3  1112 VA DIEMEN,Stammerhove 3  1112 VA DIEMEN,020-8200802,//www.im-mo.nl,https://www.bouwendnederland.nl/vereniging/lidbedrijf-zoeken?page=139
IMT Staphorst B.V.,STAPHORST,Rijksweg 2 a 7951 DH STAPHORST,Rijksweg 2 a 7951 DH STAPHORST,0522-247328,//www.imtstaphorst.nl,https://www.bouwendnederland.nl/vereniging/lidbedrijf-zoeken?page=139
Industriebouw Zuid B.V.,DUIZEL,Ganzestaartsedijk 15  5525 KC DUIZEL,Ganzestaartsedijk 15  5525 KC DUIZEL,0497-512806,,https://www.bouwendnederland.nl/vereniging/lidbedrijf-zoeken?page=139
Infra Dam Amsterdam B.V.,MEDEMBLIK,Postbus 14538  1001 LA AMSTERDAM,Almereweg 30  1671 ND MEDEMBLIK,020-3458441,//www.infradam.nl,https://www.bouwendnederland.nl/vereniging/lidbedrijf-zoeken?page=139
"Infra Employment B.V., Grond-, Weg- en waterbouw",HEERENVEEN,Innovatielaan 25  8447 SN HEERENVEEN,Innovatielaan 25  8447 SN HEERENVEEN,0513-617070,,https://www.bouwendnederland.nl/vereniging/lidbedrijf-zoeken?page=139
Infra-Service B.V.,KRIMPEN AAN DEN IJSSEL,Van Utrechtweg 51  2921 LN KRIMPEN AAN DEN IJSSEL,Van Utrechtweg 51  2921 LN KRIMPEN AAN DEN IJSSEL,0180-330816,//www.infra-techniek.nl,https://www.bouwendnederland.nl/vereniging/lidbedrijf-zoeken?page=139
Infra-Techniek b.v.,BERGAMBACHT,Handelsweg 4  2861 GN BERGAMBACHT,Handelsweg 4  2861 GN BERGAMBACHT,0180-330811,//www.infra-techniek.nl,https://www.bouwendnederland.nl/vereniging/lidbedrijf-zoeken?page=139
Inframensen Zuid B.V.,OSS,Gasstraat-oost 12  5349 AV OSS,Gasstraat-oost 12  5349 AV OSS,0412-641974,//www.inframensen.nl/vestigingen/zuid/,https://www.bouwendnederland.nl/vereniging/lidbedrijf-zoeken?page=139
Injection Nederland B.V.,LEXMOND,Nieuwe Rijksweg 70 W 4128 BN LEXMOND,Nieuwe Rijksweg 70 W 4128 BN LEXMOND,0347-375774,//www.injection.nl,https://www.bouwendnederland.nl/vereniging/lidbedrijf-zoeken?page=139
InnofireSafety B.V.,ENSCHEDE,Josink Kolkweg 19  7545 PR ENSCHEDE,Josink Kolkweg 19  7545 PR ENSCHEDE,088-4404504,//www.innofire.nl,https://www.bouwendnederland.nl/vereniging/lidbedrijf-zoeken?page=139
Innovus Realisation B.V.,LEEK,Postbus 136  9350 AC LEEK,Zernikelaan 8  9351 VA LEEK,0594-552474,//www.dijkstra-groep.nl,https://www.bouwendnederland.nl/vereniging/lidbedrijf-zoeken?page=139
INOV-8 - Bouw B.V.,ZEVENHUIZEN ZH,Julianaweg 2  2761 BT ZEVENHUIZEN ZH,Julianaweg 2  2761 BT ZEVENHUIZEN ZH,,,https://www.bouwendnederland.nl/vereniging/lidbedrijf-zoeken?page=139
Installatie & Loodgietersbedrijf Sand,SPIJKENISSE,Abrikozengaard 4  3206 AK SPIJKENISSE,Abrikozengaard 4  3206 AK SPIJKENISSE,,,https://www.bouwendnederland.nl/vereniging/lidbedrijf-zoeken?page=140
Interboor Midsland B.V.,UTRECHT,Postbus 40392  3504 AD UTRECHT,Zonnebaan 20 C 3542 EE UTRECHT,030-2411919,//www.interboor-midsland.nl,https://www.bouwendnederland.nl/vereniging/lidbedrijf-zoeken?page=140
Interflow,WIERINGERWERF,De Stek 15  1771 SP WIERINGERWERF,De Stek 15  1771 SP WIERINGERWERF,0227-602844,//www.interflow.nl,https://www.bouwendnederland.nl/vereniging/lidbedrijf-zoeken?page=140
Interieurbouw Goetheer & Huissoon B.V.,KAPELLE,Biezelingseweg 2 a 4421 KN KAPELLE,Biezelingseweg 2 a 4421 KN KAPELLE,,,https://www.bouwendnederland.nl/vereniging/lidbedrijf-zoeken?page=140
Interior Service Group Netherlands B.V.,Amsterdam,Drechterwaard 100 -104 1824 DX ALKMAAR,Jacob van Lennepkade  155 H 1054 ZL Amsterdam,7970-383083,//www.isgplc.com,https://www.bouwendnederland.nl/vereniging/lidbedrijf-zoeken?page=140
International Building B.V.,Weert,De Noord 39  6001 DA Weert,De Noord 39  6001 DA Weert,,,https://www.bouwendnederland.nl/vereniging/lidbedrijf-zoeken?page=140
Interstijl BV,ENSCHEDE,Colosseum 70  7521 PT ENSCHEDE,Ouverturestraat 70  7534 CP ENSCHEDE,053-2312487,//www.interstijl.nl,https://www.bouwendnederland.nl/vereniging/lidbedrijf-zoeken?page=140
InvanoBouw B.V.,WIJDENES,Hemweg 5 B 1608 HL WIJDENES,Hemweg 5 B 1608 HL WIJDENES,0299-588756,//www.invanobouw.nl,https://www.bouwendnederland.nl/vereniging/lidbedrijf-zoeken?page=140
Invepro BV,HOUTEN,Meidoornkade 2  3992 AE HOUTEN,Meidoornkade 2  3992 AE HOUTEN,030-7470700,//www.invepro.nl,https://www.bouwendnederland.nl/vereniging/lidbedrijf-zoeken?page=140
Invepro Holding BV,HOUTEN,Meidoornkade 2  3992 AE HOUTEN,Meidoornkade 2  3992 AE HOUTEN,030-7470700,//www.invepro.nl,https://www.bouwendnederland.nl/vereniging/lidbedrijf-zoeken?page=140
Iris Companies B.V.,WEERT,Boshoverbeek 54  6006 LP WEERT,Boshoverbeek 54  6006 LP WEERT,0495-624972,//broensbouwbedrijf.nl,https://www.bouwendnederland.nl/vereniging/lidbedrijf-zoeken?page=140
ISOEnergy B.V.,'S-HEER ARENDSKERKE,Ambachtsweg 5  4458 DA 'S-HEER ARENDSKERKE,Ambachtsweg 5  4458 DA 'S-HEER ARENDSKERKE,0113-724999,//www.isoenergy.nl,https://www.bouwendnederland.nl/vereniging/lidbedrijf-zoeken?page=140
Isomix BV,Heeswijk Dinther,Retselseweg 10  5473 HC HEESWIJK-DINTHER,Retselseweg 10  5473 HC Heeswijk Dinther,0413-294755,//www.Isomix.com,https://www.bouwendnederland.nl/vereniging/lidbedrijf-zoeken?page=140
Isovero Isolatiewerken,DEURNE,Daalder 15  5753 SZ DEURNE,Daalder 15  5753 SZ DEURNE,049-3351178,//www.isovero.nl,https://www.bouwendnederland.nl/vereniging/lidbedrijf-zoeken?page=140
ITG Bouw B.V.,IJMUIDEN,Kanaalstraat 10  1975 BE IJMUIDEN,Kanaalstraat 10  1975 BE IJMUIDEN,0255-527744,//www.itgijmuiden.nl,https://www.bouwendnederland.nl/vereniging/lidbedrijf-zoeken?page=140
IVIGO Boortechnieken,OSSENDRECHT,Wassevendreef 3  4641 DA OSSENDRECHT,Wassevendreef 3  4641 DA OSSENDRECHT,,,https://www.bouwendnederland.nl/vereniging/lidbedrijf-zoeken?page=140
J&J Materieel beheer B.V.,BATHMEN,Spoorstraat 10  7437 TS BATHMEN,Spoorstraat 10  7437 TS BATHMEN,,,https://www.bouwendnederland.nl/vereniging/lidbedrijf-zoeken?page=140
J. Bolt B.V.,ZUIDBROEK,Postbus 18  9750 AA HAREN GN,Beneluxweg 64  9636 HV ZUIDBROEK,050-5344885,//www.jbolt.nl,https://www.bouwendnederland.nl/vereniging/lidbedrijf-zoeken?page=140
J. Buijs Bouw,VOLENDAM,Boonacker 3  1132 EK VOLENDAM,Boonacker 3  1132 EK VOLENDAM,,,https://www.bouwendnederland.nl/vereniging/lidbedrijf-zoeken?page=140
J. de Jager Sliedrecht bv,HARDINXVELD-GIESSENDAM,Moerbei 16  3371 NZ HARDINXVELD-GIESSENDAM,Moerbei 16  3371 NZ HARDINXVELD-GIESSENDAM,0184-412280,//www.dejagersliedrecht.nl,https://www.bouwendnederland.nl/vereniging/lidbedrijf-zoeken?page=140
J. Petersen Aanemer,NIJKERK GLD,Hassemanpad 2 a 3862 WT NIJKERK GLD,Smitspol  20 r 3861 RS NIJKERK GLD,033-8442222,//www.jpetersen-aannemer.nl,https://www.bouwendnederland.nl/vereniging/lidbedrijf-zoeken?page=141
J. Straver Aannemingsbedrijf B.V.,AMMERZODEN,Hoge Weiden 10  5324 JC AMMERZODEN,Hoge Weiden 10  5324 JC AMMERZODEN,073-5991388,//wwww.jstraverbv.nl,https://www.bouwendnederland.nl/vereniging/lidbedrijf-zoeken?page=141
J. van der heiden Kozijnen B.V.,RIDDERKERK,Schaapherderweg 1 b 2988 CK RIDDERKERK,Schaapherderweg 1 b 2988 CK RIDDERKERK,018-0895071,//www.jvdhkozijnen.nl,https://www.bouwendnederland.nl/vereniging/lidbedrijf-zoeken?page=141
J. van Duijn Onderhoud & Verbouw,VOORHOUT,Jacoba van Beierenweg 138  2215 KX VOORHOUT,Jacoba van Beierenweg 138  2215 KX VOORHOUT,,,https://www.bouwendnederland.nl/vereniging/lidbedrijf-zoeken?page=141
J. van Esseveld en Zn. v.o.f.,ELST UT,Rijksstraatweg 233  3921 AG ELST UT,Rijksstraatweg 233  3921 AG ELST UT,0318-472114,//www.esseveld.nl,https://www.bouwendnederland.nl/vereniging/lidbedrijf-zoeken?page=141
J. van Ingen B.V.,AALSMEER,Aalsmeerderweg 333  1432 EA AALSMEER,Aalsmeerderweg 333  1432 EA AALSMEER,0297-344322,//www.vaningen.nl,https://www.bouwendnederland.nl/vereniging/lidbedrijf-zoeken?page=141
J. van Uijthoven en Zn. BV,EERSEL,Meerheide 242  5521 DW EERSEL,Meerheide 242  5521 DW EERSEL,0497-360515,//www.jvu-bestratingen.nl,https://www.bouwendnederland.nl/vereniging/lidbedrijf-zoeken?page=141
J. van Vliet B.V.,AMSTERDAM,Postbus 37188  1030 AD AMSTERDAM,Toetsenbordweg 3  1033 MZ AMSTERDAM,020-4936370,//www.boskalisbv.nl,https://www.bouwendnederland.nl/vereniging/lidbedrijf-zoeken?page=141
J. Vink Holding BV,CULEMBORG,Textielweg 4  4104 AM CULEMBORG,Textielweg 4  4104 AM CULEMBORG,0345-476611,//www.gevelwerken-culemborg.nl,https://www.bouwendnederland.nl/vereniging/lidbedrijf-zoeken?page=141
J.A. Lops & Zn. B.V.,ROTTERDAM,Versijdenstraat 35 b 3033 TJ ROTTERDAM,Versijdenstraat 35 b 3033 TJ ROTTERDAM,010-4657270,//www.lops.nl,https://www.bouwendnederland.nl/vereniging/lidbedrijf-zoeken?page=141
J.C. Bouw en Aanneming B.V.,ST. WILLEBRORD,Dahliastraat 27  4711 ES ST. WILLEBRORD,Dahliastraat 27  4711 ES ST. WILLEBRORD,,,https://www.bouwendnederland.nl/vereniging/lidbedrijf-zoeken?page=141
J.C. Knoop Bouw B.V.,ARKEL,Vlietkade 5014  4241 WN ARKEL,Vlietkade 5014  4241 WN ARKEL,0183-561058,//www.jcknoop.com,https://www.bouwendnederland.nl/vereniging/lidbedrijf-zoeken?page=141
J.C. Knoop Holding B.V.,ARKEL,Vlietskade 5014  4241 WN ARKEL,Vlietskade 5014  4241 WN ARKEL,0183-561058,//www.jcknoop.com,https://www.bouwendnederland.nl/vereniging/lidbedrijf-zoeken?page=141
J.C. van Kessel Bouw B.V.,GELDERMALSEN,Tielerweg 19  4191 NE GELDERMALSEN,Tielerweg 19  4191 NE GELDERMALSEN,0345-571563,//www.jcvankessel.nl,https://www.bouwendnederland.nl/vereniging/lidbedrijf-zoeken?page=141
J.d.L. Service en Onderhoud,ELSHOUT,Monseigneur Muskensstraat 3  5154 BJ ELSHOUT,Monseigneur Muskensstraat 3  5154 BJ ELSHOUT,0416-382421,//www.jdlbouwbedrijf.nl,https://www.bouwendnederland.nl/vereniging/lidbedrijf-zoeken?page=141
J.F. Peeters en Zn.,KWADENDAMME,A de Koningstraat 13  4434 AG KWADENDAMME,A de Koningstraat 13  4434 AG KWADENDAMME,0113-649293,//www.jfpeeters.nl,https://www.bouwendnederland.nl/vereniging/lidbedrijf-zoeken?page=141
J.G.M. Hendrix en Zoon,BROEKHUIZENVORST,Beerendonckerweg 1 b 5871 CM BROEKHUIZENVORST,Beerendonckerweg 1 b 5871 CM BROEKHUIZENVORST,077-4638312,//www.bouwbedrijfhendrix.nl,https://www.bouwendnederland.nl/vereniging/lidbedrijf-zoeken?page=141
J.H. van Gassel en Zn.,SEVENUM,De Hees 13  5975 NL SEVENUM,De Hees 13  5975 NL SEVENUM,077-4671716,//www.vangasselenzn.nl,https://www.bouwendnederland.nl/vereniging/lidbedrijf-zoeken?page=141
J.Heimens B.V.,ZAANDAM,Schellingweg 17 G 1507 DR ZAANDAM,Schellingweg 17 G 1507 DR ZAANDAM,,,https://www.bouwendnederland.nl/vereniging/lidbedrijf-zoeken?page=141
J.J. Jansen Vastgoed Ontwikkeling B.V.,TIEL,Hoveniersweg 15  4001 HR TIEL,Hoveniersweg 15  4001 HR TIEL,,,https://www.bouwendnederland.nl/vereniging/lidbedrijf-zoeken?page=141
J.J. Oosterhout Holding B.V.,WIJCHEN,Bijsterhuizen 51 15 6604 LX WIJCHEN,Bijsterhuizen 51 15 6604 LX WIJCHEN,024-6413268,,https://www.bouwendnederland.nl/vereniging/lidbedrijf-zoeken?page=142
J.M. van Eldijk Bouw B.V.,LELYSTAD,Ereprijs 6  8245 HP LELYSTAD,Ereprijs 6  8245 HP LELYSTAD,,,https://www.bouwendnederland.nl/vereniging/lidbedrijf-zoeken?page=142
J.P. Koolmoes Infra B.V.,LEIDEN,Nieuwenhuizenweg 5  2314 XP LEIDEN,Nieuwenhuizenweg 5  2314 XP LEIDEN,071-5725981,//www.koolmoes.nl,https://www.bouwendnederland.nl/vereniging/lidbedrijf-zoeken?page=142
J.P. van Eesteren B.V.,GOUDA,Hanzeweg 16  2803 MC GOUDA,Hanzeweg 16  2803 MC GOUDA,088-8230100,//www.jpvaneesteren.nl,https://www.bouwendnederland.nl/vereniging/lidbedrijf-zoeken?page=142
J.P.G. Groeneweg Bouw B.V.,ZWIJNDRECHT,Fruiteniersstraat 43  3334 KA ZWIJNDRECHT,Fruiteniersstraat 43  3334 KA ZWIJNDRECHT,078-6100388,//www.jpgbouw.nl,https://www.bouwendnederland.nl/vereniging/lidbedrijf-zoeken?page=142
J.W. Duindam Bouw & Advies,MAASDIJK,Nollaantje 45  2676 BV MAASDIJK,Nollaantje 45  2676 BV MAASDIJK,0174-521010,,https://www.bouwendnederland.nl/vereniging/lidbedrijf-zoeken?page=142
Jaap Overdevest Aanneming en Realisering B.V.,HAARLEM,Beijnesweg 14 G 2031 BB HAARLEM,Beijnesweg 14 G 2031 BB HAARLEM,023-5325383,//www.jaapoverdevest.nl,https://www.bouwendnederland.nl/vereniging/lidbedrijf-zoeken?page=142
Jabro Bouw B.V.,UDEN,Duifhuizerweg 3 a 5406 TB UDEN,Duifhuizerweg 3 a 5406 TB UDEN,0413-310315,//www.jabrobouw.nl,https://www.bouwendnederland.nl/vereniging/lidbedrijf-zoeken?page=142
Jac Ruijters Allround Painting B.V.,ECHT,Postbus 83  6100 AB ECHT,Pastoor Cramerstraat 2  6102 AC ECHT,047-5483400,//www.ruyters.nl,https://www.bouwendnederland.nl/vereniging/lidbedrijf-zoeken?page=142
Jac Ruijters Limburg B.V.,ECHT,Postbus 83  6100 AB ECHT,Pastoor Cramerstraat 2  6102 AC ECHT,047-5483400,//www.ruyters.nl,https://www.bouwendnederland.nl/vereniging/lidbedrijf-zoeken?page=142
Jac Ruijters Schildersbedrijf B.V.,ECHT,Postbus 83  6100 AB ECHT,Pastoor Cramerstraat 2  6102 AC ECHT,047-5483400,,https://www.bouwendnederland.nl/vereniging/lidbedrijf-zoeken?page=142
Jac Salvino Glas,SITTARD,Industriestraat 6  6135 KH SITTARD,Industriestraat 6  6135 KH SITTARD,046-4515553,//www.jacsalvino.nl,https://www.bouwendnederland.nl/vereniging/lidbedrijf-zoeken?page=142
Jac. Barendregt Infra B.V.,RHOON,Binnenbaan 37  3161 VB RHOON,Binnenbaan 37  3161 VB RHOON,010-5015388,//www.jacbarendregt.nl,https://www.bouwendnederland.nl/vereniging/lidbedrijf-zoeken?page=142
"Jac. Knol Beton,- Waterbouw & Heiwerken B.V.",AKKRUM,It Patroan 5  8491 PK AKKRUM,It Patroan 5  8491 PK AKKRUM,0566-654321,//www.knol-akkrum.nl,https://www.bouwendnederland.nl/vereniging/lidbedrijf-zoeken?page=142
Jac. Ruijters Beheer B.V.,ECHT,Postbus 83  6100 AB ECHT,Pastoor Cramerstraat 2  6102 AC ECHT,0475-483400,//www.ruyters.nl,https://www.bouwendnederland.nl/vereniging/lidbedrijf-zoeken?page=142
Jacobs Aannemersbedrijf B.V.,HEESWIJK DINTHER,De Dageraad 11  5473 HD HEESWIJK-DINTHER,De Dageraad 11  5473 HD HEESWIJK DINTHER,0413-291841,//www.jacobsaannemersbedrijf.nl,https://www.bouwendnederland.nl/vereniging/lidbedrijf-zoeken?page=142
JAJO,'S-HERTOGENBOSCH,Postbus 1819  5200 BB 'S-HERTOGENBOSCH,Julianaplein 10 a 5211 BC 'S-HERTOGENBOSCH,088-4947000,//www.jajo.com,https://www.bouwendnederland.nl/vereniging/lidbedrijf-zoeken?page=142
Jan Haase Holding B.V.,RIJSSEN,Nijverdalseweg 149  7461 AG RIJSSEN,Nijverdalseweg 149  7461 AG RIJSSEN,0548-537373,//www.roelofs-en-haase.nl,https://www.bouwendnederland.nl/vereniging/lidbedrijf-zoeken?page=142
Jan Oosterhout Ontwikkeling B.V.,WIJCHEN,Bijsterhuizen 51 15 6604 LX WIJCHEN,Bijsterhuizen 51 15 6604 LX WIJCHEN,024-6413268,,https://www.bouwendnederland.nl/vereniging/lidbedrijf-zoeken?page=142
Jansen Bouw Didam B.V.,ZEVENAAR,Kleine Matenweg 2  6903 PD ZEVENAAR,Kleine Matenweg 2  6903 PD ZEVENAAR,0316-220092,//www.jansenbouwdidam.nl,https://www.bouwendnederland.nl/vereniging/lidbedrijf-zoeken?page=142
Jansen Glas Hoogvliet B.V.,HOOGVLIET ROTTERDAM,Postbus 79  3190 AB HOOGVLIET ROTTERDAM,Nieuwe Langeweg 35  3194 DC HOOGVLIET ROTTERDAM,010-4164864,//www.jansenglas.nl,https://www.bouwendnederland.nl/vereniging/lidbedrijf-zoeken?page=143
Jansen Huybregts O.R.N. B.V. vestiging 's-Hertogenbosch,'S-HERTOGENBOSCH,De Waterman 4  5215 MX 'S-HERTOGENBOSCH,De Waterman 4  5215 MX 'S-HERTOGENBOSCH,073-6447572,,https://www.bouwendnederland.nl/vereniging/lidbedrijf-zoeken?page=143
Jansen Huybregts O.R.N. B.V. vestiging Breda,BREDA,Iabc 5258  4814 RD BREDA,Iabc 5258  4814 RD BREDA,076-5223703,,https://www.bouwendnederland.nl/vereniging/lidbedrijf-zoeken?page=143
Jansen Huybregts O.R.N. B.V. vestiging Lijnden,LIJNDEN,Milaanstraat 10  1175 RJ LIJNDEN,Milaanstraat 10  1175 RJ LIJNDEN,020-6551790,,https://www.bouwendnederland.nl/vereniging/lidbedrijf-zoeken?page=143
Jansen Huybregts O.R.N. B.V. vestiging Maastricht,MAASTRICHT,Fregatweg 80  6222 NZ MAASTRICHT,Fregatweg 80  6222 NZ MAASTRICHT,043-3620230,,https://www.bouwendnederland.nl/vereniging/lidbedrijf-zoeken?page=143
Jansen Huybregts O.R.N. B.V. vestiging Nieuwegein,NIEUWEGEIN,Vrijewade 10  PB  NIEUWEGEIN 3439 PB NIEUWEGEIN,Vrijewade 10  PB  NIEUWEGEIN 3439 PB NIEUWEGEIN,030-2801289,//www.jansen-huybregts.nl,https://www.bouwendnederland.nl/vereniging/lidbedrijf-zoeken?page=143
Jansen Huybregts O.R.N. B.V. vestiging Zwolle,ZWOLLE,Telfordstraat 22  8013 RM ZWOLLE,Telfordstraat 22  8013 RM ZWOLLE,038-4660990,,https://www.bouwendnederland.nl/vereniging/lidbedrijf-zoeken?page=143
Jansen Huybregts Onderhoud Renovatie B.V.,EINDHOVEN,Bogert 31 -15 5612 LX EINDHOVEN,Bogert 31 -15 5612 LX EINDHOVEN,088-0221405,//www.jansen-huybregts.nl,https://www.bouwendnederland.nl/vereniging/lidbedrijf-zoeken?page=143
Jansen Huybregts Projecten B.V.,EINDHOVEN,Bogert 31  5612 LX EINDHOVEN,De Witbogt 6  5652 AG EINDHOVEN,088-0221414,//www.jansen-huybregts.nl,https://www.bouwendnederland.nl/vereniging/lidbedrijf-zoeken?page=143
Jansen Infra B.V.,SON EN BREUGEL,Postbus 60  5690 AB SON EN BREUGEL,Kanaaldijk-Zuid 24  5691 NL SON EN BREUGEL,088-8778778,//www.ajansenbv.com,https://www.bouwendnederland.nl/vereniging/lidbedrijf-zoeken?page=143
Jansen Terborg Bouw B.V.,GAANDEREN,Postbus 117  7060 AC TERBORG,Rijksweg 312  7011 EH GAANDEREN,0315-323107,//www.jansenterborg.nl,https://www.bouwendnederland.nl/vereniging/lidbedrijf-zoeken?page=143
Jansma en Van Dijk B.V.,BUITENPOST,West 26  9285 WC BUITENPOST,West 26  9285 WC BUITENPOST,0511-541035,//www.jansma-vandijk.nl,https://www.bouwendnederland.nl/vereniging/lidbedrijf-zoeken?page=143
Jansman Bouw B.V.,LUTTENBERG,Luttenbergerweg 20  8105 RV LUTTENBERG,Luttenbergerweg 20  8105 RV LUTTENBERG,0572-301303,//www.jansman.nl,https://www.bouwendnederland.nl/vereniging/lidbedrijf-zoeken?page=143
Janssen Aannemers B.V.,MOERGESTEL,Postbus 34  5066 ZG MOERGESTEL,De Sonman 23  5066 GJ MOERGESTEL,013-5133604,//www.janssenaannemers.nl,https://www.bouwendnederland.nl/vereniging/lidbedrijf-zoeken?page=143
Janssen Aanneming v.o.f.,EYGELSHOVEN,Nievelsteenstraat 20  6471 CB EYGELSHOVEN,Nievelsteenstraat 20  6471 CB EYGELSHOVEN,045-5413908,//www.janssenaanneming.nl,https://www.bouwendnederland.nl/vereniging/lidbedrijf-zoeken?page=143
Janssen Beatrixhaven Maastricht B.V.,MAASTRICHT,Ankerkade 14  6222 NM MAASTRICHT,Ankerkade 14  6222 NM MAASTRICHT,043-3631180,//www.janssen-group.com,https://www.bouwendnederland.nl/vereniging/lidbedrijf-zoeken?page=143
Janssen Bouw B.V.,HILLEGOM,Veenenburgerlaan 49  2182 DB HILLEGOM,Veenenburgerlaan 49  2182 DB HILLEGOM,0252-516357,//www.janssenbouw-hillegom.nl,https://www.bouwendnederland.nl/vereniging/lidbedrijf-zoeken?page=143
Janssen Bouwen | Ontwikkelen,PANNINGEN,John F Kennedylaan 203  5981 WZ PANNINGEN,John F Kennedylaan 203  5981 WZ PANNINGEN,077-3071229,//www.janssenbo.nl,https://www.bouwendnederland.nl/vereniging/lidbedrijf-zoeken?page=143
Janssen Bouwgroep B.V.,VENLO,Venrayseweg 42  5928 NZ VENLO,Bertha Soreestraat 35  5913 RN VENLO,077-3232110,,https://www.bouwendnederland.nl/vereniging/lidbedrijf-zoeken?page=143
Janssen de Jong Bouw Noord B.V.,HARDENBERG,Kollergang 1  7773 NG HARDENBERG,Kollergang 1  7773 NG HARDENBERG,,,https://www.bouwendnederland.nl/vereniging/lidbedrijf-zoeken?page=143
Janssen de Jong Bouw Oost B.V.,HENGELO OV,Alfred Marshallstraat 1  7559 SE HENGELO OV,Alfred Marshallstraat 1  7559 SE HENGELO OV,074-2561414,//www.janssendejongbouw.nl,https://www.bouwendnederland.nl/vereniging/lidbedrijf-zoeken?page=144
Janssen de Jong Bouw Zuid B.V.,SON EN BREUGEL,Postbus 30  5690 AA SON EN BREUGEL,Science Park Eindhoven 5049  5692 EB SON EN BREUGEL,088-3559355,//www.janssendejongbouw.nl,https://www.bouwendnederland.nl/vereniging/lidbedrijf-zoeken?page=144
Janssen de Jong OnderhoudPlus B.V.,VENLO,Postbus 253  5900 AG VENLO,Jan van Riebeeckweg 17  5928 LG VENLO,088-3559329,//https://www.onderhoudplus.nl,https://www.bouwendnederland.nl/vereniging/lidbedrijf-zoeken?page=144
Janssen de Jong Projectontwikkeling B.V.,SON EN BREUGEL,Postbus 30  5690 AA SON EN BREUGEL,Science Park Eindhoven 5049  5692 EB SON EN BREUGEL,088-3559400,//www.janssendejongprojectontwikkeling.nl,https://www.bouwendnederland.nl/vereniging/lidbedrijf-zoeken?page=144
Janssen Grondverzet B.V.,MAASTRICHT,Sleperweg 16  6222 NK MAASTRICHT,Sleperweg 16  6222 NK MAASTRICHT,043-3631180,//www.janssen-group.com,https://www.bouwendnederland.nl/vereniging/lidbedrijf-zoeken?page=144
Janssen Grondverzet en Transport B.V.,MAASTRICHT,Sleperweg 14  6222 NK MAASTRICHT,Ankerkade 14  6222 NM MAASTRICHT,043-3631180,//www.janssen-group.com,https://www.bouwendnederland.nl/vereniging/lidbedrijf-zoeken?page=144
Janssen Maastricht Holding B.V.,MAASTRICHT,Ankerkade 14  6222 NM MAASTRICHT,Ankerkade 14  6222 NM MAASTRICHT,043-3631180,//www.janssen-group.com,https://www.bouwendnederland.nl/vereniging/lidbedrijf-zoeken?page=144
Jargo Glas Groep B.V.,RIDDERKERK,Wagenmakerstraat 10  2984 BD RIDDERKERK,Wagenmakerstraat 10  2984 BD RIDDERKERK,0181-615113,//www.jargoglas.nl,https://www.bouwendnederland.nl/vereniging/lidbedrijf-zoeken?page=144
Jarvo V.O.F.,HEEMSKERK,Eenigenburg 43  1965 BM HEEMSKERK,Eenigenburg 43  1965 BM HEEMSKERK,0251-230359,//www.jarvo.nl,https://www.bouwendnederland.nl/vereniging/lidbedrijf-zoeken?page=144
Javo Timmerwerk,MOERKAPELLE,Nassaustraat 10  2751 BC MOERKAPELLE,Nassaustraat 10  2751 BC MOERKAPELLE,0620-160359,//https://www.javotimmerwerk.nl/,https://www.bouwendnederland.nl/vereniging/lidbedrijf-zoeken?page=144
Jawel Bouw B.V.,WOUWSE PLANTAGE,Plantagebaan 120  4725 RB WOUWSE PLANTAGE,Plantagebaan 120  4725 RB WOUWSE PLANTAGE,0165-854420,//www.jawelbouw.nl,https://www.bouwendnederland.nl/vereniging/lidbedrijf-zoeken?page=144
JB Groep B.V.,LELYSTAD,Postbus 65  8560 AB BALK,De Serpeling 9  8219 PZ LELYSTAD,0514-603900,//www.betsemabouwgroep.nl,https://www.bouwendnederland.nl/vereniging/lidbedrijf-zoeken?page=144
JCC Bouw B.V.,DEN ILP,Den Ilp 68  1127 PG DEN ILP,Den Ilp 68  1127 PG DEN ILP,075-6148712,//www.jccbouw.nl,https://www.bouwendnederland.nl/vereniging/lidbedrijf-zoeken?page=144
JD Infra Aannemingsbedrijf B.V.,KOUDEKERKE,Karreveld 52  4371 GA KOUDEKERKE,Karreveld 52  4371 GA KOUDEKERKE,0118-563535,//www.jdinfra.nl,https://www.bouwendnederland.nl/vereniging/lidbedrijf-zoeken?page=144
JeBe Bouw,MIDDENBEEMSTER,Morgenweg  18  1462 RJ MIDDENBEEMSTER,Morgenweg 18  1462 RJ MIDDENBEEMSTER,0299-422344,//www.bouwbedrijfpurmerend.nl,https://www.bouwendnederland.nl/vereniging/lidbedrijf-zoeken?page=144
JH Timmerwerken,LOOSBROEK,Hanenbergsestraat 4  5472 LA LOOSBROEK,Hanenbergsestraat 4  5472 LA LOOSBROEK,,,https://www.bouwendnederland.nl/vereniging/lidbedrijf-zoeken?page=144
JHTB B.V.,TERSCHUUR,Hoevelakenseweg 224  3784 WL TERSCHUUR,Hoevelakenseweg 224  3784 WL TERSCHUUR,0342-745222,//www.trahus.nl,https://www.bouwendnederland.nl/vereniging/lidbedrijf-zoeken?page=144
JHVE B.V.,ALMERE,Jacques Perkstraat 29  1321 VA ALMERE,Jacques Perkstraat 29  1321 VA ALMERE,,,https://www.bouwendnederland.nl/vereniging/lidbedrijf-zoeken?page=144
Jimapi CF B.V.,LEIDERDORP,Brugwacht 108  2353 DP LEIDERDORP,Brugwacht 108  2353 DP LEIDERDORP,071-5238644,,https://www.bouwendnederland.nl/vereniging/lidbedrijf-zoeken?page=144
JK Bouwmanagement,ALKMAAR,Kennemerstraatweg 217  1814 GJ ALKMAAR,Kennemerstraatweg 217  1814 GJ ALKMAAR,072-5152871,//www.jkbouwmanagement.nl,https://www.bouwendnederland.nl/vereniging/lidbedrijf-zoeken?page=144
JM Totaalafdichtingen B.V.,RIJSENHOUT,Bennebroekerweg 93 b 1435 CH RIJSENHOUT,Bennebroekerweg 93 b 1435 CH RIJSENHOUT,0226-724120,//www.jmtotaalafdichtingen.nl,https://www.bouwendnederland.nl/vereniging/lidbedrijf-zoeken?page=145
Jobo De Bouwers,LEIDEN,Admiraalsweg 4  2315 SC LEIDEN,Admiraalsweg 4  2315 SC LEIDEN,071-5227225,//www.jobodebouwers.nl,https://www.bouwendnederland.nl/vereniging/lidbedrijf-zoeken?page=145
Joh. Mourik & Co Holding B.V.,GROOT AMMERS,Postbus 2  2964 ZG GROOT AMMERS,Voorstraat 67  2964 AJ GROOT AMMERS,0184-667200,//www.mourik.com,https://www.bouwendnederland.nl/vereniging/lidbedrijf-zoeken?page=145
Joh. van Herk Aann.mij. B.V.,WADDINXVEEN,Postbus 402  2740 AK WADDINXVEEN,Plasweg 26 A 2742 KC WADDINXVEEN,0182-613334,//www.johvanherk.nl/,https://www.bouwendnederland.nl/vereniging/lidbedrijf-zoeken?page=145
John van Geldorp,HAARLEM,Veerpolder 36  2031 AR HAARLEM,Veerpolder 36  2031 AR HAARLEM,023-5341101,//www.johnvangeldorp.nl,https://www.bouwendnederland.nl/vereniging/lidbedrijf-zoeken?page=145
Jongekrijg+Maasbouw,PUTTERSHOEK,Weverseinde 205  3297 LJ PUTTERSHOEK,Weverseinde 205  3297 LJ PUTTERSHOEK,078-6761782,//www.jongekrijgmaasbouw.nl,https://www.bouwendnederland.nl/vereniging/lidbedrijf-zoeken?page=145
Jongen Bouwpartners,LANDGRAAF,Hompertsweg 34  6371 CX LANDGRAAF,Hompertsweg 34  6371 CX LANDGRAAF,088-1861200,//www.jongen.com,https://www.bouwendnederland.nl/vereniging/lidbedrijf-zoeken?page=145
Jongen Projectontwikkeling B.V.,LANDGRAAF,Hompertsweg 34  6371 CX LANDGRAAF,Hompertsweg 34  6371 CX LANDGRAAF,043-3873900,//www.bouwontwikkelingjongen.nl,https://www.bouwendnederland.nl/vereniging/lidbedrijf-zoeken?page=145
Joosen Bouwbedrijf BV,MADE,Nieuwstraat 24  4921 CX MADE,Nieuwstraat 24  4921 CX MADE,0162-682535,//https://bouwbedrijf-joosen.nl,https://www.bouwendnederland.nl/vereniging/lidbedrijf-zoeken?page=145
Joost Visser Infra B.V.,HEERENVEEN,Innovatielaan 25  8447 SN HEERENVEEN,Innovatielaan 25  8447 SN HEERENVEEN,0513-617070,//www.joostvisser.nl,https://www.bouwendnederland.nl/vereniging/lidbedrijf-zoeken?page=145
Jorcom Planontwikkeling bv,BOLSWARD,Postbus 22  8700 AA BOLSWARD,Harlingerstraat 72  8701 WS BOLSWARD,0515-578200,//www.jorritsma-groep.nl,https://www.bouwendnederland.nl/vereniging/lidbedrijf-zoeken?page=145
Jorritsma Beheer bv,BOLSWARD,Harlingerstraat 72  8701 WS BOLSWARD,Harlingerstraat 72  8701 WS BOLSWARD,0515-578200,//www.jorritsma-groep.nl,https://www.bouwendnederland.nl/vereniging/lidbedrijf-zoeken?page=145
Jorritsma Bouw B.V.,GRONINGEN,Kieler Bocht 41  9723 JA GRONINGEN,Kieler Bocht 41  9723 JA GRONINGEN,050-5201515,//www.jorritsmabouw.nl,https://www.bouwendnederland.nl/vereniging/lidbedrijf-zoeken?page=145
Jorritsma Bouw B.V.,BOLSWARD,Postbus 22  8700 AA BOLSWARD,Harlingerstraat 72  8701 WS BOLSWARD,0515-578200,//www.jorritsmabouw.nl,https://www.bouwendnederland.nl/vereniging/lidbedrijf-zoeken?page=145
Jorritsma Bouw bv,BOLSWARD,Harlingerstraat 72  8701 WS BOLSWARD,Harlingerstraat 72  8701 WS BOLSWARD,0512-305810,//www.jorritsma-groep.nl,https://www.bouwendnederland.nl/vereniging/lidbedrijf-zoeken?page=145
Jos de Jong Bouw B.V.,SLOOTDORP,Slootvaartweg 1  1774 PC SLOOTDORP,Slootvaartweg 1  1774 PC SLOOTDORP,0227-581294,//www.josdejongbouw.nl,https://www.bouwendnederland.nl/vereniging/lidbedrijf-zoeken?page=145
Jos Scholman Groen B.V.,NIEUWEGEIN,Morsebaan 1  3439 NA NIEUWEGEIN,Morsebaan 1  3439 NA NIEUWEGEIN,030-6044282,//www.josscholman.nl,https://www.bouwendnederland.nl/vereniging/lidbedrijf-zoeken?page=145
Jos Scholman Holding b.v.,NIEUWEGEIN,Morsebaan 1  3439 NA NIEUWEGEIN,Morsebaan 1  3439 NA NIEUWEGEIN,030-6044282,//www.josscholman.nl,https://www.bouwendnederland.nl/vereniging/lidbedrijf-zoeken?page=145
Jos Scholman Infra B.V.,NIEUWEGEIN,Postbus 1458  3430 BL NIEUWEGEIN,Morsebaan 1  3439 NA NIEUWEGEIN,030-6044282,//www.josscholman.nl,https://www.bouwendnederland.nl/vereniging/lidbedrijf-zoeken?page=145
Jos Scholman Materieel B.V.,NIEUWEGEIN,Postbus 1458  3430 BL NIEUWEGEIN,Morsebaan 1  3439 NA NIEUWEGEIN,030-6044282,//www.josscholman.nl,https://www.bouwendnederland.nl/vereniging/lidbedrijf-zoeken?page=145
Jos van der Graaf B.V.,DORDRECHT,Postbus 9016  3301 AA DORDRECHT,Helmholtzstraat 11  3316 GJ DORDRECHT,078-6164552,//www.josvandergraaf.nl,https://www.bouwendnederland.nl/vereniging/lidbedrijf-zoeken?page=146
Jos van der Lubbe Projecten B.V.,BENTHUIZEN,Verbreepark 35  2731 BR BENTHUIZEN,Verbreepark 35  2731 BR BENTHUIZEN,079-3434309,//www.josvanderlubbe.nl,https://www.bouwendnederland.nl/vereniging/lidbedrijf-zoeken?page=146
Joziasse Nieuwbouw B.V.,VLISSINGEN,Industrieweg 5  4382 NA VLISSINGEN,Industrieweg 5  4382 NA VLISSINGEN,0118-417873,//www.bouwbedrijfjoziasse.nl,https://www.bouwendnederland.nl/vereniging/lidbedrijf-zoeken?page=146
Joziasse Project & Renovatie B.V.,VLISSINGEN,Industrieweg 5  4382 NA VLISSINGEN,Industrieweg 5  4382 NA VLISSINGEN,0118-417873,//www.bouwbedrijfjoziasse.nl,https://www.bouwendnederland.nl/vereniging/lidbedrijf-zoeken?page=146
JRT Bouw B.V.,ECHT,Postbus 83  6100 AB ECHT,Pastoor Cramerstraat 2  6102 AC ECHT,047-5483400,//www.ruyters.nl,https://www.bouwendnederland.nl/vereniging/lidbedrijf-zoeken?page=146
JSB Stolk Bouw en Ontwikkeling B.V.,IJMUIDEN,Havenkade 100  1973 AM IJMUIDEN,Havenkade 100  1973 AM IJMUIDEN,0255-520259,//www.jsbstolkbv.nl,https://www.bouwendnederland.nl/vereniging/lidbedrijf-zoeken?page=146
JWMbouw B.V.,VOLENDAM,Donata Steurhof 41  1132 DD VOLENDAM,Donata Steurhof 41  1132 DD VOLENDAM,0299-321848,//www.jwmbouw.nl,https://www.bouwendnederland.nl/vereniging/lidbedrijf-zoeken?page=146
K. Visser en Zonen B.V.,ZAANDAM,Noorder IJ- en Zeeweg 8  1505 HG ZAANDAM,Noorder IJ- en Zeeweg 8  1505 HG ZAANDAM,075-6177984,//www.timmerfabriekvisser.nl,https://www.bouwendnederland.nl/vereniging/lidbedrijf-zoeken?page=146
K.J. Barendregt Personal Holding B.V.,RHOON,Binnenbaan 37  3161 VB RHOON,Binnenbaan 37  3161 VB RHOON,,,https://www.bouwendnederland.nl/vereniging/lidbedrijf-zoeken?page=146
K.J.C.M. van Gils Beheer B.V.,BREDA,Vossenberg 14  4825 BH BREDA,Vossenberg 14  4825 BH BREDA,076-5019747,,https://www.bouwendnederland.nl/vereniging/lidbedrijf-zoeken?page=146
K.O.Bus Onderhoudsdienst BV,MEPPEL,Oliemolenweg 11  7944 HX MEPPEL,Oliemolenweg 11  7944 HX MEPPEL,0522-238738,//www.bloemenbouw.nl,https://www.bouwendnederland.nl/vereniging/lidbedrijf-zoeken?page=146
K.S.M. Beheer B.V.,BREDA,Charles Petitweg 6  4827 HJ BREDA,Charles Petitweg 6  4827 HJ BREDA,076-5729666,//www.ksmgroep.nl,https://www.bouwendnederland.nl/vereniging/lidbedrijf-zoeken?page=146
K.S.M. Milieu & Infra B.V.,BREDA,Charles Petitweg 6  4827 HJ BREDA,Charles Petitweg 6  4827 HJ BREDA,076-5729666,//www.ksmgroep.nl,https://www.bouwendnederland.nl/vereniging/lidbedrijf-zoeken?page=146
K.S.M. Wegenbouw B.V.,BREDA,Charles Petitweg 6  4827 HJ BREDA,Charles Petitweg 6  4827 HJ BREDA,076-5729666,//www.ksmgroep.nl,https://www.bouwendnederland.nl/vereniging/lidbedrijf-zoeken?page=146
K_Dekker Bouw & Infra B.V.,AMSTERDAM,Zekeringstraat 50  1014 BT AMSTERDAM,Zekeringstraat 50  1014 BT AMSTERDAM,020-3331198,//www.kdbv.nl,https://www.bouwendnederland.nl/vereniging/lidbedrijf-zoeken?page=146
K_Dekker bouw & infra B.V.,WARMENHUIZEN,Postbus 17  1749 ZG WARMENHUIZEN,Oudevaart 91  1749 CH WARMENHUIZEN,0226-391629,//www.kdbv.nl,https://www.bouwendnederland.nl/vereniging/lidbedrijf-zoeken?page=146
K_Dekker kleinbouw,WARMENHUIZEN,Postbus 17  1749 ZG WARMENHUIZEN,Oud Schoorlse Zeedijk 1  1749 CP WARMENHUIZEN,072-5814201,,https://www.bouwendnederland.nl/vereniging/lidbedrijf-zoeken?page=146
Kalco Bouw B.V.,RIJSSEN,Ambachtsstraat 33  7461 TP RIJSSEN,Ambachtsstraat 33  7461 TP RIJSSEN,0548-514066,//www.kalcobouw.nl,https://www.bouwendnederland.nl/vereniging/lidbedrijf-zoeken?page=146
Kalliste Woningbouwontwikkeling,NIEUWEGEIN,Dorpsstraat 57  3433 CM NIEUWEGEIN,Dorpsstraat 57  3433 CM NIEUWEGEIN,088-1009500,//www.kalliste.nl,https://www.bouwendnederland.nl/vereniging/lidbedrijf-zoeken?page=146
Kamminga Bouw- en Onderhoudsbedrijf,UITHUIZEN,De Laan 76  9981 GR UITHUIZEN,De Laan 76  9981 GR UITHUIZEN,0595-435395,//www.kamminga-bouw.nl,https://www.bouwendnederland.nl/vereniging/lidbedrijf-zoeken?page=146
Kamp bouwbedrijf B.V.,HEERHUGOWAARD,Middenweg 275  1701 GD HEERHUGOWAARD,Middenweg 275  1701 GD HEERHUGOWAARD,072-5714881,//www.kampbouwbedrijf.nl,https://www.bouwendnederland.nl/vereniging/lidbedrijf-zoeken?page=147
Kampert Bouw B.V.,WEKEROM,Oud Willinkhuizerweg 3  6733 AK WEKEROM,Oud Willinkhuizerweg 3  6733 AK WEKEROM,0318-456583,//www.kampertbouw.nl,https://www.bouwendnederland.nl/vereniging/lidbedrijf-zoeken?page=147
Kampert Erfgoed Advies,WEKEROM,Vijfsprongweg 6  6733 JJ WEKEROM,Vijfsprongweg 6  6733 JJ WEKEROM,,,https://www.bouwendnederland.nl/vereniging/lidbedrijf-zoeken?page=147
Kappen Wegenbouw Schijndel bv,SCHIJNDEL,Molendijk-Zuid 3  5482 WZ SCHIJNDEL,Molendijk-Zuid 3  5482 WZ SCHIJNDEL,073-5492814,,https://www.bouwendnederland.nl/vereniging/lidbedrijf-zoeken?page=147
Kappert Bouw B.V.,WARNSVELD,Lage Weide 23  7231 NN WARNSVELD,Lage Weide 23  7231 NN WARNSVELD,0575-523735,//www.kappertbouw.nl,https://www.bouwendnederland.nl/vereniging/lidbedrijf-zoeken?page=147
Karbouw Bouwonderneming B.V.,AMERSFOORT,Beeldschermweg 3  3821 AH AMERSFOORT,Beeldschermweg 3  3821 AH AMERSFOORT,033-4560220,//www.karbouw.nl,https://www.bouwendnederland.nl/vereniging/lidbedrijf-zoeken?page=147
Karsten Daarlerveen,VROOMSHOOP,De Sluis 19  7681 KA VROOMSHOOP,De Sluis 19  7681 KA VROOMSHOOP,0546-645000,,https://www.bouwendnederland.nl/vereniging/lidbedrijf-zoeken?page=147
Kastanje Beheer B.V.,NIJMEGEN,Lagelandseweg 46  6545 CE NIJMEGEN,Lagelandseweg 46  6545 CE NIJMEGEN,,,https://www.bouwendnederland.nl/vereniging/lidbedrijf-zoeken?page=147
Kastanjeboom B.V.,NIJMEGEN,Lagelandseweg 46  6545 CE NIJMEGEN,Lagelandseweg 46  6545 CE NIJMEGEN,,,https://www.bouwendnederland.nl/vereniging/lidbedrijf-zoeken?page=147
KasteelKlooster Bronckhorst B.V.,RIJSSEN,Nijverdalseweg 149  7461 AG RIJSSEN,Nijverdalseweg 149  7461 AG RIJSSEN,0548-537373,,https://www.bouwendnederland.nl/vereniging/lidbedrijf-zoeken?page=147
Katwijkse Ontwikkelings Maatschappij,KATWIJK ZH,Postbus 94  2220 AB KATWIJK ZH,Scheepmakerstraat 2  2222 AC KATWIJK ZH,071-4091040,//www.kom.nl,https://www.bouwendnederland.nl/vereniging/lidbedrijf-zoeken?page=147
KBK Bouw B.V.,VOLENDAM,Postbus 15  1130 AA VOLENDAM,Morseweg 1  1131 PE VOLENDAM,0299-367322,//www.kbkbouwgroep.nl,https://www.bouwendnederland.nl/vereniging/lidbedrijf-zoeken?page=147
KBK Bouwgroep Beheer B.V.,VOLENDAM,Postbus 15  1130 AA VOLENDAM,Morseweg 1  1131 PE VOLENDAM,0299-367322,//www.kbkbouwgroep.nl,https://www.bouwendnederland.nl/vereniging/lidbedrijf-zoeken?page=147
KBK Interieurbouw B.V.,VOLENDAM,Postbus 15  1130 AA VOLENDAM,Morseweg 1  1131 PE VOLENDAM,0299-367322,//www.kbkbouwgroep.nl,https://www.bouwendnederland.nl/vereniging/lidbedrijf-zoeken?page=147
KBK kader BV,VOLENDAM,Morseweg 1  1131 PE VOLENDAM,Morseweg 1  1131 PE VOLENDAM,0299-367322,//www.kbkbouwgroep.nl,https://www.bouwendnederland.nl/vereniging/lidbedrijf-zoeken?page=147
KBK Materieeldienst bv,VOLENDAM,Morseweg 1  1131 PE VOLENDAM,Morseweg 1  1131 PE VOLENDAM,0299-367322,//www.kbkbouwgroep.nl,https://www.bouwendnederland.nl/vereniging/lidbedrijf-zoeken?page=147
KBK Renovatie & Vastgoedonderhoud B.V.,VOLENDAM,Postbus 15  1130 AA VOLENDAM,Morseweg 1  1131 PE VOLENDAM,0299-367322,//www.kbkbouwgroep.nl,https://www.bouwendnederland.nl/vereniging/lidbedrijf-zoeken?page=147
KBK Thijsse Bouw B.V.,WATERINGEN,Hoefsmid 1  2292 JJ WATERINGEN,Hoefsmid 1  2292 JJ WATERINGEN,0299-367322,//www.kbkbouwgroep.nl/home/kbk-thijsse-bouw/,https://www.bouwendnederland.nl/vereniging/lidbedrijf-zoeken?page=147
KBM Groep B.V.,KATWIJK ZH,Postbus 94  2220 AB KATWIJK ZH,Scheepmakerstraat 2  2222 AC KATWIJK ZH,071-4029215,//www.kbm.nl,https://www.bouwendnederland.nl/vereniging/lidbedrijf-zoeken?page=147
KBM Onderhoud & Renovatie B.V.,KATWIJK ZH,Postbus 94  2220 AB KATWIJK ZH,Scheepmakerstraat 2  2222 AC KATWIJK ZH,071-4029215,//www.kbm.nl,https://www.bouwendnederland.nl/vereniging/lidbedrijf-zoeken?page=147
KBR Bouw BV,BUURMALSEN,Lingedijk 2 -b 4197 HB BUURMALSEN,Lingedijk 2 -b 4197 HB BUURMALSEN,0345-570454,//www.kbr-bouw.nl,https://www.bouwendnederland.nl/vereniging/lidbedrijf-zoeken?page=148
KCD Bouw,ARNHEM,Lombardsteeg 11  6811 GJ ARNHEM,Lombardsteeg 11  6811 GJ ARNHEM,,,https://www.bouwendnederland.nl/vereniging/lidbedrijf-zoeken?page=148
KCG Holding B.V.,BEILEN,Pinksterbloem 44  9411 CH BEILEN,Pinksterbloem 44  9411 CH BEILEN,,,https://www.bouwendnederland.nl/vereniging/lidbedrijf-zoeken?page=148
Kees Ros Bouw B.V.,NUMANSDORP,Oud-Cromstrijensedijk WZ 67  3286 BS KLAASWAAL,Chr. Huygensstraat 6  3281 ND NUMANSDORP,0186-574810,//www.keesrosbouw.nl,https://www.bouwendnederland.nl/vereniging/lidbedrijf-zoeken?page=148
Kees Tol Glas B.V.,VOLENDAM,Julianaweg  210  1131 DL VOLENDAM,Julianaweg  210  1131 DL VOLENDAM,0299-373146,//www.keestolglas.nl,https://www.bouwendnederland.nl/vereniging/lidbedrijf-zoeken?page=148
Kees van der Helm Loonbedrijf B.V.,BERKEL EN RODENRIJS,Nobelsingel 2  2652 XA BERKEL EN RODENRIJS,Nobelsingel 2  2652 XA BERKEL EN RODENRIJS,010-2492460,//www.vdhelm.nl,https://www.bouwendnederland.nl/vereniging/lidbedrijf-zoeken?page=148
Keesbouw,NIEUWEGEIN,4e Regimentsdok  1 -13 3433 KW NIEUWEGEIN,4e Regimentsdok  1 -13 3433 KW NIEUWEGEIN,,,https://www.bouwendnederland.nl/vereniging/lidbedrijf-zoeken?page=148
Keizers Watermanagement B.V.,OLDENZAAL,Kleibultweg 110  7575 BX OLDENZAAL,Kleibultweg 110  7575 BX OLDENZAAL,0541-523364,//www.keizers-watermanagement.nl,https://www.bouwendnederland.nl/vereniging/lidbedrijf-zoeken?page=148
Kelderman Bouw B.V.,EDE GLD,Postbus 672  6710 BR EDE GLD,Zuiderkade 7  6718 PE EDE GLD,0318-519073,//www.keldermanbouw.nl,https://www.bouwendnederland.nl/vereniging/lidbedrijf-zoeken?page=148
Kelderman Burgerbouw B.V.,EDE GLD,Postbus 672  6710 BR EDE GLD,Zuiderkade 7  6718 PE EDE GLD,0318-519073,//www.keldermanbouw.nl,https://www.bouwendnederland.nl/vereniging/lidbedrijf-zoeken?page=148
Kelderman Groep B.V.,EDE GLD,Postbus 672  6710 BR EDE GLD,Zuiderkade 7  6718 PE EDE GLD,0318-519073,//www.keldermanbouw.nl,https://www.bouwendnederland.nl/vereniging/lidbedrijf-zoeken?page=148
Kelleners Bouw B.V.,SUSTEREN,Handelsweg 6  6114 BR SUSTEREN,Handelsweg 6  6114 BR SUSTEREN,0475-729430,//www.kelleners-bouw.nl,https://www.bouwendnederland.nl/vereniging/lidbedrijf-zoeken?page=148
Kempenaars Aannemersbedrijf B.V.,ROOSENDAAL,Smoorstraat  3  4705 AA ROOSENDAAL,Smoorstraat 3  4705 AA ROOSENDAAL,0165-551129,//www.kempenaars-bv.nl,https://www.bouwendnederland.nl/vereniging/lidbedrijf-zoeken?page=148
Ken Phelan Betonboringen B.V.,VELSEN-NOORD,Rooswijkweg 204  1951 MD VELSEN-NOORD,Rooswijkweg 204  1951 MD VELSEN-NOORD,0251-222322,//www.kenphelan.nl,https://www.bouwendnederland.nl/vereniging/lidbedrijf-zoeken?page=148
Kennemer Beton Bouw B.V.,HEEMSKERK,Benit 30  1043 BB AMSTERDAM,Wielewaal 18  1965 ED HEEMSKERK,0251-161440,//www.kennemerbetonbouw.nl,https://www.bouwendnederland.nl/vereniging/lidbedrijf-zoeken?page=148
Kenza Bouw B.V.,ZAANDAM,Vredeweg 5 a 1505 HH ZAANDAM,Vredeweg 5 a 1505 HH ZAANDAM,075-6352299,//www.kenzabouw.nl,https://www.bouwendnederland.nl/vereniging/lidbedrijf-zoeken?page=148
Keps Bouw B.V.,HAARLEM,Jacques Meuwissenweg 24  2031 AD HAARLEM,Jacques Meuwissenweg  24  2031 AD HAARLEM,023-2340440,//www.kepsbouw.nl,https://www.bouwendnederland.nl/vereniging/lidbedrijf-zoeken?page=148
Kern Bouw Groep B.V.,CRUQUIUS,Postbus 152  2100 AD HEEMSTEDE,Bennebroekerdijk 247  2142 LE CRUQUIUS,088-3232600,//www.kernbouw.nl,https://www.bouwendnederland.nl/vereniging/lidbedrijf-zoeken?page=148
Kesselaar & Zn. B.V,ALKMAAR,Walruskoog 6  1822 BC ALKMAAR,Walruskoog 6  1822 BC ALKMAAR,072-5644446,//www.kesselaarenzn.nl,https://www.bouwendnederland.nl/vereniging/lidbedrijf-zoeken?page=148
Kessels Wegenbouw en Bestratingen B.V.,WEERT,Fahrenheitstraat 22  6003 DC WEERT,Fahrenheitstraat 22  6003 DC WEERT,0495-631907,//www.kesselsbv.nl,https://www.bouwendnederland.nl/vereniging/lidbedrijf-zoeken?page=148
Keukenhoff Tankens,ANDEL,Hoofdgraaf 69 a 4281 NN ANDEL,Hoofdgraaf 69 a 4281 NN ANDEL,0183-442502,//www.keukenhoff.nl,https://www.bouwendnederland.nl/vereniging/lidbedrijf-zoeken?page=149
Keurntjes / Reugebrink Beheer B.V.,ZUTPHEN,Hoge Balver 3  7207 BR ZUTPHEN,Hoge Balver 3  7207 BR ZUTPHEN,0575-514404,//www.aannemer-peters.nl,https://www.bouwendnederland.nl/vereniging/lidbedrijf-zoeken?page=149
Keurvakkundig.nl,LANDGRAAF,Dorpstraat 47  6373 JC LANDGRAAF,Dorpstraat 47  6373 JC LANDGRAAF,045-2301333,//www.keurvakkundig.nl,https://www.bouwendnederland.nl/vereniging/lidbedrijf-zoeken?page=149
KG Staalframebouw B.V.,WIJCHEN,Vinkstraat 11  6601 BW WIJCHEN,Vinkstraat 11  6601 BW WIJCHEN,,,https://www.bouwendnederland.nl/vereniging/lidbedrijf-zoeken?page=149
Kikkert Bouw en Interieur,DEN BURG,Sluyscoog 35  1791 WV DEN BURG,Sluyscoog 35  1791 WV DEN BURG,0222-327024,,https://www.bouwendnederland.nl/vereniging/lidbedrijf-zoeken?page=149
Kimsma Holding B.V.,LEEUWARDEN,Edisonstraat 18  8912 AW LEEUWARDEN,Edisonstraat 18  8912 AW LEEUWARDEN,058-2883006,//www.kimsma.nl,https://www.bouwendnederland.nl/vereniging/lidbedrijf-zoeken?page=149
Kingma's Bouwbedrijf B.V.,BUITENPOST,Oost 48  9285 XL BUITENPOST,Oost 48  9285 XL BUITENPOST,0594-249794,//www.kingmasbouwbedrijf.nl,https://www.bouwendnederland.nl/vereniging/lidbedrijf-zoeken?page=149
Kipbouw,DEURNINGEN,Deurningerstraat 40  7561 RP DEURNINGEN,Deurningerstraat 40  7561 RP DEURNINGEN,,,https://www.bouwendnederland.nl/vereniging/lidbedrijf-zoeken?page=149
Kistemaker Bouw B.V.,ZWAAG,De Compagnie 43  1689 AG ZWAAG,De Compagnie 43  1689 AG ZWAAG,0229-581710,//www.kistemakerbouw.nl,https://www.bouwendnederland.nl/vereniging/lidbedrijf-zoeken?page=149
KlaassenGroep B.V.,DINXPERLO,Helmkamp 25  7091 HR DINXPERLO,Helmkamp 25  7091 HR DINXPERLO,0315-657200,//www.klaassen.com,https://www.bouwendnederland.nl/vereniging/lidbedrijf-zoeken?page=149
KlaassenGroep B.V. Ontwikkeling,ARNHEM,Postbus 2173  6802 CD ARNHEM,Meander 601  6825 ME ARNHEM,026-3698199,//www.klaassen.com,https://www.bouwendnederland.nl/vereniging/lidbedrijf-zoeken?page=149
KlaassenGroep B.V. vestiging Arnhem,ARNHEM,Postbus 2173  6802 CD ARNHEM,Meander 601  6825 ME ARNHEM,026-3698100,//www.klaassen.com,https://www.bouwendnederland.nl/vereniging/lidbedrijf-zoeken?page=149
KlaassenGroep B.V. vestiging Dinxperlo,DINXPERLO,Helmkamp 25  7091 HR DINXPERLO,Helmkamp 25  7091 HR DINXPERLO,0315-657200,//www.klaassen.com,https://www.bouwendnederland.nl/vereniging/lidbedrijf-zoeken?page=149
Klaversma Bouwbedrijf,MANTGUM,Skillaerderdyk 15  9022 AV MANTGUM,Skillaerderdyk 15  9022 AV MANTGUM,058-2501619,//www.klaversma.nl,https://www.bouwendnederland.nl/vereniging/lidbedrijf-zoeken?page=149
Kleijngeld Beheer BV,WAALWIJK,Wolfsklauwstraat 8 e 5445 NW LANDHORST,Energieweg 8 e 5145 NW WAALWIJK,0416-567900,//www.kleijngeld.nl,https://www.bouwendnederland.nl/vereniging/lidbedrijf-zoeken?page=149
Kleijngeld Onderhoud Waalwijk BV,WAALWIJK,Energieweg 8 e 5145 NW WAALWIJK,Energieweg 8 e 5145 NW WAALWIJK,0416-567900,//www.kleijngeld.nl,https://www.bouwendnederland.nl/vereniging/lidbedrijf-zoeken?page=149
Kleijngeld Vastgoed Ontwikkeling BV,WAALWIJK,Energieweg 8 e 5145 NW WAALWIJK,Energieweg 8 e 5145 NW WAALWIJK,0416-567900,//www.kleijngeld.nl,https://www.bouwendnederland.nl/vereniging/lidbedrijf-zoeken?page=149
Kleinbouw Twente B.V.,ENSCHEDE,Olieslagweg 106  7521 JG ENSCHEDE,Olieslagweg 106  7521 JG ENSCHEDE,053-4303045,//www.kleinbouw-twente.nl,https://www.bouwendnederland.nl/vereniging/lidbedrijf-zoeken?page=149
Kleinbouw-Techniek B.V.,SINT PHILIPSLAND,Handelsweg 4  4675 RC SINT PHILIPSLAND,Handelsweg 4  4675 RC SINT PHILIPSLAND,0167-572658,//www.kleinbouw-techniek.nl,https://www.bouwendnederland.nl/vereniging/lidbedrijf-zoeken?page=149
Klever Boor- en Perstechniek B.V.,BENSCHOP,Boveneind NZ 84 -C 3405 AK BENSCHOP,Boveneind NZ 84 -C 3405 AK BENSCHOP,0348-554986,//www.kleverbv.nl,https://www.bouwendnederland.nl/vereniging/lidbedrijf-zoeken?page=149
Klies & Jozef Bouw B.V.,EDAM,Nijverheidstraat 31 f 1135 GE EDAM,Nijverheidstraat 31 f 1135 GE EDAM,0299-315325,//www.kliesjozefbouw.nl,https://www.bouwendnederland.nl/vereniging/lidbedrijf-zoeken?page=150
KLINK-NIJLAND GWW RAALTE B.V.,RAALTE,Tjalkstraat 11  8102 HG RAALTE,Tjalkstraat 11  8102 HG RAALTE,0572-357164,//www.klink-nijland.nl,https://www.bouwendnederland.nl/vereniging/lidbedrijf-zoeken?page=150
Klompenburg Bouw B.V.,NUNSPEET,Pascalweg 11 b 8071 SE NUNSPEET,Pascalweg 11 B 8071 SE NUNSPEET,0341-252450,//www.klompenburgbouw.nl,https://www.bouwendnederland.nl/vereniging/lidbedrijf-zoeken?page=150
Klomps Bouw B.V.,WINTERSWIJK,Ambachtsstraat 6  7102 DW WINTERSWIJK,Ambachtsstraat 6  7102 DW WINTERSWIJK,0543-514803,//www.klompsbouwwinterswijk.nl,https://www.bouwendnederland.nl/vereniging/lidbedrijf-zoeken?page=150
KlooSterBouw B.V.,OUDE PEKELA,Aa-stroom 38  9665 SK OUDE PEKELA,Aa-stroom 38  9665 SK OUDE PEKELA,0597-726166,//www.kloosterbouwgroningen.nl,https://www.bouwendnederland.nl/vereniging/lidbedrijf-zoeken?page=150
Klus- & Timmerbedrijf van der Sman,PIJNACKER,Schoutenlaan 57  2641 TB PIJNACKER,Schoutenlaan 57  2641 TB PIJNACKER,,,https://www.bouwendnederland.nl/vereniging/lidbedrijf-zoeken?page=150
KMA Realisatie,ROSMALEN,Molenstraat 16  5242 HA ROSMALEN,Molenstraat 16  5242 HA ROSMALEN,,,https://www.bouwendnederland.nl/vereniging/lidbedrijf-zoeken?page=150
Knaapen Beheer en Onderhoud B.V.,SON EN BREUGEL,Postbus 1441  5602 BK EINDHOVEN,Ekkersrijt 6036  5692 GA SON EN BREUGEL,0499-460605,//www.knaapen.nl,https://www.bouwendnederland.nl/vereniging/lidbedrijf-zoeken?page=150
Knaapen Breda B.V.,BREDA,Postbus 1441  5602 BK EINDHOVEN,Minervum 7446 -b 4817 ZG BREDA,0499-460605,//www.knaapen.nl,https://www.bouwendnederland.nl/vereniging/lidbedrijf-zoeken?page=150
Knaapen Groep B.V.,SON EN BREUGEL,Postbus 1441  5602 BK EINDHOVEN,Ekkersrijt 6036  5692 GA SON EN BREUGEL,0499-460605,//www.knaapen.nl,https://www.bouwendnederland.nl/vereniging/lidbedrijf-zoeken?page=150
Knaapen Planmatig Onderhoud B.V.,SON EN BREUGEL,Postbus 1441  5602 BK EINDHOVEN,Ekkersrijt 6036  5692 GA SON EN BREUGEL,0499-460605,//www.knaapen.nl,https://www.bouwendnederland.nl/vereniging/lidbedrijf-zoeken?page=150
Knaapen Renovatie en Onderhoud B.V.,SON,Postbus 1441  5602 BK EINDHOVEN,Ekkersrijt 6036  5692 GA SON,0499-460605,//www.knaapen.nl,https://www.bouwendnederland.nl/vereniging/lidbedrijf-zoeken?page=150
Knep & Dekker Bouw- en Aannemingsbedrijf V.O.F.,EDAM,Nijverheidstraat 31 N 1135 GE EDAM,Nijverheidstraat 31 N 1135 GE EDAM,0299-321627,//www.knependekker.nl,https://www.bouwendnederland.nl/vereniging/lidbedrijf-zoeken?page=150
Knipping Kozijnen B.V.,ZWAAGDIJK,Zwaagdijk 304  1682 NS ZWAAGDIJK-OOST,Zwaagdijk 304  1682 NS ZWAAGDIJK,0229-261295,//www.knipping.nl,https://www.bouwendnederland.nl/vereniging/lidbedrijf-zoeken?page=150
Knipscheer Infrastructuur B.V.,ALMERE,Postbus 1330  1300 BH ALMERE,Damsluisweg 35  1332 EA ALMERE,036-5320200,//www.knipscheer.com,https://www.bouwendnederland.nl/vereniging/lidbedrijf-zoeken?page=150
Knipscheer Rail-Infra BV,EMMELOORD,Florijn 12  8305 BR EMMELOORD,Florijn 12  8305 BR EMMELOORD,0527-610765,//www.knipscheer.com,https://www.bouwendnederland.nl/vereniging/lidbedrijf-zoeken?page=150
Knol Bouwgroep B.V.,HASSELT,Postbus 65  8060 AB HASSELT,Gildenweg 8  8061 RP HASSELT,038-4771490,//www.knolbouwgroep.nl,https://www.bouwendnederland.nl/vereniging/lidbedrijf-zoeken?page=150
KOEDIJK BOUW B.V.,UTRECHT,Texasdreef 20  3565 CL UTRECHT,Texasdreef 20  3565 CL UTRECHT,030-2763888,//www.koedijkbouw.nl,https://www.bouwendnederland.nl/vereniging/lidbedrijf-zoeken?page=150
Koelen Bouw Oss B.V.,OSS,Galliersweg 10  5349 AT OSS,Galliersweg 10  5349 AT OSS,0412-625217,//www.koelenbouw.nl,https://www.bouwendnederland.nl/vereniging/lidbedrijf-zoeken?page=150
Koelewijn & van Diermen Bouw,BUNSCHOTEN-SPAKENBURG,Nieuwe Schans 9 b 3751 BA BUNSCHOTEN-SPAKENBURG,Nieuwe Schans 9 b 3751 BA BUNSCHOTEN-SPAKENBURG,,,https://www.bouwendnederland.nl/vereniging/lidbedrijf-zoeken?page=150
Koelewijn Bouw B.V.,BUNSCHOTEN SPAKENBURG,Ansjovisweg 5  3751 BL BUNSCHOTEN-SPAKENBURG,Ansjovisweg 5  3751 BL BUNSCHOTEN SPAKENBURG,033-2981560,//www.koelewijnbouw.nl,https://www.bouwendnederland.nl/vereniging/lidbedrijf-zoeken?page=151
Koen Tossijn Studio,AMSTERDAM,Latherusstraat 11 h 1032 CR AMSTERDAM,Latherusstraat 11 h 1032 CR AMSTERDAM,,,https://www.bouwendnederland.nl/vereniging/lidbedrijf-zoeken?page=151
Koenders Bouwgroep B.V.,DUIVEN,'t Holland 8  6921 GW DUIVEN,'t Holland 8  6921 GW DUIVEN,0316-263341,//www.koenderstotaalbouw.nl,https://www.bouwendnederland.nl/vereniging/lidbedrijf-zoeken?page=151
Koenen Beheer B.V.,HOLTHEES,Gildestraat 23 a 5824 AA HOLTHEES,Gildestraat 23 a 5824 AA HOLTHEES,0478-638200,//www.koenenholthees.nl,https://www.bouwendnederland.nl/vereniging/lidbedrijf-zoeken?page=151
Koenen Bouw,EMMEN,Nijbracht 150  7821 CE EMMEN,Nijbracht 150  7821 CE EMMEN,0591-623500,,https://www.bouwendnederland.nl/vereniging/lidbedrijf-zoeken?page=151
Koenen Retail en Industrie B.V.,HOLTHEES,Gildestraat 23 a 5824 AA HOLTHEES,Gildestraat 23 a 5824 AA HOLTHEES,0478-638200,//www.retailenindustrie.nl,https://www.bouwendnederland.nl/vereniging/lidbedrijf-zoeken?page=151
Koenraads Aannemersbedrijf bv,BREDA,Minervum 7042  4817 ZL BREDA,Minervum 7042  4817 ZL BREDA,076-5991225,//www.koenraads.com,https://www.bouwendnederland.nl/vereniging/lidbedrijf-zoeken?page=151
Kollmer Bouw B.V.,EMMEN,Willem Schoutenstraat 7  7825 VV EMMEN,Willem Schoutenstraat 7  7825 VV EMMEN,0591-760000,//www.kollmerbouw.nl,https://www.bouwendnederland.nl/vereniging/lidbedrijf-zoeken?page=151
Kondor Wessels Amsterdam B.V.,AMSTERDAM,Sloterweg 179 A 1066 CA AMSTERDAM,Anderlechtlaan 179 A 1066 HM AMSTERDAM,020-8511800,//www.kondorwessels-amsterdam.nl,https://www.bouwendnederland.nl/vereniging/lidbedrijf-zoeken?page=151
Kondor Wessels Vastgoed bv,AMSTERDAM,De Cuserstraat 93  1081 CN AMSTERDAM,De Cuserstraat 93  1081 CN AMSTERDAM,020-8511850,//www.kwvastgoed.nl,https://www.bouwendnederland.nl/vereniging/lidbedrijf-zoeken?page=151
Koninklijke BAM Groep nv,BUNNIK,Postbus 20  3980 CA BUNNIK,Runnenburg 9  3981 AZ BUNNIK,030-6598988,//www.bam.nl,https://www.bouwendnederland.nl/vereniging/lidbedrijf-zoeken?page=151
Koninklijke Bouwend Nederland,ZOETERMEER,Postbus 340  2700 AH ZOETERMEER,Zilverstraat    2718 RP ZOETERMEER,079-3252252,//www.bouwendnederland.nl,https://www.bouwendnederland.nl/vereniging/lidbedrijf-zoeken?page=151
Koninklijke Heijmans N.V.,ROSMALEN,Postbus 2  5240 BB ROSMALEN,Graafsebaan 65  5248 JR ROSMALEN,073-5435111,//www.heijmans.nl,https://www.bouwendnederland.nl/vereniging/lidbedrijf-zoeken?page=151
Koninklijke Sjouke Dijkstra B.V.,LEEK,Postbus 136  9350 AC LEEK,Zernikelaan 8  9351 VA LEEK,0594-552400,//www.dijkstra-groep.nl,https://www.bouwendnederland.nl/vereniging/lidbedrijf-zoeken?page=151
Koninklijke Smals N.V.,KATWIJK NB,Keersluisweg 9  5433 NM KATWIJK NB,Keersluisweg 9  5433 NM KATWIJK NB,0485-335170,//www.smals.com,https://www.bouwendnederland.nl/vereniging/lidbedrijf-zoeken?page=151
Koninklijke Woudenberg Ameide B.V.,AMEIDE,Postbus 3  4233 ZG AMEIDE,Voorstraat 7  4233 EA AMEIDE,088-3559600,//www.koninklijkewoudenberg.nl,https://www.bouwendnederland.nl/vereniging/lidbedrijf-zoeken?page=151
Koninklijke Woudenberg vestiging Maastricht,MAASTRICHT,Louis Loyensstraat 5  6221 AK MAASTRICHT,Louis Loyensstraat 5  6221 AK MAASTRICHT,0183-606600,//www.koninklijkewoudenberg.nl,https://www.bouwendnederland.nl/vereniging/lidbedrijf-zoeken?page=151
Koninklijke Woudenberg vestiging Tienhoven,TIENHOVEN ZH,Hogewaard 6  4235 VS TIENHOVEN ZH,Hogewaard 6  4235 VS TIENHOVEN ZH,0183-606600,,https://www.bouwendnederland.nl/vereniging/lidbedrijf-zoeken?page=151
Kool Leerdam B.V.,LEERDAM,Recht van Ter Leede 21  4143 LN LEERDAM,Recht van Ter Leede 21  4143 LN LEERDAM,0345-228735,,https://www.bouwendnederland.nl/vereniging/lidbedrijf-zoeken?page=151
Koopman Infra,RAALTE,Spitsstraat 15  8102 HW RAALTE,Spitsstraat 15  8102 HW RAALTE,0572-355745,//www.koopmaninfra.nl,https://www.bouwendnederland.nl/vereniging/lidbedrijf-zoeken?page=151
Koopmans Bouw B.V.,ENSCHEDE,Postbus 461  7500 AL ENSCHEDE,Marssteden 66  7547 TD ENSCHEDE,053-4600600,//www.koopmans.nl,https://www.bouwendnederland.nl/vereniging/lidbedrijf-zoeken?page=152
Koopmans Bouwgroep b.v.,ENSCHEDE,Postbus 461  7500 AL ENSCHEDE,Marssteden 66  7547 TD ENSCHEDE,053-4600600,//www.koopmans.nl,https://www.bouwendnederland.nl/vereniging/lidbedrijf-zoeken?page=152
Koopmans Projecten b.v.,ENSCHEDE,Postbus 461  7500 AL ENSCHEDE,Marssteden 66  7547 TD ENSCHEDE,053-4600600,//www.koopmans.nl,https://www.bouwendnederland.nl/vereniging/lidbedrijf-zoeken?page=152
Koopmans Service & Onderhoud b.v.,ENSCHEDE,Postbus 461  7500 AL ENSCHEDE,Staalsteden 34  7547 TA ENSCHEDE,0886-004600,//www.koopmans.nl,https://www.bouwendnederland.nl/vereniging/lidbedrijf-zoeken?page=152
Koppen Bouw B.V.,WEERT,Edisonlaan 31  6003 DB WEERT,Edisonlaan 31  6003 DB WEERT,0495-520845,//www.koppenbouw.nl,https://www.bouwendnederland.nl/vereniging/lidbedrijf-zoeken?page=152
Koppen Bouw en Onderhoud BV,LIEMPDE,Bergstraat 16  5298 VK LIEMPDE,Bergstraat 16  5298 VK LIEMPDE,0411-637010,//www.koppenbouwgroep.nl,https://www.bouwendnederland.nl/vereniging/lidbedrijf-zoeken?page=152
Kormelink Holding B.V.,RIETMOLEN,'t Halt 2  7165 BV RIETMOLEN,'t Halt 2  7165 BV RIETMOLEN,0545-221281,//www.kormelinkbouw.nl,https://www.bouwendnederland.nl/vereniging/lidbedrijf-zoeken?page=152
Kormelink's Algemeen Bouwbedrijf B.V.,RIETMOLEN,'t Halt 2  7165 BV RIETMOLEN,'t Halt 2  7165 BV RIETMOLEN,0545-221281,//www.kormelinkbouw.nl,https://www.bouwendnederland.nl/vereniging/lidbedrijf-zoeken?page=152
Kosterman Peek Bouw VOF,COTHEN,Willem Alexanderweg 77 -06 3945 CH COTHEN,Willem Alexanderweg 77 -06 3945 CH COTHEN,0343-561101,//www.kostermanpeek.nl,https://www.bouwendnederland.nl/vereniging/lidbedrijf-zoeken?page=152
Kotteman Lansink Wegenbouw B.V.,SAASVELD,Loodijk 2  7597 NV SAASVELD,Loodijk 2  7597 NV SAASVELD,074-3494766,,https://www.bouwendnederland.nl/vereniging/lidbedrijf-zoeken?page=152
Koudasfalt Staphorst BV,STAPHORST,Leenders 3  7951 KM STAPHORST,Leenders 3  7951 KM STAPHORST,0522-252009,,https://www.bouwendnederland.nl/vereniging/lidbedrijf-zoeken?page=152
KPT Bouw B.V.,VOLENDAM,W J Tuijnstraat 30  1131 ZJ VOLENDAM,W J Tuijnstraat 30  1131 ZJ VOLENDAM,0299-795460,//www.kptbouw.nl,https://www.bouwendnederland.nl/vereniging/lidbedrijf-zoeken?page=152
Kraan Interieurbouw B.V.,BERKEL EN RODENRIJS,Noordeindseweg 394  2651 LN BERKEL EN RODENRIJS,Noordeindseweg 394  2651 LN BERKEL EN RODENRIJS,010-5114768,//www.kraan-aannemers.nl,https://www.bouwendnederland.nl/vereniging/lidbedrijf-zoeken?page=152
Kralingsche Glashandel,ROTTERDAM,Weteringstraat 245  3061 PM ROTTERDAM,Weteringstraat 245  3061 PM ROTTERDAM,010-4522478,//www.kralglas.nl,https://www.bouwendnederland.nl/vereniging/lidbedrijf-zoeken?page=152
Krämer Bouw B.V.,UTRECHT,Computerweg 13  3542 DP UTRECHT,Computerweg 13  3542 DP UTRECHT,020-6971161,//www.kramer-bouw.nl,https://www.bouwendnederland.nl/vereniging/lidbedrijf-zoeken?page=152
Krämer Bouwgroep B.V.,UTRECHT,Computerweg 13  3542 DP UTRECHT,Computerweg 13  3542 DP UTRECHT,020-6971161,//www.kramer-groep.nl,https://www.bouwendnederland.nl/vereniging/lidbedrijf-zoeken?page=152
Krämer Groep B.V.,UTRECHT,Computerweg 13  3542 DP UTRECHT,Computerweg 13  3542 DP UTRECHT,020-6971161,//www.kramer-bouw.nl,https://www.bouwendnederland.nl/vereniging/lidbedrijf-zoeken?page=152
Kramer's Bouwbedrijf Friesland B.V.,SINT NICOLAASGA,Molier 3  8521 MD SINT NICOLAASGA,Molier 3  8521 MD SINT NICOLAASGA,0513-433200,,https://www.bouwendnederland.nl/vereniging/lidbedrijf-zoeken?page=152
Kramer's Holding B.V.,SINT NICOLAASGA,Postbus 23  8520 AA SINT NICOLAASGA,Molier 3  8521 MD SINT NICOLAASGA,051-3433200,//www.kramerbouwbedrijf.nl,https://www.bouwendnederland.nl/vereniging/lidbedrijf-zoeken?page=152
Kreeft Betonrenovatie- & Injectietechnieken B.V.,HOOGEVEEN,A G Bellstraat 11  7903 AD HOOGEVEEN,A G Bellstraat 11  7903 AD HOOGEVEEN,0528-277377,//www.kreeft.nl,https://www.bouwendnederland.nl/vereniging/lidbedrijf-zoeken?page=152
Kreunen Bouw Lochem B.V.,LOCHEM,Postbus 98  7240 AB LOCHEM,Hanzeweg 11 -13 7241 CR LOCHEM,0573-222655,//www.kreunenbouw.nl,https://www.bouwendnederland.nl/vereniging/lidbedrijf-zoeken?page=153
Kreunen Bouw Onderhoud & Service B.V.,LOCHEM,Postbus 98  7240 AB LOCHEM,Hanzeweg 11 -13 7241 CR LOCHEM,0575-514484,//www.kreunenbouw.nl,https://www.bouwendnederland.nl/vereniging/lidbedrijf-zoeken?page=153
Krijgsman Bouw B.V.,DORDRECHT,Sikkelstraat 32  3319 LJ DORDRECHT,Sikkelstraat 32  3319 LJ DORDRECHT,078-6228470,//www.krijgsmanbouw.nl,https://www.bouwendnederland.nl/vereniging/lidbedrijf-zoeken?page=153
Krijn de With Timmerwerken,ALBLASSERDAM,Plantageweg 102  2951 VH ALBLASSERDAM,Plantageweg 102  2951 VH ALBLASSERDAM,078-2000427,//Www.krijndewith.nl,https://www.bouwendnederland.nl/vereniging/lidbedrijf-zoeken?page=153
Krommeweg Vastgoed B.V.,LUNTEREN,Krommeweg 1  6741 NK LUNTEREN,Krommeweg 1  6741 NK LUNTEREN,0318-575350,,https://www.bouwendnederland.nl/vereniging/lidbedrijf-zoeken?page=153
Kroon & De Koning B.V.,ZWIJNDRECHT,Postbus 267  3330 AG ZWIJNDRECHT,Ohmstraat 6  3335 LT ZWIJNDRECHT,078-6121511,//www.kroondekoning.nl,https://www.bouwendnederland.nl/vereniging/lidbedrijf-zoeken?page=153
Kroon Group B.V.,Delfstrahuizen,Trekkersweg 3  8508 RN Delfstrahuizen,Trekkersweg 3  8508 RN Delfstrahuizen,,,https://www.bouwendnederland.nl/vereniging/lidbedrijf-zoeken?page=153
Kroonkozijn Purmerend B.V.,PURMEREND,Einsteinstraat 83  1446 VE PURMEREND,Einsteinstraat 83  1446 VE PURMEREND,,,https://www.bouwendnederland.nl/vereniging/lidbedrijf-zoeken?page=153
Kruijssenbouw B.V.,TILBURG,Postbus 1389  5004 BJ TILBURG,Simon Vestdijkhof 5  5044 VK TILBURG,,,https://www.bouwendnederland.nl/vereniging/lidbedrijf-zoeken?page=153
KUDO Bouw B.V.,VEENENDAAL,Storkstraat 25  3905 KX VEENENDAAL,Storkstraat  25  3905 KX VEENENDAAL,0318-540080,//www.kudo.nl,https://www.bouwendnederland.nl/vereniging/lidbedrijf-zoeken?page=153
KUDO Holding B.V.,VEENENDAAL,Storkstraat 25  3905 KX VEENENDAAL,Storkstraat 25  3905 KX VEENENDAAL,0318-540080,//www.kudo.nl,https://www.bouwendnederland.nl/vereniging/lidbedrijf-zoeken?page=153
KUDO Installatietechniek B.V.,VEENENDAAL,Storkstraat 25  3905 KX VEENENDAAL,Storkstraat 25  3905 KX VEENENDAAL,,,https://www.bouwendnederland.nl/vereniging/lidbedrijf-zoeken?page=153
KUDO Prefab Wanden B.V.,VEENENDAAL,Storkstraat 25  3905 KX VEENENDAAL,Storkstraat 25  3905 KX VEENENDAAL,,,https://www.bouwendnederland.nl/vereniging/lidbedrijf-zoeken?page=153
Kuijpers Bouw Heteren BV,HETEREN,Postbus 3  6666 ZG HETEREN,Poort van Midden Gelderland Noord Oranje 3  6666 LV HETEREN,026-4790450,//www.stijlvolbouwkundig.nl,https://www.bouwendnederland.nl/vereniging/lidbedrijf-zoeken?page=153
Kuijpers Bouwbedrijf,HOOGWOUD,Dokter Poolstraat 39  1718 PA HOOGWOUD,Dokter Poolstraat 39  1718 PA HOOGWOUD,0226-354081,,https://www.bouwendnederland.nl/vereniging/lidbedrijf-zoeken?page=153
Kuijsten Kwaliteitsbouw,HEEZE,Dirk Heziuslaan 24  5591 AB HEEZE,Dirk Heziuslaan 24  5591 AB HEEZE,040-2264055,//www.kuijstenkwaliteitsbouw.nl,https://www.bouwendnederland.nl/vereniging/lidbedrijf-zoeken?page=153
Kuilman Bouw BV,NIEUW AMSTERDAM,Dikkewijk WZ 24  7833 HS NIEUW-AMSTERDAM,Dikkewijk WZ 2  7833 HS NIEUW AMSTERDAM,0591-390560,//www.kuilmanbouw.nl,https://www.bouwendnederland.nl/vereniging/lidbedrijf-zoeken?page=153
Kuiper Vastgoed Arnhem B.V.,ARNHEM,Westervoortsedijk 95 a 6827 AW ARNHEM,Westervoortsedijk 95 a 6827 AW ARNHEM,026-4430243,//www.kuiperbouwgroep.nl,https://www.bouwendnederland.nl/vereniging/lidbedrijf-zoeken?page=153
KuiperBouw B.V.,ARNHEM,Postbus 48  6800 AA ARNHEM,Westervoortsedijk 95 a 6827 AW ARNHEM,026-4430243,//www.kuiperarnhem.nl,https://www.bouwendnederland.nl/vereniging/lidbedrijf-zoeken?page=153
KuiperBouwservice B.V.,ARNHEM,Westervoortsedijk 95 a 6827 AW ARNHEM,Westervoortsedijk 95 a 6827 AW ARNHEM,026-4430243,//www.kuiperbouwgroep.nl,https://www.bouwendnederland.nl/vereniging/lidbedrijf-zoeken?page=153
Kummler+Matter Nederland,BLEISWIJK,Facetlaan 15  2665 NR BLEISWIJK,Facetlaan 15  2665 NR BLEISWIJK,,,https://www.bouwendnederland.nl/vereniging/lidbedrijf-zoeken?page=154
Kunst Bouwbedrijf B.V.,AVENHORN,West 83  1633 JE AVENHORN,West 83  1633 JE AVENHORN,0229-541268,//www.Kunstbouwbedrijf.nl,https://www.bouwendnederland.nl/vereniging/lidbedrijf-zoeken?page=154
Kuppens Infra B.V.,BUDEL,Meemortel 59  6021 AD BUDEL,Meemortel 59  6021 AD BUDEL,0495-491281,//www.kuppensbudel.nl,https://www.bouwendnederland.nl/vereniging/lidbedrijf-zoeken?page=154
Kusters Bouw B.V.,DEURNE,Daalder 15  5753 SZ DEURNE,Daalder 15  5753 SZ DEURNE,0493-319390,//www.ditiskusters.nl,https://www.bouwendnederland.nl/vereniging/lidbedrijf-zoeken?page=154
KV Bouw B.V.,MAASLAND,Oude Veiling 4  3155 EN MAASLAND,Oude Veiling 4  3155 EN MAASLAND,010-5991810,//www.kvbouw.nl,https://www.bouwendnederland.nl/vereniging/lidbedrijf-zoeken?page=154
KVG Houtbouw,WADDINXVEEN,Henegouwerweg 93  2741 KB WADDINXVEEN,Henegouwerweg 93  2741 KB WADDINXVEEN,010-3073175,//https://www.kvg-houtbouw.nl,https://www.bouwendnederland.nl/vereniging/lidbedrijf-zoeken?page=154
KVG Houtbouw II B.V.,KOUDEKERK AAN DEN RIJN,Hoogewaard 196  2396 AR KOUDEKERK AAN DEN RIJN,Hoogewaard 196  2396 AR KOUDEKERK AAN DEN RIJN,,,https://www.bouwendnederland.nl/vereniging/lidbedrijf-zoeken?page=154
Kwadraat Aannemingsbedrijf B&U B.V.,LEERDAM,Techniekweg 17  4143 HW LEERDAM,Techniekweg 17  4143 HW LEERDAM,0345-622002,//www.kwadraatbouw.nl,https://www.bouwendnederland.nl/vereniging/lidbedrijf-zoeken?page=154
Kwakkenbos B.V.,HARMELEN,Harmelerwaard 1  3481 LB HARMELEN,Harmelerwaard 1  3481 LB HARMELEN,0348-441229,//www.kwakkenbos-bv.nl,https://www.bouwendnederland.nl/vereniging/lidbedrijf-zoeken?page=154
Kwakman Afbouw Volendam B.V,VOLENDAM,Hyacintenstraat 38  1131 HW VOLENDAM,Hyacintenstraat 38  1131 HW VOLENDAM,0229-374268,//www.kwakmangroep.nl,https://www.bouwendnederland.nl/vereniging/lidbedrijf-zoeken?page=154
Kwakman Afbouwgroep B.V.,VOLENDAM,Hyacintenstraat 38  1131 HW VOLENDAM,Hyacintenstraat 38  1131 HW VOLENDAM,0299-374268,//www.kwakmangroep.nl,https://www.bouwendnederland.nl/vereniging/lidbedrijf-zoeken?page=154
Kwakman Servicebouw B.V.,VOLENDAM,Hyacintenstraat 38  1131 HW VOLENDAM,Hyacintenstraat 38  1131 HW VOLENDAM,0229-374268,,https://www.bouwendnederland.nl/vereniging/lidbedrijf-zoeken?page=154
KWP Gebiedsontwikkelaars,RIJSSEN,Postbus 370  7460 AJ RIJSSEN,Reggesingel 4  7461 BA RIJSSEN,0548-540260,//www.kwp.nl,https://www.bouwendnederland.nl/vereniging/lidbedrijf-zoeken?page=154
KWS Infra Amsterdam,DIEMEN,Postbus 60  1110 AB DIEMEN,Wisselwerking 54  1112 XR DIEMEN,020-5694200,//www.kws.nl,https://www.bouwendnederland.nl/vereniging/lidbedrijf-zoeken?page=154
KWS Infra B.V.,EINDHOVEN,Postbus 217  4130 EE VIANEN UT,Dillenburgstraat 25 05 5652 AM EINDHOVEN,0347-357300,//www.kws.nl,https://www.bouwendnederland.nl/vereniging/lidbedrijf-zoeken?page=154
"KWS Infra bv, Eindhoven",EINDHOVEN,Dillenburgstraat 25 -05 5652 AM EINDHOVEN,Dillenburgstraat 25 -05 5652 AM EINDHOVEN,040-2500600,//www.kws.nl,https://www.bouwendnederland.nl/vereniging/lidbedrijf-zoeken?page=154
"KWS Infra bv, Roosendaal",ROOSENDAAL,Postbus 1352  4700 BJ ROOSENDAAL,Ziel 12  4704 RS ROOSENDAAL,0165-584000,//www.kws.nl,https://www.bouwendnederland.nl/vereniging/lidbedrijf-zoeken?page=154
"KWS Infra bv, Utrecht",UTRECHT,Postbus 39  3454 ZG DE MEERN,Groenewoudsedijk 10  3528 BG UTRECHT,030-2919600,//www.kws.nl,https://www.bouwendnederland.nl/vereniging/lidbedrijf-zoeken?page=154
"KWS Infra bv, Zwijndrecht",ZWIJNDRECHT,Postbus 158  3330 AD ZWIJNDRECHT,Ohmstraat 2 -4 3335 LT ZWIJNDRECHT,078-6250800,//www.kws.nl,https://www.bouwendnederland.nl/vereniging/lidbedrijf-zoeken?page=154
KWS Infra bv. Zwolle - Leek,MEPPEL,Blankenstein 148  7943 PE MEPPEL,Blankenstein 148  7943 PE MEPPEL,0594-587010,//www.kws.nl,https://www.bouwendnederland.nl/vereniging/lidbedrijf-zoeken?page=154
L- Groep Bouwbedrijf B.V.,'S-GRAVENHAGE,Schietlood 2  2495 AN 'S-GRAVENHAGE,Schietlood 2  2495 AN 'S-GRAVENHAGE,085-2739900,//www.l-groep.nl,https://www.bouwendnederland.nl/vereniging/lidbedrijf-zoeken?page=155
"L. van der Meer Beton-, Weg- en Waterbouw",LEMMER,Molenstraat 34 d 8913 BC LEEUWARDEN,Roggemole 6 -18 8531 WB LEMMER,,,https://www.bouwendnederland.nl/vereniging/lidbedrijf-zoeken?page=155
L.B.M. Bouw,VALKENBURG LB,Limietstraat 11  6301 PA VALKENBURG LB,Limietstraat 11  6301 PA VALKENBURG LB,043-4584878,//www.lbmbouw.nl,https://www.bouwendnederland.nl/vereniging/lidbedrijf-zoeken?page=155
Lalleman Bouw,PIJNACKER,Nobellaan 5  2641 XP PIJNACKER,Nobellaan 5  2641 XP PIJNACKER,015-3692303,//www.lallemanbouw.nl,https://www.bouwendnederland.nl/vereniging/lidbedrijf-zoeken?page=155
Lamers Bouw B.V.,ARNHEM,Conradweg 16  6827 BZ ARNHEM,Conradweg 16  6827 BZ ARNHEM,026-4436584,//www.lamersbouw.nl,https://www.bouwendnederland.nl/vereniging/lidbedrijf-zoeken?page=155
Lammertink Bouw,MARKELO,Kluunvenneweg 5 a 7475 SE MARKELO,Kluunvenneweg 5 a 7475 SE MARKELO,06-42524173,//www.lammertinkbouw.nl,https://www.bouwendnederland.nl/vereniging/lidbedrijf-zoeken?page=155
Lammertink Bouwbedrijf B.V.,'S-GRAVENHAGE,Schietlood 2  2495 AN 'S-GRAVENHAGE,Schietlood 2  2495 AN 'S-GRAVENHAGE,070-3253364,//www.lammertink-groep.nl,https://www.bouwendnederland.nl/vereniging/lidbedrijf-zoeken?page=155
Lamon Bedrijfshygiëne B.V.,RODEN,Produktieweg 8  9301 ZS RODEN,Produktieweg 8  9301 ZS RODEN,0800-2580000,,https://www.bouwendnederland.nl/vereniging/lidbedrijf-zoeken?page=155
Landheer Glas,BREDA,Goeseelsstraat 26  4817 MV BREDA,Goeseelsstraat 26  4817 MV BREDA,076-5719153,//www.landheerglas.nl,https://www.bouwendnederland.nl/vereniging/lidbedrijf-zoeken?page=155
Landslake Bouwgroep B.V.,WORMERVEER,Industrieweg 60  1521 NE WORMERVEER,Industrieweg 60  1521 NE WORMERVEER,075-6417725,//www.landslake.com,https://www.bouwendnederland.nl/vereniging/lidbedrijf-zoeken?page=155
Langenhuizen Glasservice B.V.,HEESCH,Voorste Groes 3  5384 VJ HEESCH,Voorste Groes 3  5384 VJ HEESCH,0412-452444,//www.langenhuizen.nl,https://www.bouwendnederland.nl/vereniging/lidbedrijf-zoeken?page=155
Lansink Saasveld Beheer B.V.,SAASVELD,Loodijk 2  7597 NV SAASVELD,Loodijk 2  7597 NV SAASVELD,074-3494216,//www.lansink-wegenbouw.nl,https://www.bouwendnederland.nl/vereniging/lidbedrijf-zoeken?page=155
Lansink Saasveld Holding B.V.,SAASVELD,Loodijk 2  7597 NV SAASVELD,Loodijk 2  7597 NV SAASVELD,,,https://www.bouwendnederland.nl/vereniging/lidbedrijf-zoeken?page=155
LAUDY Bouw & Ontwikkeling b.v.,SITTARD,Postbus 89  6130 AB SITTARD,Irenelaan 8  6133 BG SITTARD,088-4516900,//www.laudybouw.nl,https://www.bouwendnederland.nl/vereniging/lidbedrijf-zoeken?page=155
LaWij B.V.,WANROIJ,Lampersveldpad 5  5446 BS WANROIJ,Lampersveldpad 5  5446 BS WANROIJ,0485-471402,//www..laarakkers-wijnhoven.nl,https://www.bouwendnederland.nl/vereniging/lidbedrijf-zoeken?page=155
LBH Bouw B.V.,TER AAR,Goudsmid 2  2461 LZ TER AAR,Goudsmid 2  2461 LZ TER AAR,0172-577869,//www.lbhbouw.nl,https://www.bouwendnederland.nl/vereniging/lidbedrijf-zoeken?page=155
Lean Bouw B.V.,ROOSENDAAL,Vijfhuizenberg 171  4708 AJ ROOSENDAAL,Vijfhuizenberg 171  4708 AJ ROOSENDAAL,085-4890371,//www.leanbouw.nu,https://www.bouwendnederland.nl/vereniging/lidbedrijf-zoeken?page=155
Leanco Beheer B.V.,BUNSCHOTEN-SPAKENBURG,Ampereweg 4  3752 LR BUNSCHOTEN-SPAKENBURG,Ampereweg 4  3752 LR BUNSCHOTEN-SPAKENBURG,035-5280340,//www.bonneveld.nl,https://www.bouwendnederland.nl/vereniging/lidbedrijf-zoeken?page=155
Leeflang Bouwbedrijf B.V.,WILNIS,Christinastraat 31  3648 BA WILNIS,Christinastraat 31  3648 BA WILNIS,0297-530499,//www.leeflangbouwbedrijf.nl,https://www.bouwendnederland.nl/vereniging/lidbedrijf-zoeken?page=155
Leenhouts' Aannemings-Bedrijf B.V.,OOSTBURG,Neringweg 11  4501 PB OOSTBURG,Neringweg 11  4501 PB OOSTBURG,0117-474000,//www.leenhoutsoostburg.nl,https://www.bouwendnederland.nl/vereniging/lidbedrijf-zoeken?page=155
Leeveld B.V.,Gorinchem,A Bloemaart Corneliszstr 14  4206 XH GORINCHEM,Abraham Bloemaart Corneliszstraat  14  4206 XH Gorinchem,176-54901,//www.leeveldbv.nl,https://www.bouwendnederland.nl/vereniging/lidbedrijf-zoeken?page=156
Lek Sloopwerken B.V.,WOERDEN,Barwoutswaarder 89 a 3449 HK WOERDEN,Barwoutswaarder 89 a 3449 HK WOERDEN,0348-688843,//www.lek-sloopwerken.nl,https://www.bouwendnederland.nl/vereniging/lidbedrijf-zoeken?page=156
Lenbas B.V.,'S-GRAVENHAGE,Kranenburgweg 175  2583 ER 'S-GRAVENHAGE,Kranenburgweg 175  2583 ER 'S-GRAVENHAGE,070-3888556,//www.meesterbouw.nl,https://www.bouwendnederland.nl/vereniging/lidbedrijf-zoeken?page=156
Lendert Coppens Bouwbedrijf,DEURNE,Fabriekstraat 31  5753 AH DEURNE,Fabriekstraat 31  5753 AH DEURNE,0493-782603,//www.lendertcoppens.nl,https://www.bouwendnederland.nl/vereniging/lidbedrijf-zoeken?page=156
Lenferink Beheer Zwolle rayon Midden Nederland B.V.,ZWOLLE,Wilhelm Rontgenstraat 3 a 8013 NE ZWOLLE,Wilhelm Rontgenstraat 3 a 8013 NE ZWOLLE,038-4651455,//www.lenferink.com,https://www.bouwendnederland.nl/vereniging/lidbedrijf-zoeken?page=156
Lescon,UTRECHT,Spechtenkamp 46  3607 KC MAARSSEN,Niels Bohrweg 18 a 3542 CA UTRECHT,,,https://www.bouwendnederland.nl/vereniging/lidbedrijf-zoeken?page=156
Leune Ontwikkeling & Bouw B.V.,RIJSWIJK ZH,Verrijn Stuartlaan 19  2288 EK RIJSWIJK ZH,Verrijn Stuartlaan 19  2288 EK RIJSWIJK ZH,070-7620180,//www.leunevastgoedzorg.nl,https://www.bouwendnederland.nl/vereniging/lidbedrijf-zoeken?page=156
Levea Bouw B.V.,TER AAR,Bosveen 21  2461 HA TER AAR,Bosveen 21  2461 HA TER AAR,,,https://www.bouwendnederland.nl/vereniging/lidbedrijf-zoeken?page=156
LHV Glasgroothandel B.V.,'S-HERTOGENBOSCH,De Bloemendaal 7 a 5221 EB 'S-HERTOGENBOSCH,De Bloemendaal 7 a 5221 EB 'S-HERTOGENBOSCH,073-6233133,//www.lhvglas.nl,https://www.bouwendnederland.nl/vereniging/lidbedrijf-zoeken?page=156
Lichtenberg Bouwbedrijf,RIJSSEN,Octaanstraat 5  7463 PM RIJSSEN,Octaanstraat 5  7463 PM RIJSSEN,0548-513663,//www.bouwbedrijf-lichtenberg.nl,https://www.bouwendnederland.nl/vereniging/lidbedrijf-zoeken?page=156
Liemers Funderingstechniek B.V.,WESTERVOORT,Postbus 185  6930 AD WESTERVOORT,Mollevite 19  6931 KE WESTERVOORT,026-3121343,//www.nielspalen.nl,https://www.bouwendnederland.nl/vereniging/lidbedrijf-zoeken?page=156
Liemers Prefab Concepts B.V.,WESTERVOORT,Mollevite 19  6931 KE WESTERVOORT,Mollevite 19  6931 KE WESTERVOORT,026-3033819,//www.liemersprefabconcepts.nl,https://www.bouwendnederland.nl/vereniging/lidbedrijf-zoeken?page=156
Liemersbouw B.V.,WESTERVOORT,Postbus 185  6930 AD WESTERVOORT,Mollevite 19  6931 KE WESTERVOORT,026-3121343,//www.liemersbouw.nl,https://www.bouwendnederland.nl/vereniging/lidbedrijf-zoeken?page=156
Lier Bouw B.V.,ZWOLLE,Curieweg 11  8013 RA ZWOLLE,Curieweg 11  8013 RA ZWOLLE,,,https://www.bouwendnederland.nl/vereniging/lidbedrijf-zoeken?page=156
Limburgs Steigerbouw- en Bouwbedrijf B.V.,GELEEN,Heiweg 16  6161 DA GELEEN,Heiweg 16  6161 DA GELEEN,046-4742410,//www.lsb-groep.com,https://www.bouwendnederland.nl/vereniging/lidbedrijf-zoeken?page=156
Lindeloof Services BV,HELLEVOETSLUIS,Christiaan Huygensweg 31  3225 LD HELLEVOETSLUIS,Christiaan Huygensweg 31  3225 LD HELLEVOETSLUIS,0181-331050,//www.lindeloof-services.nl,https://www.bouwendnederland.nl/vereniging/lidbedrijf-zoeken?page=156
Linea Recta B.V.,SNEEK,Zeilmakersstraat 21  8601 WT SNEEK,Zeilmakersstraat 21  8601 WT SNEEK,0172-619238,//www.vvr.nl,https://www.bouwendnederland.nl/vereniging/lidbedrijf-zoeken?page=156
Linthorst Bouwgroep B.V.,APELDOORN,Kayersdijk 87  7332 AL APELDOORN,Kayersdijk 87  7332 AL APELDOORN,055-5393777,//www.linthorst.com,https://www.bouwendnederland.nl/vereniging/lidbedrijf-zoeken?page=156
Lips Aannemersbedrijf B.V.,DUIVEN,'t Holland 4  6921 GW DUIVEN,'t Holland 4  6921 GW DUIVEN,0316-849546,//www.lipsaannemers.nl,https://www.bouwendnederland.nl/vereniging/lidbedrijf-zoeken?page=156
Liva Bouw B.V.,AMSTERDAM,Bolstoen 26 E 1046 AT AMSTERDAM,Bolstoen 26 E 1046 AT AMSTERDAM,020-2440328,//www.livabouw.nl,https://www.bouwendnederland.nl/vereniging/lidbedrijf-zoeken?page=156
LL20 B.V.,VALKENBURG LB,De Valkenberg 8 D 6301 PM VALKENBURG LB,De Valkenberg 8 D 6301 PM VALKENBURG LB,043-4091955,//www.LL20.nl,https://www.bouwendnederland.nl/vereniging/lidbedrijf-zoeken?page=157
Locabouw B.V.,SITTARD,Parijsboulevard 103  6135 LJ SITTARD,Parijsboulevard 103  6135 LJ SITTARD,,,https://www.bouwendnederland.nl/vereniging/lidbedrijf-zoeken?page=157
Lodewijk Geveke Verbouw en Onderhoud B.V.,HAREN GN,Postbus 19  9750 AA HAREN GN,Postbus 19  9750 AA HAREN GN,050-5260600,,https://www.bouwendnederland.nl/vereniging/lidbedrijf-zoeken?page=157
Lofens Projectbouw B.V.,ZAANDAM,Oud Zaenden 1  1506 PE ZAANDAM,Oud Zaenden 1  1506 PE ZAANDAM,075-2040873,//www.lofens.nl,https://www.bouwendnederland.nl/vereniging/lidbedrijf-zoeken?page=157
Logchies Renovatiewerken B.V.,BEVERWIJK,Gooiland 10  1948 RC BEVERWIJK,Gooiland 10  1948 RC BEVERWIJK,0251-264000,//www.logchies.nl,https://www.bouwendnederland.nl/vereniging/lidbedrijf-zoeken?page=157
Lokhoff B.V.,SCHIJNDEL,Kanaaldijk zuid 3 a 5482 ZW SCHIJNDEL,Kanaaldijk Zuid 3 A 5482 ZW SCHIJNDEL,073-5992177,//www.lokhoff.eu,https://www.bouwendnederland.nl/vereniging/lidbedrijf-zoeken?page=157
Lolkema B.V. Aannemingsbedrijf,OUDESCHOOT,Schoterlandseweg 62  8451 KC OUDESCHOOT,Schoterlandseweg 62  8451 KC OUDESCHOOT,0513-632022,//www.lolkema.nl,https://www.bouwendnederland.nl/vereniging/lidbedrijf-zoeken?page=157
Loodeck B.V.,OBDAM,Butter 25  1713 GM OBDAM,Butter 25 Obdam  1713 GM OBDAM,0226-451753,//www.loodeck.nl,https://www.bouwendnederland.nl/vereniging/lidbedrijf-zoeken?page=157
Loomans Betonboringen B.V.,EINDHOVEN,Leemkuil 13  5626 EA EINDHOVEN,Leemkuil 13  5626 EA EINDHOVEN,040-2112726,//www.loomans.nl,https://www.bouwendnederland.nl/vereniging/lidbedrijf-zoeken?page=157
Loomans Bouwbedrijf B.V.,EINDHOVEN,Leemkuil 13  5626 EA EINDHOVEN,Leemkuil 13  5626 EA EINDHOVEN,040-2112726,//www.loomans.nl,https://www.bouwendnederland.nl/vereniging/lidbedrijf-zoeken?page=157
Loonbedrijf W.N. Dijkshoorn B.V.,BERGSCHENHOEK,Rottebandreef 29  2661 GS BERGSCHENHOEK,Rottebandreef 29  2661 GS BERGSCHENHOEK,010-5216011,//www.wndijkshoornbv.nl,https://www.bouwendnederland.nl/vereniging/lidbedrijf-zoeken?page=157
Loostad B.V.,APELDOORN,Postbus 485  7300 AL APELDOORN,Boogschutterstraat 44  7324 BA APELDOORN,055-3683800,//www.loostad.nl,https://www.bouwendnederland.nl/vereniging/lidbedrijf-zoeken?page=157
Löwik Bouw,ALMELO,Postbus 352  7600 AJ ALMELO,Bedrijvenpark Twente  429  7602 KM ALMELO,0546-861465,//www.lowikbouw.nl,https://www.bouwendnederland.nl/vereniging/lidbedrijf-zoeken?page=157
Lubbers Bouw,Etten,Beethovenlaan 58  7075 BE ETTEN GLD,Beethovenlaan 58  7075BE Etten,0315-340154,//www.lubbers-bouw.nl,https://www.bouwendnederland.nl/vereniging/lidbedrijf-zoeken?page=157
Luitjes Projectbouw B.V.,DE GOORN,Rietsikkel 25  1648 HD DE GOORN,Vlakdissel 10 H 1648 HJ DE GOORN,0229-769049,//www.luitjesprojectbouw.nl,https://www.bouwendnederland.nl/vereniging/lidbedrijf-zoeken?page=157
Lutterman Tegels B.V.,DEN HELDER,Industrieweg 12  1785 AG DEN HELDER,Industrieweg 12  1785 AG DEN HELDER,0223-636300,//www.lutterman.nl,https://www.bouwendnederland.nl/vereniging/lidbedrijf-zoeken?page=157
LvS Bouwmanagement,ROTTERDAM,Baljuwplein 60  3033 XD ROTTERDAM,Baljuwplein 60  3033 XD ROTTERDAM,,,https://www.bouwendnederland.nl/vereniging/lidbedrijf-zoeken?page=157
M & S Construction VOF,AMSTERDAM,Charles Leickertstraat 42 -2 1062 BD AMSTERDAM,Charles Leickertstraat 42 -2 1062 BD AMSTERDAM,,,https://www.bouwendnederland.nl/vereniging/lidbedrijf-zoeken?page=157
M&Z Bouw B.V.,RIDDERKERK,Rietdekkerstraat 3  2984 BM RIDDERKERK,Rietdekkerstraat 3  2984 BM RIDDERKERK,078-6990027,//https://mzbouw.nl,https://www.bouwendnederland.nl/vereniging/lidbedrijf-zoeken?page=157
M.A. Bijl Beheer B.V.,SCHIEDAM,Fokkerstraat 487  3125 BD SCHIEDAM,Fokkerstraat 487  3125 BD SCHIEDAM,,,https://www.bouwendnederland.nl/vereniging/lidbedrijf-zoeken?page=157
M.C. Dienstverlening,ALMERE,Sprotstraat 2  1317 HC ALMERE,Sprotstraat 2  1317 HC ALMERE,,,https://www.bouwendnederland.nl/vereniging/lidbedrijf-zoeken?page=158
M.G. Sterk & Zoon B.V.,DEN HOORN ZH,Vrij-Harnasch 114 d 2635 BZ DEN HOORN ZH,Vrij-Harnasch 114 d 2635 BZ DEN HOORN ZH,070-3233045,//www.sterkglas.nl,https://www.bouwendnederland.nl/vereniging/lidbedrijf-zoeken?page=158
M.H. Hoogeboom Raalte B.V.,RAALTE,Boeierstraat 5  8102 HS RAALTE,Boeierstraat 5  8102 HS RAALTE,0572-352250,//www.hoogeboom-raalte.nl,https://www.bouwendnederland.nl/vereniging/lidbedrijf-zoeken?page=158
M.J. de Nijs en Zn Holding B.V.,WARMENHUIZEN,Postbus 1  1749 ZG WARMENHUIZEN,Oudewal 21  1749 CA WARMENHUIZEN,0226-397000,//www.denijs.nl,https://www.bouwendnederland.nl/vereniging/lidbedrijf-zoeken?page=158
M.J. de Nijs Projectontwikkeling BV,WARMENHUIZEN,Postbus 1  1749 ZG WARMENHUIZEN,Oudewal 21  1749 CA WARMENHUIZEN,0226-397000,//www.denijs.nl,https://www.bouwendnederland.nl/vereniging/lidbedrijf-zoeken?page=158
M.J. Oomen Groep,SPRUNDEL,Luienhoeksestraat 10  4714 TE SPRUNDEL,Luienhoeksestraat 10  4714 TE SPRUNDEL,0165-382766,//www.mjoomen.nl,https://www.bouwendnederland.nl/vereniging/lidbedrijf-zoeken?page=158
M.J. Oomen Moerdijk,ZEVENBERGEN,Distriboulevard 13  4761 RZ ZEVENBERGEN,Distriboulevard 13  4761 RZ ZEVENBERGEN,0168-356570,,https://www.bouwendnederland.nl/vereniging/lidbedrijf-zoeken?page=158
M.J. Oomen riool- en betontechniek B.V.,ROOSENDAAL,Ziel 12  4704 RS ROOSENDAAL,Ziel 12  4704 RS ROOSENDAAL,0165-382766,//www.mjoomen.nl,https://www.bouwendnederland.nl/vereniging/lidbedrijf-zoeken?page=158
M.J. van Dorst Holding B.V.,ROSMALEN,Nieuwendijk 16  5241 BB ROSMALEN,Nieuwendijk 16  5241 BB ROSMALEN,073-5222219,,https://www.bouwendnederland.nl/vereniging/lidbedrijf-zoeken?page=158
M.W.J. Haafkes Beheer B.V.,GEESTEREN OV,Beekstraat 3  7678 AZ GEESTEREN OV,Beekstraat 3  7678 AZ GEESTEREN OV,0546-488844,//www.bouwbedrijfkamphuis.nl,https://www.bouwendnederland.nl/vereniging/lidbedrijf-zoeken?page=158
M2 Bouw,DEDEMSVAART,Einsteinstraat 7  7701 SB DEDEMSVAART,Einsteinstraat 7   7701 SB DEDEMSVAART,0523-614779,//www.m2bouw.nl,https://www.bouwendnederland.nl/vereniging/lidbedrijf-zoeken?page=158
M2M building & design BV,UITHOORN,Handelsweg 12  1422 DW UITHOORN,Handelsweg 12  1422 DW UITHOORN,020-2106006,//https://m2mbuilding.nl,https://www.bouwendnederland.nl/vereniging/lidbedrijf-zoeken?page=158
Ma. Jo. Holding B.V.,GOES,Oostsingel 118  4461 KG GOES,Oostsingel 118  4461 KG GOES,,,https://www.bouwendnederland.nl/vereniging/lidbedrijf-zoeken?page=158
Maarssen's Bouwbedrijf B.V.,MAARSSEN,Westkanaaldijk 19  3606 AL MAARSSEN,Westkanaaldijk 19  3606 AL MAARSSEN,0346-562744,//www.mbb.nl,https://www.bouwendnederland.nl/vereniging/lidbedrijf-zoeken?page=158
Maas Holding B.V.,LANGEWEG,Hazeldonk 5  4772 PA LANGEWEG,Hazeldonk 5  4772 PA LANGEWEG,0168-820990,//www.maasbv.eu,https://www.bouwendnederland.nl/vereniging/lidbedrijf-zoeken?page=158
Maas Onroerend Goed B.V.,LANGEWEG,Hazeldonk 5  4772 PA LANGEWEG,Hazeldonk 5  4772 PA LANGEWEG,,,https://www.bouwendnederland.nl/vereniging/lidbedrijf-zoeken?page=158
Maas-Jacobs Bouwbedrijf B.V.,ZUNDERT,de Ambachten 31  4881 XZ ZUNDERT,de Ambachten 31  4881 XZ ZUNDERT,076-5975200,//www.maasjacobs.nl,https://www.bouwendnederland.nl/vereniging/lidbedrijf-zoeken?page=158
Maas-Jacobs Groep B.V.,ZUNDERT,de Ambachten 31  4881 XZ ZUNDERT,de Ambachten 31  4881 XZ ZUNDERT,,,https://www.bouwendnederland.nl/vereniging/lidbedrijf-zoeken?page=158
Maas-Jacobs Holding B.V.,ZUNDERT,De Ambachten 31  4881 XZ ZUNDERT,De Ambachten 31  4881 XZ ZUNDERT,076-5975200,//www.maasjacobs.nl,https://www.bouwendnederland.nl/vereniging/lidbedrijf-zoeken?page=158
Maas-Jacobs Kunst Kozijnen B.V.,ZUNDERT,De Ambachten 31  4881 XZ ZUNDERT,De Ambachten 31  4881 XZ ZUNDERT,076-5975200,//www.maas-jacobs.nl,https://www.bouwendnederland.nl/vereniging/lidbedrijf-zoeken?page=158
Maasdam Bouw,NIEUW-BEIJERLAND,van Wassenhovenstraat 12  3264 AS NIEUW-BEIJERLAND,van Wassenhovenstraat 12  3264 AS NIEUW-BEIJERLAND,0186-680853,//www.maasdambouw.nl,https://www.bouwendnederland.nl/vereniging/lidbedrijf-zoeken?page=159
Maasveste Berben B.V.,SINT ODILIENBERG,Postbus 31  6040 AA ROERMOND,'t Sittert 6  6077 NN SINT ODILIENBERG,0475-538900,//www.maasvesteberbenbouw.nl,https://www.bouwendnederland.nl/vereniging/lidbedrijf-zoeken?page=159
Maasveste Berben Bouw B.V.,SINT ODILIENBERG,Postbus 31  6040 AA ROERMOND,'t Sittert 6  6077 NN SINT ODILIENBERG,0475-538900,//www.maasvesteberbenbouw.nl,https://www.bouwendnederland.nl/vereniging/lidbedrijf-zoeken?page=159
Maasveste Berben Groep B.V.,SINT ODILIENBERG,Postbus 31  6040 AA ROERMOND,'t Sittert 6  6077 NN SINT ODILIENBERG,0475-538900,//www.maasvesteberbenbouw.nl,https://www.bouwendnederland.nl/vereniging/lidbedrijf-zoeken?page=159
Mabibouw,VLEUTEN,Couperusstraat 2  3451 AW VLEUTEN,Couperusstraat 2  3451 AW VLEUTEN,030-6775544,//www.wijwillenbouwen.nl,https://www.bouwendnederland.nl/vereniging/lidbedrijf-zoeken?page=159
Macadam B.V.,BAKKEVEEN,Mandefjild 5  9243 SC BAKKEVEEN,Mandefjild 5  9243 SC BAKKEVEEN,0516-541799,//www.macadambv.nl,https://www.bouwendnederland.nl/vereniging/lidbedrijf-zoeken?page=159
Madema Steigerwerken B.V.,MIDDELHARNIS,Zernikeweg 39  3241 MG MIDDELHARNIS,Zernikeweg 39  3241 MG MIDDELHARNIS,0187-630268,//www.madema.nl,https://www.bouwendnederland.nl/vereniging/lidbedrijf-zoeken?page=159
Mammoet Montage B.V.,ETTEN-LEUR,Munnikenheiweg 32  4879 NG ETTEN-LEUR,Munnikenheiweg 32  4879 NG ETTEN-LEUR,075-5085020,//www.mammoet.com,https://www.bouwendnederland.nl/vereniging/lidbedrijf-zoeken?page=159
Manchies Kozijnen V.O.F.,SITTARD,Dr. Nolenslaan 157 E 6136 GM SITTARD,Dr. Nolenslaan 157 E 6136 GM SITTARD,046-2021138,,https://www.bouwendnederland.nl/vereniging/lidbedrijf-zoeken?page=159
Mansvelt Infra-ontwikkeling en Management B.V.,WEERT,Fahrenheitstraat 22  6003 DC WEERT,Fahrenheitstraat 22  6003 DC WEERT,047-5317452,//www.mansvelt-infra.com,https://www.bouwendnederland.nl/vereniging/lidbedrijf-zoeken?page=159
Manupro B.V.,EDE GLD,Fahrenheitstraat 8  6716 BR EDE GLD,Fahrenheitstraat 8  6716 BR EDE GLD,0318-734290,//www.manupro.nl,https://www.bouwendnederland.nl/vereniging/lidbedrijf-zoeken?page=159
Marco Terpstra Bouw B.V.,TZUM,Slotwei 3  8804 RB TZUM,Slotwei 3  8804 RB TZUM,,,https://www.bouwendnederland.nl/vereniging/lidbedrijf-zoeken?page=159
Mario Wesseling Bouwbedrijf BV,HAAKSBERGEN,Tolstraat 14  7482 DB HAAKSBERGEN,Tolstraat 14  7482 DB HAAKSBERGEN,053-5740922,//www.mariowesseling.nl,https://www.bouwendnederland.nl/vereniging/lidbedrijf-zoeken?page=159
Maris Infra BV,ALMELO,Planthofsweg 32  7601 PK ALMELO,Planthofsweg 32  7601 PK ALMELO,0546-792792,//www.marisinfra.nl,https://www.bouwendnederland.nl/vereniging/lidbedrijf-zoeken?page=159
Mark van Lier Aannemersbedrijf B.V.,KRONENBERG,Simonsstraat 37 A 5976 NW KRONENBERG,Simonsstraat 37 A 5976 NW KRONENBERG,077-4673607,//www.markvanlier.nl,https://www.bouwendnederland.nl/vereniging/lidbedrijf-zoeken?page=159
Markeer Traffic Service,SCHIEDAM,Calandstraat 117  3125 BA SCHIEDAM,Calandstraat 117  3125 BA SCHIEDAM,010-4378377,//www.markeer.nl,https://www.bouwendnederland.nl/vereniging/lidbedrijf-zoeken?page=159
Marku Bouw B.V.,LICHTENVOORDE,Postbus 69  7130 AB LICHTENVOORDE,Mercatorstraat 9  7131 PW LICHTENVOORDE,0544-356000,//www.marku.nl,https://www.bouwendnederland.nl/vereniging/lidbedrijf-zoeken?page=159
Markus Projecten B.V.,ZWANENBURG,Postbus 27  1160 AA ZWANENBURG,Leeweg 2  1161 AB ZWANENBURG,,,https://www.bouwendnederland.nl/vereniging/lidbedrijf-zoeken?page=159
MarQant B.V.,Bosschenhoofd,Jankenberg 25  4661 KS HALSTEREN,Bredasebaan 8  4744 RZ Bosschenhoofd,076-7002919,//www.marqantbouw.nl,https://www.bouwendnederland.nl/vereniging/lidbedrijf-zoeken?page=159
Marquette Bouw B.V.,ALMELO,Bedrijvenpark Twente 331  7602 KL ALMELO,Bedrijvenpark Twente 331  7602 KL ALMELO,0546-574130,//www.marquette-bouw.nl,https://www.bouwendnederland.nl/vereniging/lidbedrijf-zoeken?page=159
Marten Klussen en Tuin,ZOETERMEER,Lyonpad 18  2711 CG ZOETERMEER,Lyonpad 18  2711 CG ZOETERMEER,000-0000000,//http://www.martenklussenentuin.nl/nl-NL/home,https://www.bouwendnederland.nl/vereniging/lidbedrijf-zoeken?page=160
Martens Bouw B.V.,BEUGEN,het Ven 1  5835 CK BEUGEN,het Ven 1  5835 CK BEUGEN,0485-361376,//www.martensbouw.nl,https://www.bouwendnederland.nl/vereniging/lidbedrijf-zoeken?page=160
Martens en Van Oord Aannemingsbedrijf B.V.,OOSTERHOUT NB,Postbus 326  4900 AH OOSTERHOUT NB,Damweg 50  4905 BS OOSTERHOUT NB,0162-474747,//www.mvogroep.nl,https://www.bouwendnederland.nl/vereniging/lidbedrijf-zoeken?page=160
Martens en Van Oord Groep B.V.,OOSTERHOUT NB,Postbus 326  4900 AH OOSTERHOUT NB,Damweg 50  4905 BS OOSTERHOUT NB,0162-474747,//www.mvogroep.nl,https://www.bouwendnederland.nl/vereniging/lidbedrijf-zoeken?page=160
Martens en Van Oord Holding B.V.,OOSTERHOUT NB,Postbus 326  4900 AH OOSTERHOUT NB,Damweg 50  4905 BS OOSTERHOUT NB,0162-474747,//www.mvogroep.nl,https://www.bouwendnederland.nl/vereniging/lidbedrijf-zoeken?page=160
Martens en Van Oord Materieel B.V.,OOSTERHOUT NB,Postbus 326  4900 AH OOSTERHOUT NB,Damweg 50  4905 BS OOSTERHOUT NB,0162-474747,//www.mvogroep.nl,https://www.bouwendnederland.nl/vereniging/lidbedrijf-zoeken?page=160
Martens en Van Oord Transport b.v.,OOSTERHOUT NB,Postbus 326  4900 AH OOSTERHOUT NB,Damweg 50  4905 BS OOSTERHOUT NB,0162-474747,//www.mvogroep.nl,https://www.bouwendnederland.nl/vereniging/lidbedrijf-zoeken?page=160
Martin Dekker Bouwbedrijf,Heerhugowaard,De Wolfshop 38  1704 CK Heerhugowaard,De Wolfshop 38  1704 CK Heerhugowaard,061-1188540,//www.dekkerbouwbedrijf.nl,https://www.bouwendnederland.nl/vereniging/lidbedrijf-zoeken?page=160
MaSa Bouw BV,AMSTERDAM,Stoombootweg 53  1035 TV AMSTERDAM,Stoombootweg 53  1035 TV AMSTERDAM,020-7840082,//www.masabouw.nl,https://www.bouwendnederland.nl/vereniging/lidbedrijf-zoeken?page=160
Mateboer Bouw BV,KAMPEN,Postbus 99  8260 AB KAMPEN,Ambachtsstraat 27  8263 AJ KAMPEN,038-3315020,//www.mateboer.nl,https://www.bouwendnederland.nl/vereniging/lidbedrijf-zoeken?page=160
Mateboer Groep B.V.,KAMPEN,Postbus 99  8260 AB KAMPEN,Ambachtsstraat 27  8263 AJ KAMPEN,038-3315020,//www.mateboer.nl,https://www.bouwendnederland.nl/vereniging/lidbedrijf-zoeken?page=160
Mateboer Milieu Techniek B.V.,ALMERE,Steurstraat 7  1317 NZ ALMERE,Steurstraat 7  1317 NZ ALMERE,036-5302410,//www.mateboer.nl,https://www.bouwendnederland.nl/vereniging/lidbedrijf-zoeken?page=160
Mateboer Milieu Techniek bv,KAMPEN,Postbus 99  8260 AB KAMPEN,Ambachtsstraat 27  8263 AJ KAMPEN,038-3315020,//www.mateboer.nl,https://www.bouwendnederland.nl/vereniging/lidbedrijf-zoeken?page=160
Mateboer Projectontwikkeling BV,KAMPEN,Postbus 99  8260 AB KAMPEN,Ambachtsstraat 27  8263 AJ KAMPEN,038-3315020,//www.mateboer.nl,https://www.bouwendnederland.nl/vereniging/lidbedrijf-zoeken?page=160
Mathijs Bouw B.V.,EDAM,Nijverheidstraat 13  1135 GE EDAM,Nijverheidstraat 13  1135 GE EDAM,,,https://www.bouwendnederland.nl/vereniging/lidbedrijf-zoeken?page=160
Mathijs van den Broek Timmerwerken,VENHORST,Statenweg 56  5428 NK VENHORST,Statenweg 56  5428 NK VENHORST,324645-06 53316933,//www.mathijsvandenbroektimmerwerken.nl,https://www.bouwendnederland.nl/vereniging/lidbedrijf-zoeken?page=160
Max Bögl Nederland B.V.,AMSTERDAM,Postbus 94178 a 1090 GD AMSTERDAM,Pedro de Medinalaan 5 a 1086 XK AMSTERDAM,020-3981130,//www.max-boegl.com,https://www.bouwendnederland.nl/vereniging/lidbedrijf-zoeken?page=160
MBB Holding BV,MAARSSEN,Westkanaaldijk 19  3606 AL MAARSSEN,Westkanaaldijk 19  3606 AL MAARSSEN,0346-562744,//www.mbb.nl,https://www.bouwendnederland.nl/vereniging/lidbedrijf-zoeken?page=160
MDB B.V.,BERGAMBACHT,Postbus 4  2860 AA BERGAMBACHT,Lekdijk-Oost 21  2861 GA BERGAMBACHT,0880-998800,//www.mdb.nl,https://www.bouwendnederland.nl/vereniging/lidbedrijf-zoeken?page=160
Meekes Bouw B.V.,GROENLO,Postbus 22  7140 AA GROENLO,Banningweg 10  7142 HK GROENLO,0544-463422,//www.bouwbedrijfmeekes.nl,https://www.bouwendnederland.nl/vereniging/lidbedrijf-zoeken?page=160
Meelis Bouw en Aannemingsbedrijf,'S-GRAVENHAGE,1e de Riemerstraat 46  2513 CV 'S-GRAVENHAGE,1e de Riemerstraat 46  2513 CV 'S-GRAVENHAGE,070-3462496,,https://www.bouwendnederland.nl/vereniging/lidbedrijf-zoeken?page=161
Meens Dienstverlening,SCHINVELD,Heisterbrug 111  6365 CC SCHINNEN,Heerenweg 3  6451 GS SCHINVELD,,,https://www.bouwendnederland.nl/vereniging/lidbedrijf-zoeken?page=161
Meerbouw Pijnacker B.V.,PIJNACKER,Heulweg 12  2641 KR PIJNACKER,Heulweg 12  2641 KR PIJNACKER,015-3694040,//www.meerbouw.nl,https://www.bouwendnederland.nl/vereniging/lidbedrijf-zoeken?page=161
Meerbouw Rotterdam B.V.,ROTTERDAM,Postbus 11390  3004 EJ ROTTERDAM,Thurledeweg 101  3044 ER ROTTERDAM,010-4157681,//www.meerbouwrotterdam.nl,https://www.bouwendnederland.nl/vereniging/lidbedrijf-zoeken?page=161
Meerland Bouw B.V.,NIEUW-VENNEP,Frankweg 53  2153 PD NIEUW-VENNEP,Frankweg  53  2153 PD NIEUW-VENNEP,0252-686700,//www.meerlandbouw.nl,https://www.bouwendnederland.nl/vereniging/lidbedrijf-zoeken?page=161
Meesters in B.V.,TIENHOVEN ZH,Hogewaard 6  4235 VS TIENHOVEN ZH,Hogewaard 6  4235 VS TIENHOVEN ZH,0183-606635,,https://www.bouwendnederland.nl/vereniging/lidbedrijf-zoeken?page=161
Meijer Bouw B.V.,SASSENHEIM,Jagtlustkade 12  2171 AG SASSENHEIM,Jagtlustkade 12  2171 AG SASSENHEIM,0252-219122,//www.meijersassenheim.nl,https://www.bouwendnederland.nl/vereniging/lidbedrijf-zoeken?page=161
Meijer Bouw Holding B.V.,SASSENHEIM,Jagtlustkade 12  2171 AG SASSENHEIM,Jagtlustkade 12  2171 AG SASSENHEIM,0252-219122,//www.meijerbouw.nl,https://www.bouwendnederland.nl/vereniging/lidbedrijf-zoeken?page=161
Meijer Bouw Warmenhuizen B.V.,WARMENHUIZEN,Industriestraat 6  1749 DP WARMENHUIZEN,Industriestraat 6  1749 DP WARMENHUIZEN,0226-391424,//www.bouwbedrijfmeijer.nl,https://www.bouwendnederland.nl/vereniging/lidbedrijf-zoeken?page=161
Meijer Bouwservice Amsterdam B.V.,SASSENHEIM,Jagtlustkade 12  2171 AG SASSENHEIM,Jagtlustkade 12  2171 AG SASSENHEIM,020-6206909,//www.meijerbouwservice.nl,https://www.bouwendnederland.nl/vereniging/lidbedrijf-zoeken?page=161
Meijer Bouwservice Den Haag B.V.,'S-GRAVENZANDE,Buijs Ballotstraat 6  2693 BE 'S-GRAVENZANDE,Buijs Ballotstraat 6  2693 BE 'S-GRAVENZANDE,0174-540088,//www.meijerbouwservice.nl,https://www.bouwendnederland.nl/vereniging/lidbedrijf-zoeken?page=161
Meijer Bouwservice Rotterdam B.V.,'S-GRAVENZANDE,Postbus 156  2170 AD SASSENHEIM,Buijs Ballotstraat 6  2693 BE 'S-GRAVENZANDE,010-3030310,//https://meijerbouw.nl,https://www.bouwendnederland.nl/vereniging/lidbedrijf-zoeken?page=161
Meijer Bouwservice Sassenheim B.V.,SASSENHEIM,Jagtlustkade 12  2171 AG SASSENHEIM,Jagtlustkade 12  2171 AG SASSENHEIM,0252-219122,//www.meijerbouwservice.nl,https://www.bouwendnederland.nl/vereniging/lidbedrijf-zoeken?page=161
Meijerink Bouw &  Timmerbedrijf B.V.,OLDEHOLTPADE,Hoofdweg 203  8474 CG OLDEHOLTPADE,Hoofdweg 203  8474 CG OLDEHOLTPADE,,,https://www.bouwendnederland.nl/vereniging/lidbedrijf-zoeken?page=161
Melieste Glas,GOES,Livingstoneweg 20  4462 GL GOES,Livingstoneweg 20  4462 GL GOES,0113-227854,//www.meliesteglas.nl,https://www.bouwendnederland.nl/vereniging/lidbedrijf-zoeken?page=161
Melo Bouw B.V.,HEEMSKERK,Rijksstraatweg 199  1969 LG HEEMSKERK,Rijksstraatweg 199  1969 LG HEEMSKERK,0251-314625,//www.melobouw.nl,https://www.bouwendnederland.nl/vereniging/lidbedrijf-zoeken?page=161
Menger Bouw B.V.,IJMUIDEN,Middenhavenstraat 31 -33 1976 CK IJMUIDEN,Middenhavenstraat 31 -33 1976 CK IJMUIDEN,0255-516527,//www.mengerbouw.nl,https://www.bouwendnederland.nl/vereniging/lidbedrijf-zoeken?page=161
Menkveld Bouw B.V.,Leusden,Chromiumweg 155  3812 NM AMERSFOORT,Moerbeilaan 8  3833 AW Leusden,033-2222021,//www.menkveldbouw.nl,https://www.bouwendnederland.nl/vereniging/lidbedrijf-zoeken?page=161
Mennbouw B.V.,HULSBERG,Ravensboschstraat 20  6336 XH HULSBERG,Ravensboschstraat 20  6336 XH HULSBERG,,,https://www.bouwendnederland.nl/vereniging/lidbedrijf-zoeken?page=161
Mensink Bouwbedrijf Raalte B.V.,BROEKLAND OV,Broeklanderdijk 30 a 8107 PC BROEKLAND OV,Broeklanderdijk 30a a 8107 PC BROEKLAND OV,0572-361452,//www.mensinkbouwbedrijf.nl,https://www.bouwendnederland.nl/vereniging/lidbedrijf-zoeken?page=161
Mercuur Bouw B.V.,PURMEREND,Polderweg 3  1446 AA PURMEREND,Polderweg 3  1446 AA PURMEREND,0299-321010,//www.mercuurbouw.nl,https://www.bouwendnederland.nl/vereniging/lidbedrijf-zoeken?page=162
Merks Bouw en Timmerwerken B.V.,NULAND,Dorpstraat 14  5391 AW NULAND,Dorpstraat 14  5391 AW NULAND,073-5326294,//www.merksbouw.nl,https://www.bouwendnederland.nl/vereniging/lidbedrijf-zoeken?page=162
Mertens Bouwbedrijf B.V.,WEERT,Postbus 214  6000 AE WEERT,Emmasingel 32  6001 BC WEERT,0495-579710,//www.mertens-weert.nl,https://www.bouwendnederland.nl/vereniging/lidbedrijf-zoeken?page=162
MET Bouw B.V.,DIEMEN,Sniep 29  1112 AC DIEMEN,Sniep 29  1112 AC DIEMEN,020-2614755,//www.metgroep.nl,https://www.bouwendnederland.nl/vereniging/lidbedrijf-zoeken?page=162
MetaDecor B.V.,KAMPEN,Postbus 59  8260 AB KAMPEN,Eckertstraat 75  8263 CB KAMPEN,038-3318181,//www.metadecor.nl,https://www.bouwendnederland.nl/vereniging/lidbedrijf-zoeken?page=162
Metal Yapi NL B.V.,BREDA,Zinkstraat 20  4823 AD BREDA,Zinkstraat 20  4823 AD BREDA,020-2137131,//www.metalyapi.com,https://www.bouwendnederland.nl/vereniging/lidbedrijf-zoeken?page=162
Metsel en Aannemersbedrijf Hooikaas B.V.,PAPENDRECHT,Ketelweg 31  3356 LD PAPENDRECHT,Ketelweg 31  3356 LD PAPENDRECHT,078-6159118,//www.hooikaasbv.nl,https://www.bouwendnederland.nl/vereniging/lidbedrijf-zoeken?page=162
Metselbedrijf Leenman B.V.,SLIEDRECHT,Trapezium 60  3364 DL SLIEDRECHT,Trapezium 60  3364 DL SLIEDRECHT,0184-618149,//www.leenmanbv.nl,https://www.bouwendnederland.nl/vereniging/lidbedrijf-zoeken?page=162
Metselbedrijf Lukkassen BV,ANGERLO,Mariendaalseweg 10  6986 AC ANGERLO,Mariendaalseweg 10  6986 AC ANGERLO,06-30145258,,https://www.bouwendnederland.nl/vereniging/lidbedrijf-zoeken?page=162
Metselwerken Klaas Riezebos B.V.,WILSUM,Hendrik Evinkstraat 9  8274 AX WILSUM,Hendrik Evinkstraat 9  8274 AX WILSUM,038-3557247,,https://www.bouwendnederland.nl/vereniging/lidbedrijf-zoeken?page=162
Meulen Bouwbedrijf BV,WEERT,Kraanmeester 5  6004 RR WEERT,Kraanmeester 5 A 6004 RR WEERT,0495-544906,//www.meulenbouwbedrijf.nl,https://www.bouwendnederland.nl/vereniging/lidbedrijf-zoeken?page=162
MGK Bouw B.V.,WILNIS,Wilnisse Zuwe 15 c 3648 NK WILNIS,Wilnisse Zuwe 15 C 3648 NK WILNIS,020-3627777,//www.mgk-bouw.nl,https://www.bouwendnederland.nl/vereniging/lidbedrijf-zoeken?page=162
MiCasa Bouw B.V.,ALBLASSERDAM,Kelvinring 27  2952 BG ALBLASSERDAM,Kelvinring 27  2952 BG ALBLASSERDAM,078-6919835,//www.micasa.n,https://www.bouwendnederland.nl/vereniging/lidbedrijf-zoeken?page=162
Middelman Bouw,DE LUTTE,Denekamperstraat 14  7587 NB DE LUTTE,Denekamperstraat 14  7587 NB DE LUTTE,,,https://www.bouwendnederland.nl/vereniging/lidbedrijf-zoeken?page=162
Milano Infra B.V.,ZOETERMEER,Industrieweg 10  2712 LB ZOETERMEER,Industrieweg 10  2712 LB ZOETERMEER,079-7850267,//www.milanoinfrabv.nl,https://www.bouwendnederland.nl/vereniging/lidbedrijf-zoeken?page=162
Milbouw B.V.,GENNEP,Moutstraat 221  6591 HG GENNEP,Moutstraat 221  6591 HG GENNEP,0485-341223,//www.milbouw.nl,https://www.bouwendnederland.nl/vereniging/lidbedrijf-zoeken?page=162
Milieusystemen Tiel B.V.,TIEL,Polderweg 9  4005 GA TIEL,Polderweg 9  4005 GA TIEL,0344-633363,//www.milieusystemen.eu,https://www.bouwendnederland.nl/vereniging/lidbedrijf-zoeken?page=162
Minderhoud Bouw B.V.,AAGTEKERKE,Burgemeester Bosselaarstraat 22  4363 AW AAGTEKERKE,Burgemeester Bosselaarstraat 22  4363 AW AAGTEKERKE,0118-581453,//www.minderhoudbouw.nl,https://www.bouwendnederland.nl/vereniging/lidbedrijf-zoeken?page=162
Mirome Vastgoed B.V.,ASSENDELFT,Dorpsstraat 131  1566 AE ASSENDELFT,Dorpsstraat 131  1566 AE ASSENDELFT,,,https://www.bouwendnederland.nl/vereniging/lidbedrijf-zoeken?page=162
MM Nieuwbouw en Verbouwing B.V.,SINT JANSTEEN,Wilhelminastraat 96  4564 AB SINT JANSTEEN,Wilhelminastraat 96  4564 AB SINT JANSTEEN,,,https://www.bouwendnederland.nl/vereniging/lidbedrijf-zoeken?page=162
MNO Vervat - International B.V.,NIEUW VENNEP,Pondweg 1  2153 PK NIEUW-VENNEP,Pondweg 1  2153 PK NIEUW VENNEP,0252-628628,,https://www.bouwendnederland.nl/vereniging/lidbedrijf-zoeken?page=163
Mobilis B.V.,APELDOORN,Postbus 20175  7302 HD APELDOORN,Fauststraat 3  7323 BA APELDOORN,055-5382222,//www.mobilis.nl,https://www.bouwendnederland.nl/vereniging/lidbedrijf-zoeken?page=163
Mobilis B.V.,ROTTERDAM,Postbus 4346  3006 AH ROTTERDAM,Marten Meesweg 25  3068 AV ROTTERDAM,010-2908500,//www.mobilis.nl,https://www.bouwendnederland.nl/vereniging/lidbedrijf-zoeken?page=163
Mobilis B.V.,CAPELLE AAN DEN IJSSEL,Postbus 20175  7302 HD APELDOORN,Fascinatio Boulevard 522  2909 VA CAPELLE AAN DEN IJSSEL,0882-228484,//www.mobilis.nl,https://www.bouwendnederland.nl/vereniging/lidbedrijf-zoeken?page=163
Moczurad Holding B.V.,WATERINGEN,Monsterseweg 17  2291 PB WATERINGEN,Monsterseweg 17  2291 PB WATERINGEN,070-7709259,//www.renovakman.nl,https://www.bouwendnederland.nl/vereniging/lidbedrijf-zoeken?page=163
Modulo Wand- en Plafondsystemen B.V.,DEURNE,Daalder 15  5753 SZ DEURNE,Daalder 15  5753 SZ DEURNE,049-3314374,//www.heuvelafbouwgroep.nl,https://www.bouwendnederland.nl/vereniging/lidbedrijf-zoeken?page=163
Moedt B.V.,SAPPEMEER,Postbus 95  9600 AB HOOGEZAND,Noorderstraat 372  9611 AV SAPPEMEER,0598-394371,//www.moedt.nl,https://www.bouwendnederland.nl/vereniging/lidbedrijf-zoeken?page=163
Moeskops' Bouwbedrijf B.V.,BERGEIJK,Postbus 4  5570 AA BERGEIJK,Kennedylaan 10  5571 KC BERGEIJK,0497-551551,//www.moeskops.nl,https://www.bouwendnederland.nl/vereniging/lidbedrijf-zoeken?page=163
Moeskops' Bouwgroep B.V.,BERGEIJK,Postbus 4  5570 AA BERGEIJK,Kennedylaan 10  5571 KC BERGEIJK,0497-551551,//www.moeskops.nl,https://www.bouwendnederland.nl/vereniging/lidbedrijf-zoeken?page=163
Mokveld Bouw & Onderhoud B.V.,HILVERSUM,Gijsbrecht van Amstelstraat 423 -B  1216 CA HILVERSUM,Gijsbrecht van Amstelstraat 423 - B  1216 CA HILVERSUM,035-6244051,//www.mokveldbouw.nl,https://www.bouwendnederland.nl/vereniging/lidbedrijf-zoeken?page=163
Mokveld Services B.V.,NAARDEN,Cort van der Lindenlaan 66  1412 CA NAARDEN,Cort van der Lindenlaan 66  1412 CA NAARDEN,,,https://www.bouwendnederland.nl/vereniging/lidbedrijf-zoeken?page=163
Molior Groep B.V.,NIEUWKOOP,Nieuwveenseweg 55  2421 LB NIEUWKOOP,Nieuwveenseweg 55  2421 LB NIEUWKOOP,0172-520260,,https://www.bouwendnederland.nl/vereniging/lidbedrijf-zoeken?page=163
Mols Bouwbedrijf B.V.,BERKEL-ENSCHOT,Rhijnkant 17  5056 JH BERKEL-ENSCHOT,Rhijnkant 17  5056 JH BERKEL-ENSCHOT,013-5904675,//www.molsbouwbedrijf.nl,https://www.bouwendnederland.nl/vereniging/lidbedrijf-zoeken?page=163
Monkey Tree B.V.,DE GOORN,Wieder 37  1648 GA DE GOORN,Wieder 37  1648 GA DE GOORN,,,https://www.bouwendnederland.nl/vereniging/lidbedrijf-zoeken?page=163
Montagebedr. Ben van der Meijden B.V.,VEENENDAAL,Middelbuurtseweg 31  3903 LB VEENENDAAL,Middelbuurtseweg 31  3903 LB VEENENDAAL,0318-514284,,https://www.bouwendnederland.nl/vereniging/lidbedrijf-zoeken?page=163
Monto vastgoed onze zorg B.V.,SASSENHEIM,Madame Curiestraat 7 d 2171 TW SASSENHEIM,Madame Curiestraat 7 d 2171 TW SASSENHEIM,088-1130000,//www.monto.nl,https://www.bouwendnederland.nl/vereniging/lidbedrijf-zoeken?page=163
Monumentenwerk Limburg,MEERSSEN,Past Goswijn a Castrostr 1  6231 JD MEERSSEN,Past Goswijn a Castrostr 1  6231 JD MEERSSEN,-0626242097,//www.monumentenwerklimburg.nl,https://www.bouwendnederland.nl/vereniging/lidbedrijf-zoeken?page=163
Mooij & Koomen Aannemers- en Installatiebedrijf,ALKMAAR,Berenkoog 44  D 1822 BJ ALKMAAR,Berenkoog 44  D 1822 BJ ALKMAAR,072-5624231,//www.mooijenkoomen.nl,https://www.bouwendnederland.nl/vereniging/lidbedrijf-zoeken?page=163
Mooij Soest B.V.,SOEST,Zuidergracht 21 -30 3763 LS SOEST,Zuidergracht 21 -30 3763 LS SOEST,035-6019498,//www.mooijsoest.nl,https://www.bouwendnederland.nl/vereniging/lidbedrijf-zoeken?page=163
Moonen Holding B.V.,'S-HERTOGENBOSCH,Postbus 3087  5203 DB 'S-HERTOGENBOSCH,Hambakenwetering 8 G 5231 DC 'S-HERTOGENBOSCH,073-6458700,//www.bouwgroepmoonen.nl,https://www.bouwendnederland.nl/vereniging/lidbedrijf-zoeken?page=163
Moonen Onderhoud & Renovatie B.V.,'S-HERTOGENBOSCH,Postbus 1  5600 AA EINDHOVEN,Rietveldenweg 47 C 5222 AP 'S-HERTOGENBOSCH,073-6421107,//www.moonen-online.nl,https://www.bouwendnederland.nl/vereniging/lidbedrijf-zoeken?page=164
Morren Leersum B.V.,AMERONGEN,Industrieweg zuid 20  b 3958 VX AMERONGEN,Industrieweg zuid 20  b 3958 VX AMERONGEN,0343-452900,//www.schimmelbouw.nl,https://www.bouwendnederland.nl/vereniging/lidbedrijf-zoeken?page=164
Morren Totaalbouw,VEEN,Wielstraat 55  4264 AT VEEN,Wielstraat 55  4264 AT VEEN,0416-532438,//www.morrentotaalbouw.nl,https://www.bouwendnederland.nl/vereniging/lidbedrijf-zoeken?page=164
Morrenbouw B.V.,WOUDENBERG,Parallelweg 9  3931 MS WOUDENBERG,Parallelweg 9  3931 MS WOUDENBERG,033-2862614,//www.morrenbouw.nl,https://www.bouwendnederland.nl/vereniging/lidbedrijf-zoeken?page=164
Mos Grondwatertechniek B.V.,HALFWEG NH,Haarlemmerstraatweg 149 B 1165 MK HALFWEG NH,Haarlemmerstraatweg 149 b 1165 MK HALFWEG NH,020-7537980,//www.mos-grondwatertechniek.nl,https://www.bouwendnederland.nl/vereniging/lidbedrijf-zoeken?page=164
Mos Grondwatertechniek B.V.,HEINENOORD,Boonsweg 11  3274 LH HEINENOORD,Boonsweg 11  3274 LH HEINENOORD,0186-607100,//www.mos-grondwatertechniek.nl,https://www.bouwendnederland.nl/vereniging/lidbedrijf-zoeken?page=164
Mosa Glasgroothandel B.V.,ECHT,Newtonweg 15  6101 WX ECHT,Newtonweg 15  6101 WX ECHT,0475-430402,//www.mosaglas.nl,https://www.bouwendnederland.nl/vereniging/lidbedrijf-zoeken?page=164
Motshagen Glas B.V. Hilversum,HILVERSUM,Nieuwe Havenweg 14  1216 BS HILVERSUM,Nieuwe Havenweg 14  1216 BS HILVERSUM,035-6215046,//www.motshagen.nl,https://www.bouwendnederland.nl/vereniging/lidbedrijf-zoeken?page=164
Motshagen Glas en Verf B.V. Naarden,NAARDEN,Rubberstraat 7 C 1411 AL NAARDEN,Rubberstraat 7 C 1411 AL NAARDEN,035-6914065,//www.motshagen.nl,https://www.bouwendnederland.nl/vereniging/lidbedrijf-zoeken?page=164
Mourik Infra B.V.,GROOT AMMERS,Voorstraat 67  2964 AJ GROOT-AMMERS,Voorstraat 67  2964 AJ GROOT AMMERS,0184-667200,//www.mourik.com,https://www.bouwendnederland.nl/vereniging/lidbedrijf-zoeken?page=164
Mourik Infra B.V. locatie Echt,ECHT,Postbus 17  6100 AA ECHT,Trambaan 15  6101 AJ ECHT,0475-416700,//www.mourik.com,https://www.bouwendnederland.nl/vereniging/lidbedrijf-zoeken?page=164
Mourik Infra B.V. locatie Helmond,HELMOND,Beemdweg 10  5705 BJ HELMOND,Beemdweg 10  5705 BJ HELMOND,0184-667200,//www.mourik.com,https://www.bouwendnederland.nl/vereniging/lidbedrijf-zoeken?page=164
Mourik Infra B.V. locatie Hilversum,HILVERSUM,1e Loswal 3  1216 BA HILVERSUM,1e Loswal 3  1216 BA HILVERSUM,0184-667200,//www.mourik.com,https://www.bouwendnederland.nl/vereniging/lidbedrijf-zoeken?page=164
Mourik Infra B.V. locatie Waalwijk,WAALWIJK,Sluisweg 44  5145 PE WAALWIJK,Sluisweg 44  5145 PE WAALWIJK,0184-667200,//www.mourik.com,https://www.bouwendnederland.nl/vereniging/lidbedrijf-zoeken?page=164
Mouwrik Waardenburg B.V.,WAARDENBURG,Postbus 17  4180 BA WAARDENBURG,Steenweg 63  4181 AK WAARDENBURG,0418-654620,//www.mouwrik.nl,https://www.bouwendnederland.nl/vereniging/lidbedrijf-zoeken?page=164
Mouwrik Waardenburg Oost B.V.,ELST GLD,Postbus 17  4180 BA WAARDENBURG,Industrieweg Oost 21  6662 NE ELST GLD,0481-366111,//www.mouwrik.nl,https://www.bouwendnederland.nl/vereniging/lidbedrijf-zoeken?page=164
MPO BV,AMSTERDAM,Stadionweg 7  1077 RV AMSTERDAM,Stadionweg 7  1077 RV AMSTERDAM,020-6735458,//www.mulgroep.nl,https://www.bouwendnederland.nl/vereniging/lidbedrijf-zoeken?page=164
MRM Bouw en Installatie B.V.,MARGRATEN,Tromputte 14  6269 BC MARGRATEN,Tromputte 14  6269 BC MARGRATEN,,,https://www.bouwendnederland.nl/vereniging/lidbedrijf-zoeken?page=164
MSW Bouwbedrijf Smulders B.V.,OIRSCHOT,Koestraat 45 D 5688 AG OIRSCHOT,Koestraat 45 D 5688 AG OIRSCHOT,0499-573388,//http://mswbouwbedrijf.nl/,https://www.bouwendnederland.nl/vereniging/lidbedrijf-zoeken?page=164
MUG Ingenieursbureau B.V.,LEEK,Postbus 136  9350 AC LEEK,Zernikelaan 8  9351 VA LEEK,0594-552420,//www.mug.nl,https://www.bouwendnederland.nl/vereniging/lidbedrijf-zoeken?page=164
Muka Bouw,ZAANDAM,Pharus 160  1503 EC ZAANDAM,Pharus 160  1503 EC ZAANDAM,,,https://www.bouwendnederland.nl/vereniging/lidbedrijf-zoeken?page=165
Mulder Aannemersbedrijf,HENGELO OV,Engelbertsweg 7  7554 SN HENGELO OV,Engelbertsweg 7  7554 SN HENGELO OV,074-3676407,//www.mulderbouwt.nl,https://www.bouwendnederland.nl/vereniging/lidbedrijf-zoeken?page=165
Mulder Bouwbedrijf,NIJ BEETS,Domela Nieuwenhuisweg 74  9245 VC NIJ BEETS,Domela Nieuwenhuisweg 74  9245 VC NIJ BEETS,0512-462248,//www.mulderbouwbedrijf.nl,https://www.bouwendnederland.nl/vereniging/lidbedrijf-zoeken?page=165
Muller Bouw B.V.,OSS,Gotenweg 17  5342 PP OSS,Gotenweg 17  5342 PP OSS,0412-638855,//www.mullerbouw.nl,https://www.bouwendnederland.nl/vereniging/lidbedrijf-zoeken?page=165
Multiline Markering B.V.,HAVELTE,Oeveraseweg 2  7971 PA HAVELTE,Oeveraseweg 2  7971 PA HAVELTE,038-2001700,//www.multiline.nl,https://www.bouwendnederland.nl/vereniging/lidbedrijf-zoeken?page=165
Murmex B.V.,ASSENDELFT,Postbus 2  1566 ZG ASSENDELFT,Nauerna 1  1566 PB ASSENDELFT,075-6874057,//www.murmex.nl,https://www.bouwendnederland.nl/vereniging/lidbedrijf-zoeken?page=165
Muus Bouw,WORMERVEER,Rosbayerweg 148  1521 PT WORMERVEER,Rosbayerweg 148  1521 PT WORMERVEER,,,https://www.bouwendnederland.nl/vereniging/lidbedrijf-zoeken?page=165
MV Beheer B.V.,AMSTERDAM,Hoofdweg 42  1058 BD AMSTERDAM,Hoofdweg 42  1058 BD AMSTERDAM,020-6714401,,https://www.bouwendnederland.nl/vereniging/lidbedrijf-zoeken?page=165
MVB Bouw B.V.,AMSTERDAM,Ketelstraat 5  1021 JX AMSTERDAM,Ketelstraat 5  1021 JX AMSTERDAM,020-6322621,//www.MVBBouw.nl,https://www.bouwendnederland.nl/vereniging/lidbedrijf-zoeken?page=165
MVOI B.V.,GROOT-AMMERS,Postbus 2  2964 ZG GROOT-AMMERS,Edisonweg 1  2964 LK GROOT-AMMERS,085-2730900,//www.mvoi.nl,https://www.bouwendnederland.nl/vereniging/lidbedrijf-zoeken?page=165
N. Breedijk Aannemersbedrijf B.V.,HOOFDDORP,Wijkermeerstraat 35  2131 HB HOOFDDORP,Wijkermeerstraat 35  2131 HB HOOFDDORP,023-5627597,//www.nbreedijk.nl,https://www.bouwendnederland.nl/vereniging/lidbedrijf-zoeken?page=165
N. Jongbloed Aannemingsbedrijf B.V.,AMSTERDAM,Baarsjesweg 268  1058 AD AMSTERDAM,Baarsjesweg 268  1058 AD AMSTERDAM,075-6874893,//www.njongbloedbv.nl,https://www.bouwendnederland.nl/vereniging/lidbedrijf-zoeken?page=165
N.G.A. van Beek Aannemingsbedrijf B.V.,WOERDEN,Edisonweg 8  3442 AC WOERDEN,Edisonweg 8  3442 AC WOERDEN,0348-412729,//www.ngavanbeek.nl,https://www.bouwendnederland.nl/vereniging/lidbedrijf-zoeken?page=165
N.J. Kerklaan,DELFGAUW,Delftsestraatweg 135  2645 AB DELFGAUW,Delftsestraatweg 135  2645 AB DELFGAUW,,,https://www.bouwendnederland.nl/vereniging/lidbedrijf-zoeken?page=165
N.O.N.A.K. B.V.,OMMEN,Strangeweg 7  7731 GV OMMEN,Strangeweg 7  7731 GV OMMEN,0529-452150,//www.dunnewindgroep.nl,https://www.bouwendnederland.nl/vereniging/lidbedrijf-zoeken?page=165
N.R.B. Bouw B.V.,VESSEM,De Hoefse Weg 9 A 5512 CH VESSEM,De Hoefse Weg 9 A 5512 CH VESSEM,0497-644900,//www.nrbbouw.nl,https://www.bouwendnederland.nl/vereniging/lidbedrijf-zoeken?page=165
Nabben Bouwbedrijf,Belfeld,Montfortstraat 90  5951 JB BELFELD,Montfortstraat 90  5951 JB Belfeld,-54232066,//https://nabben.nl/,https://www.bouwendnederland.nl/vereniging/lidbedrijf-zoeken?page=165
Nanne Bouw- en Aannemingsbedrijf,HEILOO,Zevenhuizerlaan 97  1851 MT HEILOO,Zevenhuizerlaan 97  1851 MT HEILOO,072-5320527,//www.nannebouw.nl,https://www.bouwendnederland.nl/vereniging/lidbedrijf-zoeken?page=165
Nanterre Bouw B.V.,AMSTERDAM,Asterweg 17 A11 1031 HL AMSTERDAM,Asterweg 17 A11 1031 HL AMSTERDAM,020-3090271,//www.nanterre.nl,https://www.bouwendnederland.nl/vereniging/lidbedrijf-zoeken?page=165
NE Ruwbouwcombinatie B.V.,BUNSCHOTEN-SPAKENBURG,Energieweg 14 a 3751 LT BUNSCHOTEN-SPAKENBURG,Energieweg 14 a 3751 LT BUNSCHOTEN-SPAKENBURG,033-2996474,//www.ne-rc.nl,https://www.bouwendnederland.nl/vereniging/lidbedrijf-zoeken?page=165
Nederlandse Bouw Unie B.V.,ETTEN-LEUR,Postbus 110  4870 AC ETTEN-LEUR,Nijverheidsweg 16  4879 AR ETTEN-LEUR,076-5022888,//www.nbu.nl,https://www.bouwendnederland.nl/vereniging/lidbedrijf-zoeken?page=166
Neijhof & Visser B.V.,UITHOORN,Anton Philipsweg 3  1422 AL UITHOORN,Anton Philipsweg 3  1422 AL UITHOORN,,,https://www.bouwendnederland.nl/vereniging/lidbedrijf-zoeken?page=166
Nelis Beheer B.V.,HEEMSKERK,De Trompet 2850  1967 DD HEEMSKERK,De Trompet 2850  1967 DD HEEMSKERK,0251-248844,,https://www.bouwendnederland.nl/vereniging/lidbedrijf-zoeken?page=166
Neston Betonconservering B.V.,NUNSPEET,De Buiging 2  8072 TA NUNSPEET,De Buiging 2  8072 TA NUNSPEET,0341-268663,//www.neston.nl,https://www.bouwendnederland.nl/vereniging/lidbedrijf-zoeken?page=166
Nexus Infra B.V.,NIJVERDAL,Postbus 394  7440 AJ NIJVERDAL,Ambachtsweg 5  7442 CS NIJVERDAL,0548-618200,//www.nexusinfra.nl,https://www.bouwendnederland.nl/vereniging/lidbedrijf-zoeken?page=166
NH Bouw Groep,Broek op langedijk,Bijlestaal 22  1723 MZ Noord Scharwoude,Bijlestaal 48 A 1721 PW Broek op langedijk,085-0731913,//www.nhbg.nl,https://www.bouwendnederland.nl/vereniging/lidbedrijf-zoeken?page=166
Niboka,BENSCHOP,Benedeneind ZZ 313  3405 CL BENSCHOP,Benedeneind ZZ 313  3405 CL BENSCHOP,,,https://www.bouwendnederland.nl/vereniging/lidbedrijf-zoeken?page=166
Nicole Holding B.V.,NIJMEGEN,St. Annastraat 496  6525 ZT NIJMEGEN,St. Annastraat 496  6525 ZT NIJMEGEN,,,https://www.bouwendnederland.nl/vereniging/lidbedrijf-zoeken?page=166
Nido Projecten B.V.,HAARLEM,Diepenbrockstraat 92  2033 RE HAARLEM,Diepenbrockstraat 92  2033 RE HAARLEM,,,https://www.bouwendnederland.nl/vereniging/lidbedrijf-zoeken?page=166
Nieborg Holding B.V.,HAREN GN,Felland 4  9753 TA HAREN GN,Felland 4  9753 TA HAREN GN,050-4061041,//www.niebouw.nl,https://www.bouwendnederland.nl/vereniging/lidbedrijf-zoeken?page=166
Niebouw B.V.,HAREN GN,Felland 4  9753 TA HAREN GN,Felland 4  9753 TA HAREN GN,050-4061041,//www.niebouw.nl,https://www.bouwendnederland.nl/vereniging/lidbedrijf-zoeken?page=166
Niebouwbest,HAREN GN,Felland 4  9753 TA HAREN GN,Felland 4  9753 TA HAREN GN,050-4061041,//www.niebouw.nl,https://www.bouwendnederland.nl/vereniging/lidbedrijf-zoeken?page=166
Niels Mengerink Timmerwerken,NEEDE,Nieuwstraat 18  7161 DN NEEDE,Nieuwstraat 18  7161 DN NEEDE,,,https://www.bouwendnederland.nl/vereniging/lidbedrijf-zoeken?page=166
Niesing Bouwbedrijf BV,WOERDENSE VERLAAT,Woerdense Verlaat 1  3652 LC WOERDENSE VERLAAT,Woerdense Verlaat 1  3652 LC WOERDENSE VERLAAT,0172-408261,//www.niesing.nl,https://www.bouwendnederland.nl/vereniging/lidbedrijf-zoeken?page=166
Nieuw Nederland Realisatie,BAARN,Waldeck Pyrmontlaan 22  3743 DE BAARN,Waldeck Pyrmontlaan 22  3743 DE BAARN,035-5422026,//www.nieuw-nederland.nl,https://www.bouwendnederland.nl/vereniging/lidbedrijf-zoeken?page=166
Nieuwekozijnen.B.V.,EMMEN,Phileas Foggstraat 28 -1A 7825 AK EMMEN,Phileas Foggstraat 28 -1A 7825 AK EMMEN,085-3031240,//www.nieuwekozijnen.eu,https://www.bouwendnederland.nl/vereniging/lidbedrijf-zoeken?page=166
Nieuwenhuis Planontwikkeling B.V.,RIJSSEN,Postbus 290  7460 AG RIJSSEN,kalanderstraat 51  7461 JL RIJSSEN,0548-537900,//www.npo-planontwikkeling.nl,https://www.bouwendnederland.nl/vereniging/lidbedrijf-zoeken?page=166
Nieuwkoop Bouw B.V.,ZUIDERWOUDE,Gouw 6  1153 PK ZUIDERWOUDE,Gouw 6  1153 PK ZUIDERWOUDE,020-3541886,//www.nieuwkoopbouw.nl,https://www.bouwendnederland.nl/vereniging/lidbedrijf-zoeken?page=166
Nijhoven Bouw B.V.,VEESSEN,IJsseldijk 42  8194 LE VEESSEN,IJsseldijk 42  8194 LE VEESSEN,,,https://www.bouwendnederland.nl/vereniging/lidbedrijf-zoeken?page=166
Nijkamp Aanneming,OOSTERHOUT NB,Postbus 412  4900 AK OOSTERHOUT NB,Europark 10 /12 4904 SX OOSTERHOUT NB,076-5877150,//www.nijkampaanneming.nl,https://www.bouwendnederland.nl/vereniging/lidbedrijf-zoeken?page=166
Nijmeegs Aannemersbedrijf H.J. Giesbertz B.V.,NIJMEGEN,Ubbergseweg 64 -66 6522 KJ NIJMEGEN,Ubbergseweg 64 -66 6522 KJ NIJMEGEN,024-3221687,//www.giesbertznijmegen.bouwgarantlid.nl,https://www.bouwendnederland.nl/vereniging/lidbedrijf-zoeken?page=167
Nijs Belijning + Bebakening B.V.,MAASTRICHT,Klipperweg 14  6222 PC MAASTRICHT,Klipperweg 14  6222 PC MAASTRICHT,043-3030210,//www.nijsbb.nl,https://www.bouwendnederland.nl/vereniging/lidbedrijf-zoeken?page=167
Nijsten Bouwbedrijf B.V.,GELEEN,Postbus 1165  6160 BD GELEEN,Tomeikerweg 51  6161 RB GELEEN,046-4747242,//www.nijstenbouwbedrijf.nl,https://www.bouwendnederland.nl/vereniging/lidbedrijf-zoeken?page=167
Nikkels Bouwbedrijf B.V.,TWELLO,Zuiderlaan 1  7391 TZ TWELLO,Zuiderlaan 1  7391 TZ TWELLO,0571-277800,//www.nikkels.nl,https://www.bouwendnederland.nl/vereniging/lidbedrijf-zoeken?page=167
Nilten Bouw B.V.,HAARLEM,Prof Van der Scheerstr 219  2035 AN HAARLEM,Prof Van der Scheerstr 219  2035 AN HAARLEM,,,https://www.bouwendnederland.nl/vereniging/lidbedrijf-zoeken?page=167
Nissink Business Glass B.V.,IJSSELMUIDEN,Spoorstraat 56  8271 RH IJSSELMUIDEN,Spoorstraat 56  8271 RH IJSSELMUIDEN,038-3333343,//www.nissink.com,https://www.bouwendnederland.nl/vereniging/lidbedrijf-zoeken?page=167
Niveauglas,GROESBEEK,Hulsbroek 15 a 6562 JG GROESBEEK,Hulsbroek 15 a 6562 JG GROESBEEK,024-2125000,//www.niveaugroep.nl/glas,https://www.bouwendnederland.nl/vereniging/lidbedrijf-zoeken?page=167
Noaber Bouw B.V.,BORNE,Burenweg 6  7621 GX BORNE,Burenweg 6  7621 GX BORNE,074-2666555,//www.noaberbouw.nl,https://www.bouwendnederland.nl/vereniging/lidbedrijf-zoeken?page=167
Nobel Bouwbedrijf B.V.,BODEGRAVEN,Italieweg 27  2411 NR BODEGRAVEN,Italieweg 27  2411 NR BODEGRAVEN,0172-616562,//www.bouwbedrijfnobel.nl,https://www.bouwendnederland.nl/vereniging/lidbedrijf-zoeken?page=167
Nobel Holding Friesland B.V.,GROU,De Nije Herne 1  8831 ZS WINSUM FR,Oedsmawei 18 a 9001 ZJ GROU,,,https://www.bouwendnederland.nl/vereniging/lidbedrijf-zoeken?page=167
Nobel Projectontwikkeling Drachten B.V.,WINSUM FR,De Nije Herne 1  8831 ZS WINSUM FR,De Nije Herne 1  8831 ZS WINSUM FR,,,https://www.bouwendnederland.nl/vereniging/lidbedrijf-zoeken?page=167
Noble Bouw,AMSTERDAM,Keizersgracht 285  1016 ED AMSTERDAM,Keizersgracht 285  1016 ED AMSTERDAM,,,https://www.bouwendnederland.nl/vereniging/lidbedrijf-zoeken?page=167
Noord Hollandse Glascentrale B.V.,BEVERWIJK,Havenstraat 81 a 1948 NP BEVERWIJK,Havenstraat 81 a 1948 NP BEVERWIJK,0251-218001,//www.noordhollandseglascentrale.nl,https://www.bouwendnederland.nl/vereniging/lidbedrijf-zoeken?page=167
Noordbouw Veendam BV,VEENDAM,Schippersstraat 24  9641 HV VEENDAM,Schippersstraat 24  9641 HV VEENDAM,0598-624649,//www.noordbouw.nl,https://www.bouwendnederland.nl/vereniging/lidbedrijf-zoeken?page=167
Noorderring B.V.,GRONINGEN,Timpweg 7  9731 AK GRONINGEN,Timpweg 7  9731 AK GRONINGEN,050-2113464,//www.noorderring.nl,https://www.bouwendnederland.nl/vereniging/lidbedrijf-zoeken?page=167
Noordhout Bouw- en Aannemersbedrijf B.V.,SEROOSKERKE WALCHEREN,de Padweie 20  4353 RW SEROOSKERKE WALCHEREN,De Padweie 20  4353 RW SEROOSKERKE WALCHEREN,0118-593666,//www.noordhout.nl,https://www.bouwendnederland.nl/vereniging/lidbedrijf-zoeken?page=167
Noordman Bouw & Timmerwerken,LEIDERDORP,Rietschans 68  2352 BB LEIDERDORP,Rietschans 68  2352 BB LEIDERDORP,06-20429727,//www.noordman-bouw.nl,https://www.bouwendnederland.nl/vereniging/lidbedrijf-zoeken?page=167
Noorlander Bouw B.V.,NOORDWIJK ZH,Beethovenweg 20 B 2202 AH NOORDWIJK ZH,Beethovenweg 20 B 2202 AH NOORDWIJK ZH,071-3681884,//www.noorlandergroep.nl,https://www.bouwendnederland.nl/vereniging/lidbedrijf-zoeken?page=167
Noppen Bouw B.V.,AMSTERDAM,Marjoleinstraat 37  1034 DR AMSTERDAM,Marjoleinstraat 37  1034 DR AMSTERDAM,020-4945775,,https://www.bouwendnederland.nl/vereniging/lidbedrijf-zoeken?page=167
Notebomer's Bouw v.o.f.,SURHUISTERVEEN,Zoom 7  9231 DX SURHUISTERVEEN,Zoom 7  9231 DX SURHUISTERVEEN,0512-820221,//www.notebomersurhuisterveen.nl,https://www.bouwendnederland.nl/vereniging/lidbedrijf-zoeken?page=167
Notebomers Agrabouw B.V.,LUTJEGAST,De Wieren 18  9866 AK LUTJEGAST,De Wieren 18  9866 AK LUTJEGAST,0594-612651,//www.notebomersbouwgroep.nl,https://www.bouwendnederland.nl/vereniging/lidbedrijf-zoeken?page=168
Notebomers Bouwgroep B.V.,LUTJEGAST,De Wieren 18  9866 AK LUTJEGAST,De Wieren 18  9866 AK LUTJEGAST,0594-612651,//www.notebomersbouwgroep.nl,https://www.bouwendnederland.nl/vereniging/lidbedrijf-zoeken?page=168
Novanorm Bouwbedrijf & Bouwkundig Adviesburo BV,'S-GRAVENHAGE,Postbus 79  2260 AB LEIDSCHENDAM,Veenweg 148  2493 ZB 'S-GRAVENHAGE,070-3273161,,https://www.bouwendnederland.nl/vereniging/lidbedrijf-zoeken?page=168
Novelbouw B.V.,BAKEL,Zand 1  5761 RM BAKEL,Zand 1  5761 RM BAKEL,0492-345049,//www.novelbouw.nl,https://www.bouwendnederland.nl/vereniging/lidbedrijf-zoeken?page=168
Novo Nederland B.V.,DIEMEN,Heivlinderweg 61  1113 LS DIEMEN,Heivlinder 61  1113 LS DIEMEN,88-2252500,//www.novobouw.nl,https://www.bouwendnederland.nl/vereniging/lidbedrijf-zoeken?page=168
NTP B.V.,ENSCHEDE,Twenteweg 30  7532 ST ENSCHEDE,Twenteweg 30  7532 ST ENSCHEDE,053-4614411,//www.ntp-groep.nl,https://www.bouwendnederland.nl/vereniging/lidbedrijf-zoeken?page=168
NTP B.V.,HATTEM,Zonnevelstraat 7  8051 TB HATTEM,Zonnecelstraat 7  8051 TB HATTEM,038-4441681,//www.ntp.nl,https://www.bouwendnederland.nl/vereniging/lidbedrijf-zoeken?page=168
NTP Infra b.v.,HATTEM,Zonnecelstraat 7  8051 TB HATTEM,Zonnecelstraat 7  8051 TB HATTEM,038-4441681,//www.ntp-groep.nl,https://www.bouwendnederland.nl/vereniging/lidbedrijf-zoeken?page=168
NTP Infra Hattem,HATTEM,Zonnecelstraat 7  8051 TB HATTEM,Zonnecelstraat 7  8051 TB HATTEM,038-4441681,//www.ntp-groep.nl,https://www.bouwendnederland.nl/vereniging/lidbedrijf-zoeken?page=168
NTP Infra Zevenaar,ANGERLO,De Koppeling 18  6986 CS ANGERLO,De Koppeling 18  6986 CS ANGERLO,0313-478587,//www.ntp-groep.nl,https://www.bouwendnederland.nl/vereniging/lidbedrijf-zoeken?page=168
NTP Projecten B.V.,HATTEM,Zonnecelstraat 7  8051 TB HATTEM,Zonnecelstraat 7  8051 TB HATTEM,038-4441681,//www.ntp-groep.nl,https://www.bouwendnederland.nl/vereniging/lidbedrijf-zoeken?page=168
Nuts-Infra,ZWAAG,Jelle Zijlstraweg 47 a 1689 ZX ZWAAG,Jelle Zijlstraweg  47 A 1689ZX ZWAAG,228-4857711,//www.nuts-infra.nl,https://www.bouwendnederland.nl/vereniging/lidbedrijf-zoeken?page=168
O & R Groep BV,EINDHOVEN,Bogert 31 15 5612 LX EINDHOVEN,Bogert 31 15 5612 LX EINDHOVEN,088-0221401,//www.jansen-huybregts.nl,https://www.bouwendnederland.nl/vereniging/lidbedrijf-zoeken?page=168
OBM Verbouw en Onderhoud B.V.,WASPIK,Dwarsweg 16  5165 NM WASPIK,Dwarsweg 16  5165 NM WASPIK,0162-447945,//www.obm-bv.nl,https://www.bouwendnederland.nl/vereniging/lidbedrijf-zoeken?page=168
OCB Bouw B.V.,OMMEN,Strangeweg 14  7731 GW OMMEN,Strangeweg 14  7731 GW OMMEN,0529-452810,//www.ocb-bouw.nl,https://www.bouwendnederland.nl/vereniging/lidbedrijf-zoeken?page=168
Oceanwide Services B.V.,VLISSINGEN,Visserijkade 5  4382 ZA VLISSINGEN,Visserijkade 5  4382 ZA VLISSINGEN,0118-413748,,https://www.bouwendnederland.nl/vereniging/lidbedrijf-zoeken?page=168
Ockhuizen Grondboringen en Bronbemalingen BV,SOMEREN,Kanaalstraat 105  5711 EG SOMEREN,Kanaalstraat 105  5711 EG SOMEREN,0493-498499,//www.ockhuizen.nl,https://www.bouwendnederland.nl/vereniging/lidbedrijf-zoeken?page=168
Offeringa aannemersbedrijf B.V.,HEERHUGOWAARD,Rustenburgerweg 171  1703 RV HEERHUGOWAARD,Rustenburgerweg 171  1703 RV HEERHUGOWAARD,072-5710477,//www.offeringa.eu,https://www.bouwendnederland.nl/vereniging/lidbedrijf-zoeken?page=168
Oké Vastgoedservice B.V.,WEESP,Flevolaan 6  1382 JZ WEESP,Flevolaan 6  1382 JZ WEESP,020-6007307,//www.okebv.nl,https://www.bouwendnederland.nl/vereniging/lidbedrijf-zoeken?page=168
OkkeBouw BV,SOEST,van Straelenlaan 44  3762 CV SOEST,van Straelenlaan 44  3762 CV SOEST,,,https://www.bouwendnederland.nl/vereniging/lidbedrijf-zoeken?page=168
Okma Bouw Renovatie en Verbetering,WOUDSEND,Broerestrjitte 16  8551 RE WOUDSEND,Broerestrjitte 16  8551 RE WOUDSEND,0651-569462,//www.okmabouw.nl,https://www.bouwendnederland.nl/vereniging/lidbedrijf-zoeken?page=169
Olde Rikkert Bouw B.V.,ALMERE,Postbus 1244  1300 BE ALMERE,Vlotbrugweg 21  1332 AG ALMERE,036-5326555,//www.olderikkert.nl,https://www.bouwendnederland.nl/vereniging/lidbedrijf-zoeken?page=169
OM Beheergroep B.V.,ZAANDAM,Sluispolderweg 11 a28 1505 HJ ZAANDAM,Sluispolderweg 11 a28 1505 HJ ZAANDAM,075-6164068,//www.ombouwgroep.nl,https://www.bouwendnederland.nl/vereniging/lidbedrijf-zoeken?page=169
OM Bouwgroep B.V.,ZAANDAM,Sluispolderweg 11 a28 1505 HJ ZAANDAM,Sluispolderweg 11 a28 1505 HJ ZAANDAM,075-6164068,//www.ombouwgroep.nl,https://www.bouwendnederland.nl/vereniging/lidbedrijf-zoeken?page=169
OM Onderhoudsgroep B.V.,ZAANDAM,Sluispolderweg 11 a28 1505 HJ ZAANDAM,Sluispolderweg 11 a28 1505 HJ ZAANDAM,075-6164068,//www.ombouwgroep.nl,https://www.bouwendnederland.nl/vereniging/lidbedrijf-zoeken?page=169
Omac B.V.,GOUDA,Goejanverwelledijk 60  2807 CC GOUDA,Goejanverwelledijk 60  2807 CC GOUDA,,,https://www.bouwendnederland.nl/vereniging/lidbedrijf-zoeken?page=169
Omnia Bouw B.V.,TER AAR,Langeraarseweg 144  2461 CM TER AAR,Langeraarseweg 144  2461 CM TER AAR,,,https://www.bouwendnederland.nl/vereniging/lidbedrijf-zoeken?page=169
Onderhoud Service Spectrum,RIJSSEN,Molendijk Noord 74  7461 JE RIJSSEN,Molendijk Noord 74  7461 JE RIJSSEN,0548-513663,//www.bouwgroep-lichtenberg.nl,https://www.bouwendnederland.nl/vereniging/lidbedrijf-zoeken?page=169
Ooijevaar l bevlogen bouwers,ALKMAAR,Toermalijnstraat 10  1812 RL ALKMAAR,Toermalijnstraat 10  1812 RL ALKMAAR,072-5118696,//www.bevlogenbouwers.nl,https://www.bouwendnederland.nl/vereniging/lidbedrijf-zoeken?page=169
"Ooijevaar l bevlogen bouwers, Vestiging Hoorn",ALKMAAR,Toermalijnstraat 10  1812 RL ALKMAAR,Toermalijnstraat 10  1812 RL ALKMAAR,0229-215104,//www.bevlogenbouwers.nl,https://www.bouwendnederland.nl/vereniging/lidbedrijf-zoeken?page=169
Oome Raamsdonk B.V.,RAAMSDONKSVEER,Postbus 150  4940 AD RAAMSDONKSVEER,Keizersveer 15  4941 TA RAAMSDONKSVEER,0162-512551,//www.oomeraamsdonk.nl,https://www.bouwendnederland.nl/vereniging/lidbedrijf-zoeken?page=169
Ooms Bouw & Ontwikkeling B.V.,SCHARWOUDE,Postbus 15  1633 ZG AVENHORN,Scharwoude 16  1634 EA SCHARWOUDE,0229-547800,//http://www.oomsbouw.nl,https://www.bouwendnederland.nl/vereniging/lidbedrijf-zoeken?page=169
Ooms Bouw B.V.,SCHARWOUDE,Postbus 15  1633 ZG AVENHORN,Scharwoude 16  1634 EA SCHARWOUDE,0229-547800,//www.oomsbouw.nl,https://www.bouwendnederland.nl/vereniging/lidbedrijf-zoeken?page=169
Ooms International Holding B.V.,SCHARWOUDE,Postbus 15  1633 ZG AVENHORN,Scharwoude 16  1634 EA SCHARWOUDE,0229-547700,//www.oomsbouw.nl,https://www.bouwendnederland.nl/vereniging/lidbedrijf-zoeken?page=169
Ooms Ontwikkeling B.V.,SCHARWOUDE,Postbus 15  1633 ZG AVENHORN,Scharwoude 16  1634 EA SCHARWOUDE,0229-282726,//www.depeyler.nl,https://www.bouwendnederland.nl/vereniging/lidbedrijf-zoeken?page=169
Oost West Bouw,ENSCHEDE,Kneedweg 33  7511 CA ENSCHEDE,Parkweg 161  7545 MV ENSCHEDE,053-3033939,//www.oostwestbouw.nl,https://www.bouwendnederland.nl/vereniging/lidbedrijf-zoeken?page=169
Oosterhof Holman Beheer BV,GRIJPSKERK,Postbus 6  9843 ZG GRIJPSKERK,Kievitsweg 13  9843 HA GRIJPSKERK,0594-280123,//www.oosterhofholman.nl,https://www.bouwendnederland.nl/vereniging/lidbedrijf-zoeken?page=169
Oosterhof Holman Beton- en Waterbouw bv,HARLINGEN,Postbus 139  8860 AC HARLINGEN,Koningsweg 3  8861 KN HARLINGEN,0517-414615,//www.oosterhof-holman.nl,https://www.bouwendnederland.nl/vereniging/lidbedrijf-zoeken?page=169
Oosterhof Holman Groen B.V.,GYTSJERK,Postbus 6  9843 ZG GRIJPSKERK,Rinia van Nautaweg 2 c 9061 AE GYTSJERK,058-2561703,//www.oosterhof-holman.nl,https://www.bouwendnederland.nl/vereniging/lidbedrijf-zoeken?page=169
Oosterhof Holman Infra B.V.,GRIJPSKERK,Postbus 6  9843 ZG GRIJPSKERK,Kievitsweg 13  9843 HA GRIJPSKERK,0594-280123,//www.oosterhof-holman.nl,https://www.bouwendnederland.nl/vereniging/lidbedrijf-zoeken?page=169
Oosterhof Holman Milieutechniek B.V.,GRIJPSKERK,Postbus 6  9843 ZG GRIJPSKERK,Kievitsweg 13  9843 HA GRIJPSKERK,0594-280123,//www.oosterhof-holman.nl,https://www.bouwendnederland.nl/vereniging/lidbedrijf-zoeken?page=170
"Oosterhuis BV Aannemersbedrijf Grond-, Weg- en Waterbouw",NIJEVEEN,Kolderveense Bovenboer 31  7948 LT NIJEVEEN,Kolderveense Bovenboer 31  7948 LT NIJEVEEN,0522-491686,//www.oosterhuis-bv.nl,https://www.bouwendnederland.nl/vereniging/lidbedrijf-zoeken?page=170
Oosterveldbouw B.V.,BORNERBROEK,Tusveld 22  7627 NZ BORNERBROEK,Tusveld 22  7627 NZ BORNERBROEK,074-3841635,//www.oosterveldbouw.nl,https://www.bouwendnederland.nl/vereniging/lidbedrijf-zoeken?page=170
OPEN bouw en ontwerp B.V.,RIJEN,Parallelweg 12  5121 LD RIJEN,Parallelweg 12  5121 LD RIJEN,,,https://www.bouwendnederland.nl/vereniging/lidbedrijf-zoeken?page=170
Opleidingsbedrijf  Bouwmensen Deventer B.V.,Deventer,Schonenvaardersstraat 6  7418 CC DEVENTER,Schonenvaardersstraat 6 Opleidingsbedrijf Bouwmensen Deventer BV 7418 CC Deventer,088-0351310,//www.bouwmensen-deventer.nl,https://www.bouwendnederland.nl/vereniging/lidbedrijf-zoeken?page=170
Opleidingsvereniging Genemuiden e.o. (OVG),GENEMUIDEN,Nijverheidstraat 45  8281 JD GENEMUIDEN,Nijverheidstraat 45  8281 JD GENEMUIDEN,038-3855026,//www.ovg-genemuiden.nl,https://www.bouwendnederland.nl/vereniging/lidbedrijf-zoeken?page=170
Optima Infra,SUMAR,Solcamastraat 21 B 9262 ND SUMAR,Solcamastraat 21 B 9262 ND SUMAR,0511-232232,//www.optima-infra.nl,https://www.bouwendnederland.nl/vereniging/lidbedrijf-zoeken?page=170
Optimum Plus B.V.,ZELHEM,Dr. Grashuisstraat 28 -30 7021 CL ZELHEM,Dr. Grashuisstraat 28 -30 7021 CL ZELHEM,,,https://www.bouwendnederland.nl/vereniging/lidbedrijf-zoeken?page=170
Oranje Bouwgroep B.V.,CAPELLE AAN DEN IJSSEL,Rietbaan 10  2908 LP CAPELLE AAN DEN IJSSEL,Rietbaan 10  2908 LP CAPELLE AAN DEN IJSSEL,085-3032972,//www.oranjebouwgroep.nl,https://www.bouwendnederland.nl/vereniging/lidbedrijf-zoeken?page=170
Oranjebouw Nederland,SCHINNEN,Europastraat 26  6365 AV SCHINNEN,Europastraat 26  6365 AV SCHINNEN,,,https://www.bouwendnederland.nl/vereniging/lidbedrijf-zoeken?page=170
Ordelman Vastgoedservice & Installaties,ARNHEM,Malburgse Sluis 9  6833 KA ARNHEM,Malburgse Sluis 9  6833 KA ARNHEM,088-5017800,//www.ordelmanbv.nl,https://www.bouwendnederland.nl/vereniging/lidbedrijf-zoeken?page=170
Orion Timmerwerken,DORDRECHT,Willaertstraat 6  3314 WZ DORDRECHT,Willaertstraat 6  3314 WZ DORDRECHT,06-30251598,,https://www.bouwendnederland.nl/vereniging/lidbedrijf-zoeken?page=170
Orly en Endevoets B.V.,'S-HERTOGENBOSCH,Rietwaard 32  5236 WC 'S-HERTOGENBOSCH,Rietwaard 32  5236 WC 'S-HERTOGENBOSCH,073-6315000,//www.orlyenendevoets.nl,https://www.bouwendnederland.nl/vereniging/lidbedrijf-zoeken?page=170
Oskam Recycling B.V.,UTRECHT,Uraniumweg 27  3542 AK UTRECHT,Uraniumweg 27  3542 AK UTRECHT,030-6666666,//www.oskam.nl,https://www.bouwendnederland.nl/vereniging/lidbedrijf-zoeken?page=170
Otto & Van Trappen Aannemersbedrijf,SINT JANSTEEN,Heerlijkheid 3  4564 EL SINT JANSTEEN,Heerlijkheid 3  4564 EL SINT JANSTEEN,0114-321272,//www.ottovantrappen.nl,https://www.bouwendnederland.nl/vereniging/lidbedrijf-zoeken?page=170
Oude Wesselink Bronbemaling B.V.,GEESTEREN OV,Delmaweg 4 C 7678 RL GEESTEREN OV,Delmaweg 4 C 7678 RL GEESTEREN OV,054-6631035,,https://www.bouwendnederland.nl/vereniging/lidbedrijf-zoeken?page=170
Ouwehand Bouw Gorinchem B.V.,GORINCHEM,Papland 19  4206 CK GORINCHEM,Papland 19  4206 CK GORINCHEM,0183-631323,//www.ouwehandbouw.nl,https://www.bouwendnederland.nl/vereniging/lidbedrijf-zoeken?page=170
Ouwehand Bouw Groep B.V.,VALKENBURG ZH,Voorschoterweg 29  2235 SE VALKENBURG ZH,Voorschoterweg 29  2235 SE VALKENBURG ZH,071-4020274,//www.ouwehandbouw.nl,https://www.bouwendnederland.nl/vereniging/lidbedrijf-zoeken?page=170
Ouwehand Bouw Katwijk B.V.,VALKENBURG ZH,Voorschoterweg 29  2235 SE VALKENBURG ZH,Voorschoterweg 29  2235 SE VALKENBURG ZH,071-4020274,//www.ouwehandbouw.nl,https://www.bouwendnederland.nl/vereniging/lidbedrijf-zoeken?page=170
Ouwehand Bouw Materieel B.V.,VALKENBURG ZH,Voorschoterweg 29  2235 SE VALKENBURG ZH,Voorschoterweg 29  2235 SE VALKENBURG ZH,071-4020274,//www.ouwehandbouw.nl,https://www.bouwendnederland.nl/vereniging/lidbedrijf-zoeken?page=170
Ouwehand Bouw Plus B.V.,GORINCHEM,Papland 19  4206 CK GORINCHEM,Papland 19  4206 CK GORINCHEM,0183-631323,//www.ouwehandbouw.nl,https://www.bouwendnederland.nl/vereniging/lidbedrijf-zoeken?page=171
Ouwejan & F. de Bruijn Infra B.V.,ZEGVELD,Hoofdweg 177  T 3474 JD ZEGVELD,Hoofdweg 177  T 3474 JD ZEGVELD,0348-457950,//www.ouwejan.nl,https://www.bouwendnederland.nl/vereniging/lidbedrijf-zoeken?page=171
Ovenbouw Holland B.V.,VELSEN-NOORD,Staalstraat 150  1951 JP VELSEN-NOORD,Staalstraat 150  1951 JP VELSEN-NOORD,0251-278800,//www.ovenbouwholland.nl,https://www.bouwendnederland.nl/vereniging/lidbedrijf-zoeken?page=171
Ovenbouw IJmond B.V.,VELSEN-NOORD,Staalstraat 150  1951 JP VELSEN-NOORD,Staalstraat 150  1951 JP VELSEN-NOORD,0251-278800,//www.ovenbouwholland.nl,https://www.bouwendnederland.nl/vereniging/lidbedrijf-zoeken?page=171
Ovenbouw Modulair & Prefab Products B.V.,VELSEN-NOORD,Staalstraat 150  1951 JP VELSEN-NOORD,Staalstraat 150  1951 JP VELSEN-NOORD,0251-278800,//www.ovenbouwholland.nl,https://www.bouwendnederland.nl/vereniging/lidbedrijf-zoeken?page=171
Overmaat Betonboringen,AALTEN,Nijverheidsweg 26  7122 AB AALTEN,Nijverheidsweg 26  7122 AB AALTEN,,,https://www.bouwendnederland.nl/vereniging/lidbedrijf-zoeken?page=171
P&B Metselbedrijf B.V.,HIERDEN,Paasloweg 9  3849 RV HIERDEN,Paasloweg 9  3849 RV HIERDEN,,,https://www.bouwendnederland.nl/vereniging/lidbedrijf-zoeken?page=171
P&L Vastgoedservice & Onderhoud BV,HENDRIK-IDO-AMBACHT,Nieuwe Bosweg 10  3341 LH HENDRIK-IDO-AMBACHT,Nieuwe Bosweg 10  3341 LH HENDRIK-IDO-AMBACHT,078-6819334,//www.plvo.nl,https://www.bouwendnederland.nl/vereniging/lidbedrijf-zoeken?page=171
P&P Beheer B.V.,BREUKELEN UT,Burg Huydecoperhof 3  3604 CC MAARSSEN,Broekdijk West 28  3621 LV BREUKELEN UT,0346-241287,//www.hadek.nl,https://www.bouwendnederland.nl/vereniging/lidbedrijf-zoeken?page=171
P. Meijer Oud B.V.,BEVERWIJK,Noorderkade 12  1948 NR BEVERWIJK,Noorderkade 12  1948 NR BEVERWIJK,0251-278288,//www.pmeijer.nl,https://www.bouwendnederland.nl/vereniging/lidbedrijf-zoeken?page=171
P.C. Honcoop & Zn. B.V.,NIEUW VENNEP,Boekweitstraat 130  2153 GL NIEUW VENNEP,Boekweitstraat 130  2153 GL NIEUW VENNEP,0252-621660,//www.pchoncoop.nl,https://www.bouwendnederland.nl/vereniging/lidbedrijf-zoeken?page=171
P.C.B. Timmerwerken,SCHEEMDA,Ossevenne 9  9679 VD SCHEEMDA,Ossevenne 9  9679 VD SCHEEMDA,0597-675183,//www.pcb-timmerwerken.nl,https://www.bouwendnederland.nl/vereniging/lidbedrijf-zoeken?page=171
P.F. Scholz Bouwonderneming B.V.,IJMUIDEN,Amperestraat 11  1976 BE IJMUIDEN,Ampèrestraat 11  1976 BE IJMUIDEN,0255-531944,//www.scholz.nl,https://www.bouwendnederland.nl/vereniging/lidbedrijf-zoeken?page=171
P.F. van Hooijdonk Bouw B.V.,TILBURG,Veestraat 123  5021 PP TILBURG,Veestraat 123  5021 PP TILBURG,013-5422754,,https://www.bouwendnederland.nl/vereniging/lidbedrijf-zoeken?page=171
P.H. Kuijper Aannemerij B.V.,AMSTERDAM,H.J.E. Wenckebachweg 75  1096 AL AMSTERDAM,H.J.E. Wenckebachweg 75  1096 AL AMSTERDAM,020-6631651,//www.phk.nl,https://www.bouwendnederland.nl/vereniging/lidbedrijf-zoeken?page=171
P.J. de Koker B.V.,ASSENDELFT,,Nauerna 1  1566 PB ASSENDELFT,075-6874057,,https://www.bouwendnederland.nl/vereniging/lidbedrijf-zoeken?page=171
P.J. de Vet & Zonen Mill BV,MILL,Postbus 12  5450 AA MILL,Jochemsweg 5  5451 HW MILL,0485-451207,//www.devet-waterbeheer.nl,https://www.bouwendnederland.nl/vereniging/lidbedrijf-zoeken?page=171
P.N. Dekker en Zns B.V.,SCHAGERBRUG,Belkmerweg 136  1751 GH SCHAGERBRUG,Belkmerweg 136  1751 GH SCHAGERBRUG,0224-571303,//www.pndekker.nl,https://www.bouwendnederland.nl/vereniging/lidbedrijf-zoeken?page=171
Paans Van Oord bv,ROTTERDAM,Postbus 44137  3006 HC ROTTERDAM,Schaardijk 211  3063 NH ROTTERDAM,0888-265800,//www.paansvanoord.com,https://www.bouwendnederland.nl/vereniging/lidbedrijf-zoeken?page=171
Paardenkooper Constructies,KOCKENGEN,Gieltjesdorp 29  3628 EK KOCKENGEN,Gieltjesdorp 29  3628 EK KOCKENGEN,06-28934746,,https://www.bouwendnederland.nl/vereniging/lidbedrijf-zoeken?page=171
Paas B.V.,NIEUW-BUINEN,Postbus 50  9520 AB NIEUW BUINEN,Zuiderdiep 299  9521 AH NIEUW-BUINEN,0599-616833,//www.paasbv.com,https://www.bouwendnederland.nl/vereniging/lidbedrijf-zoeken?page=172
Painting Bouw B.V.,ZAANDAM,Sluispolderweg 5  1505 HJ ZAANDAM,Sluispolderweg 5  1505 HJ ZAANDAM,075-6313160,//www.paintinghollandgroep.nl,https://www.bouwendnederland.nl/vereniging/lidbedrijf-zoeken?page=172
Pals Onroerend Goed B.V.,MADE,Voorstraat 33  4921 SH MADE,Voorstraat 33  4921 SH MADE,0162-683385,,https://www.bouwendnederland.nl/vereniging/lidbedrijf-zoeken?page=172
Pannekoek GWW B.V.,VAASSEN,Talhoutweg 24  8171 MB VAASSEN,Talhoutweg 24  8171 MB VAASSEN,0578-578670,//www.pannekoekgww.nl,https://www.bouwendnederland.nl/vereniging/lidbedrijf-zoeken?page=172
Pannendekkersbedrijf Leemans B.V.,WIJK BIJ DUURSTEDE,Pompejus 7  3962 LX WIJK BIJ DUURSTEDE,Pompejus 7  3962 LX WIJK BIJ DUURSTEDE,0343-563377,//www.leemans-dakwerken.nl,https://www.bouwendnederland.nl/vereniging/lidbedrijf-zoeken?page=172
Park Projecten B.V.,AMSTERDAM,Veemarkt 132  1019 DE AMSTERDAM,Veemarkt 132  1019 DE AMSTERDAM,,,https://www.bouwendnederland.nl/vereniging/lidbedrijf-zoeken?page=172
Partner-Bouw B.V.,MAARSBERGEN,Haarbos 18  3953 HA MAARSBERGEN,Haarbos 18  3953 HA MAARSBERGEN,,,https://www.bouwendnederland.nl/vereniging/lidbedrijf-zoeken?page=172
Paul de Boer Bouw en Onderhoud B.V.,HAZERSWOUDE-RIJNDIJK,Rijndijk 87 a 2394 AD HAZERSWOUDE-RIJNDIJK,Rijndijk 87 a 2394 AD HAZERSWOUDE-RIJNDIJK,,,https://www.bouwendnederland.nl/vereniging/lidbedrijf-zoeken?page=172
Paul Stam Bouw B.V.,UITGEEST,Geesterweg 4 a 1911 NB UITGEEST,Geesterweg 4 a 1911 NB UITGEEST,0251-310988,//www.stambouw.com,https://www.bouwendnederland.nl/vereniging/lidbedrijf-zoeken?page=172
Paviljoen 3 B.V.,AMSTERDAM,Veemarkt 132  1019 DE AMSTERDAM,Veemarkt 132  1019 DE AMSTERDAM,,,https://www.bouwendnederland.nl/vereniging/lidbedrijf-zoeken?page=172
PBOUW B.V.,MILSBEEK,Bloemenstraat 40 b 6596 DV MILSBEEK,Bloemenstraat 40 b 6596 DV MILSBEEK,0485-513067,//www.pbouw.nl,https://www.bouwendnederland.nl/vereniging/lidbedrijf-zoeken?page=172
Pellikaan Bouwbedrijf B.V.,TILBURG,Postbus 551  5000 AN TILBURG,Prof Cobbenhagenlaan 35  5037 DB TILBURG,013-4657600,//www.pellikaan.com,https://www.bouwendnederland.nl/vereniging/lidbedrijf-zoeken?page=172
Pennings Bouw BV,ZALTBOMMEL,Valeton 9  5301 LW ZALTBOMMEL,Valeton 9  5301 LW ZALTBOMMEL,0418-840015,//www.penningsbouw.nl,https://www.bouwendnederland.nl/vereniging/lidbedrijf-zoeken?page=172
Pennings Bouwmij B.V.,Rosmalen,Friezenstraat 1 a 5249 JT ROSMALEN,Friezenstraat 1 a 5249 JT Rosmalen,073-5213656,//www.penningsbouwmij.nl,https://www.bouwendnederland.nl/vereniging/lidbedrijf-zoeken?page=172
Perfectieschilders,ROTTERDAM,Schoonheide 15  3069 KN ROTTERDAM,Schoonheide 15  3069 KN ROTTERDAM,,,https://www.bouwendnederland.nl/vereniging/lidbedrijf-zoeken?page=172
Perlo bouw,WINSSEN,Molenstraat 19 b 6645 BR WINSSEN,Molenstraat 19 b 6645 BR WINSSEN,,,https://www.bouwendnederland.nl/vereniging/lidbedrijf-zoeken?page=172
Peter Knol Bouwbedrijf B.V.,ONNEN,Dorpsweg 5  9755 PA ONNEN,Dorpsweg 5  9755 PA ONNEN,050-4042428,//www.peterknolbouwbedrijf.nl,https://www.bouwendnederland.nl/vereniging/lidbedrijf-zoeken?page=172
Peter van de Kerkhof Onderhoud & Renovatie B.V.,'S-HERTOGENBOSCH,Deutersestraat 7  5223 GV 'S-HERTOGENBOSCH,Deutersestraat 7  5223 GV 'S-HERTOGENBOSCH,073-8220668,//www.peteronderhoudenrenovatie.nl,https://www.bouwendnederland.nl/vereniging/lidbedrijf-zoeken?page=172
Peters Bouw en Onderhoud B.V.,HORST,Expeditiestraat 5  5961 PX HORST,Expeditiestraat 5  5961 PX HORST,077-3984096,//www.petersbno.nl,https://www.bouwendnederland.nl/vereniging/lidbedrijf-zoeken?page=172
Pielaat Aannemingsbedrijf,EEDE ZLD,Nijverheidsweg 7  4529 PP EEDE ZLD,Nijverheidsweg 7  4529 PP EEDE ZLD,0117-491063,//www.pielaatbouw.nl,https://www.bouwendnederland.nl/vereniging/lidbedrijf-zoeken?page=172
Pieter de Boer Bouwonderneming B.V.,ALKMAAR,Professor van der Waalsstraat 8 b 1821 BT ALKMAAR,Professor van der Waalsstraat 8 b 1821 BT ALKMAAR,072-5669070,//www.pieterdeboer.com,https://www.bouwendnederland.nl/vereniging/lidbedrijf-zoeken?page=173
Pijpers Bronbemaling B.V.,NIJKERK GLD,Nijverheidsstraat 21  3861 RJ NIJKERK GLD,Nijverheidsstraat 21  3861 RJ NIJKERK GLD,033-2452541,//www.pijpers.nl,https://www.bouwendnederland.nl/vereniging/lidbedrijf-zoeken?page=173
Pilkington Nederland B.V. Amsterdam,AMSTERDAM ZUIDOOST,Schurenbergweg 5 B 1105 AP AMSTERDAM,Schurenbergweg 5 B 1105 AP AMSTERDAM ZUIDOOST,020-3420260,//www.pilkington.com,https://www.bouwendnederland.nl/vereniging/lidbedrijf-zoeken?page=173
Pilkington Nederland B.V. Enschede,ENSCHEDE,De Hoeveler 11  7547 SB ENSCHEDE,De Hoeveler 11  7547 SB ENSCHEDE,053-4835835,//www.pilkington.nl,https://www.bouwendnederland.nl/vereniging/lidbedrijf-zoeken?page=173
Pilkington Nederland B.V. Heerenveen,HEERENVEEN,It Dok 6  8447 GL HEERENVEEN,It Dok 6  8447 GL HEERENVEEN,052-1535500,//www.pilkington.com,https://www.bouwendnederland.nl/vereniging/lidbedrijf-zoeken?page=173
Pilkington Nederland B.V. Rotterdam,ROTTERDAM,Bristolstraat 12  3047 AB ROTTERDAM,Bristolstraat 12  3047 AB ROTTERDAM,010-2451460,//www.pilkington.nl,https://www.bouwendnederland.nl/vereniging/lidbedrijf-zoeken?page=173
Plaisier Las en Montage B.V.,MIDDENMEER,Postbus 3  1775 ZG MIDDENMEER,Industrieweg 19  1775 PV MIDDENMEER,0227-501555,//www.plaisier.nl,https://www.bouwendnederland.nl/vereniging/lidbedrijf-zoeken?page=173
Plan- en Bouwgroep B.V.,UTRECHT,Postbus 10034  3505 AA UTRECHT,Herenweg 47  3513 CB UTRECHT,030-2319721,//www.pbgroep.nl,https://www.bouwendnederland.nl/vereniging/lidbedrijf-zoeken?page=173
Plat & Plat Duurzaam Vastgoedonderhoud B.V.,VOLENDAM,Postbus 141  1130 AC VOLENDAM,Morseweg 63  1131 PH VOLENDAM,0299-361525,,https://www.bouwendnederland.nl/vereniging/lidbedrijf-zoeken?page=173
Plegt Bouw B.V.,OOTMARSUM,De Mors 161  7631 BB OOTMARSUM,De Mors 161  7631 BB OOTMARSUM,0541-295000,//www.plegt.nl,https://www.bouwendnederland.nl/vereniging/lidbedrijf-zoeken?page=173
Plegt Bouwgroep B.V.,OOTMARSUM,De Mors 161  7631 BB OOTMARSUM,De Mors 161  7631 BB OOTMARSUM,0541-295000,//www.plegt.nl,https://www.bouwendnederland.nl/vereniging/lidbedrijf-zoeken?page=173
Plegt-Vos Bouwgroep B.V.,HENGELO OV,Postbus 607  7550 AP HENGELO OV,Sherwood Rangers 1  7551 KW HENGELO OV,088-5886000,//www.plegt-vos.nl,https://www.bouwendnederland.nl/vereniging/lidbedrijf-zoeken?page=173
Plegt-Vos Noord B.V.,ASSEN,Postbus 25  9400 AA ASSEN,Amerikaweg 16 d 9407 TK ASSEN,0592-377500,//www.plegt-vos.nl,https://www.bouwendnederland.nl/vereniging/lidbedrijf-zoeken?page=173
Pleijsier Bouw en Onderhoud B.V.,GENEMUIDEN,Postbus 72  8280 AB GENEMUIDEN,De Blokmat 7  8281 JH GENEMUIDEN,038-3855049,//www.pleijsierbouwenonderhoud.nl,https://www.bouwendnederland.nl/vereniging/lidbedrijf-zoeken?page=173
Ploegam Civiel B.V.,OSS,Griekenweg 25  5342 PX OSS,Griekenweg 25  5342 PX OSS,0412-455450,//www.ploegam.nl,https://www.bouwendnederland.nl/vereniging/lidbedrijf-zoeken?page=173
Plubos Beheer B.V.,ALKMAAR,Kanaaldijk 307  1825 DB ALKMAAR,Kanaaldijk 307  1825 DB ALKMAAR,072-5626656,//www.plubos.nl,https://www.bouwendnederland.nl/vereniging/lidbedrijf-zoeken?page=173
Plubos Kabeltechniek B.V.,ALKMAAR,Kanaaldijk 307  1825 DB ALKMAAR,Kanaaldijk 307  1825 DB ALKMAAR,072-5626656,//www.plubos.nl,https://www.bouwendnederland.nl/vereniging/lidbedrijf-zoeken?page=173
Plum Infra B.V.,LANDGRAAF,Postbus 137  6460 AC KERKRADE,Havikweg 16  6374 AZ LANDGRAAF,045-5313150,//www.pluminfra.nl,https://www.bouwendnederland.nl/vereniging/lidbedrijf-zoeken?page=173
PMDO Bouw B.V.,WIJK BIJ DUURSTEDE,Sluis Zuid 12  3961 MK WIJK BIJ DUURSTEDE,Sluis  zuid 12a 12 A 3961 MK WIJK BIJ DUURSTEDE,085-8224200,//www.pmdo.nl,https://www.bouwendnederland.nl/vereniging/lidbedrijf-zoeken?page=173
PMLplus Renovatiebouw B.V.,LANDGRAAF,Postbus 32061  6370 JB LANDGRAAF,Europaweg-Noord 175 A 6374 CH LANDGRAAF,045-5316811,//www.pmlplus.nl,https://www.bouwendnederland.nl/vereniging/lidbedrijf-zoeken?page=173
Poell Holding B.V.,CRUQUIUS,Postbus 195  2100 AD HEEMSTEDE,Spaarneweg 83  2142 EP CRUQUIUS,023-5410541,//www.bouwbedrijfpoell.nl,https://www.bouwendnederland.nl/vereniging/lidbedrijf-zoeken?page=174
Poell Materialen B.V.,CRUQUIUS,Postbus 195  2100 AD HEEMSTEDE,Spaarneweg 83  2142 EP CRUQUIUS,023-5410541,,https://www.bouwendnederland.nl/vereniging/lidbedrijf-zoeken?page=174
Pol Infratechniek B.V.,LEEUWARDEN,Siriusweg 2  8938 BB LEEUWARDEN,Siriusweg 2  8938 BB LEEUWARDEN,058-2848600,//www.polinfratechniek.nl,https://www.bouwendnederland.nl/vereniging/lidbedrijf-zoeken?page=174
Poland Bouw B.V.,ALKMAAR,Edisonweg 11  1821 BN ALKMAAR,Edisonweg 11  1821 BN ALKMAAR,072-5113577,//www.polandbouw.nl,https://www.bouwendnederland.nl/vereniging/lidbedrijf-zoeken?page=174
Polet Bouw en Onderhoud,ALBLASSERDAM,Baandersstraat 40  2951 VD ALBLASSERDAM,Baandersstraat 40  2951 VD ALBLASSERDAM,30-21054,//www.poletbouw.nl,https://www.bouwendnederland.nl/vereniging/lidbedrijf-zoeken?page=174
Poolen Organisatieadvies B.V.,ERMELO,Van Strijlandweg 41  3851 JN ERMELO,Van Strijlandweg 41  3851 JN ERMELO,0341-558173,//www.poolenorganisatieadvies.nl,https://www.bouwendnederland.nl/vereniging/lidbedrijf-zoeken?page=174
Poppe Bouw,DRIEBERGEN-RIJSENBURG,Middellaan 8  3971 PR DRIEBERGEN-RIJSENBURG,Middellaan 8  3971 PR DRIEBERGEN-RIJSENBURG,,,https://www.bouwendnederland.nl/vereniging/lidbedrijf-zoeken?page=174
Possehl Aannemingsmaatschappij bv,OOSTERHOUT NB,Postbus 78  4900 AB OOSTERHOUT NB,Zeilmakerijweg 9  4906 CW OOSTERHOUT NB,0162-456544,//www.possehl.nl,https://www.bouwendnederland.nl/vereniging/lidbedrijf-zoeken?page=174
Praag Bouw B.V.,HEEMSKERK,Het Aambeeld 1  1969 NC HEEMSKERK,Het Aambeeld 1  1969 NC HEEMSKERK,0251-756932,//www.praagbouw.nl,https://www.bouwendnederland.nl/vereniging/lidbedrijf-zoeken?page=174
Preeco,LIENDEN,Voorstraat 59  4033 AC LIENDEN,Voorstraat 59  4033 AC LIENDEN,,,https://www.bouwendnederland.nl/vereniging/lidbedrijf-zoeken?page=174
Prefab B.V.,BIDDINGHUIZEN,Plantweg 28  8256 SH BIDDINGHUIZEN,Plantweg 28  8256 SH BIDDINGHUIZEN,0321-330096,//www.prefab-biddinghuizen.nl,https://www.bouwendnederland.nl/vereniging/lidbedrijf-zoeken?page=174
PREFAST B.V.,HENGELO OV,Ketelmakerij 20  7553 ZP HENGELO OV,Ketelmakerij 20  7553 ZP HENGELO OV,085-0043038,,https://www.bouwendnederland.nl/vereniging/lidbedrijf-zoeken?page=174
Premier Modular (Netherlands) B.V.,HOOFDDORP,Spicalaan 39  2132 JG HOOFDDORP,Spicalaan 39  2132 JG HOOFDDORP,,,https://www.bouwendnederland.nl/vereniging/lidbedrijf-zoeken?page=174
Prestobouw B.V.,HARDINXVELD-GIESSENDAM,Dok 15  3371 EX HARDINXVELD-GIESSENDAM,Dok 15  3371 EX HARDINXVELD-GIESSENDAM,085-0709440,//www.prestobouw.nl,https://www.bouwendnederland.nl/vereniging/lidbedrijf-zoeken?page=174
PRG Bouwservice B.V.,'S-GRAVENHAGE,Jacob Mosselstraat 2  2595 RH 'S-GRAVENHAGE,Jacob Mosselstraat 2  2595 RH 'S-GRAVENHAGE,070-8701469,,https://www.bouwendnederland.nl/vereniging/lidbedrijf-zoeken?page=174
Prins Bouw B.V.,'T HARDE,Nijverheidsweg 20  8084 GW 'T HARDE,Nijverheidsweg 20  8084 GW 'T HARDE,0525-653211,//www.prinsbouwbv.nl,https://www.bouwendnederland.nl/vereniging/lidbedrijf-zoeken?page=174
Prins Bouw Ermelo B.V.,ERMELO,Zeeweg 91  3853 LK ERMELO,Zeeweg 91  3853 LK ERMELO,0341-552586,//www.prinsbouw.nl,https://www.bouwendnederland.nl/vereniging/lidbedrijf-zoeken?page=174
Prins Wonink Bouw B.V.,VORCHTEN,Kerkweg 5  8193 KJ VORCHTEN,Kerkweg 5  8193 KJ VORCHTEN,0578-631236,//www.prinswoninkbouw.nl,https://www.bouwendnederland.nl/vereniging/lidbedrijf-zoeken?page=174
Probouw Vriezenveen B.V.,VRIEZENVEEN,Westeinde 516  7671 CS VRIEZENVEEN,Westeinde 516  7671 CS VRIEZENVEEN,0546-567895,//www.probouwvriezenveen.nl,https://www.bouwendnederland.nl/vereniging/lidbedrijf-zoeken?page=174
Project-Bouw B.V.,IJmuiden,Kromhoutstraat 20  1976 BM IJMUIDEN,Kromhoutstraat 20  1976 BM IJmuiden,0255-755574,//www.project-bouw.nl,https://www.bouwendnederland.nl/vereniging/lidbedrijf-zoeken?page=174
Projectontwikkeling De Compagnon B.V.,OOSTERWOLDE FR,Postbus 151  8430 AD OOSTERWOLDE FR,Hornleger 2  8431 HL OOSTERWOLDE FR,051-6512280,,https://www.bouwendnederland.nl/vereniging/lidbedrijf-zoeken?page=175
Projectontwikkelingsbureau voor Bouwnijverheid B.V.,OEGSTGEEST,Postbus 27  2300 AA LEIDEN,Oude Vaartweg 1  2343 JD OEGSTGEEST,071-3050570,//www.pob.nl,https://www.bouwendnederland.nl/vereniging/lidbedrijf-zoeken?page=175
Pronk Aannemers B.V.,WARMENHUIZEN,Machinestraat 2  1749 DT WARMENHUIZEN,Machinestraat 2  1749 DT WARMENHUIZEN,0226-391374,,https://www.bouwendnederland.nl/vereniging/lidbedrijf-zoeken?page=175
Pronk Betontechniek B.V.,HEEMSKERK,Lijnbaan 70  1969 NG HEEMSKERK,Lijnbaan 70  1969 NG HEEMSKERK,,,https://www.bouwendnederland.nl/vereniging/lidbedrijf-zoeken?page=175
Pronk Bouw B.V.,WARMENHUIZEN,Machinestraat 2  1749 DT WARMENHUIZEN,Machinestraat 2  1749 DT WARMENHUIZEN,0226-391374,//www.pronkbouw.nl,https://www.bouwendnederland.nl/vereniging/lidbedrijf-zoeken?page=175
Pronk Projecten B.V.,WARMENHUIZEN,Machinestraat 2  1749 DT WARMENHUIZEN,Machinestraat 2  1749 DT WARMENHUIZEN,0226-391274,//www.pronkbouw.nl,https://www.bouwendnederland.nl/vereniging/lidbedrijf-zoeken?page=175
Proyeco B.V.,GRONINGEN,Moermanskweg 2 -5 9723 HM GRONINGEN,Moermanskweg 2 -5 9723 HM GRONINGEN,050-2113411,//www.proyeco.nl,https://www.bouwendnederland.nl/vereniging/lidbedrijf-zoeken?page=175
Pullen Bouw B.V.,DORDRECHT,Wieldrechtseweg 32  3316 BG DORDRECHT,Wieldrechtseweg 32  3316 BG DORDRECHT,078-6137727,//www.pullenbouw.nl,https://www.bouwendnederland.nl/vereniging/lidbedrijf-zoeken?page=175
PW Betonbouw B.V.,LEIMUIDEN,Waaier 56  2451 VW LEIMUIDEN,Waaier 56  2451 VW LEIMUIDEN,0172-578583,//www.pwbouwgroep.nl,https://www.bouwendnederland.nl/vereniging/lidbedrijf-zoeken?page=175
PW Bouw B.V.,LEIMUIDEN,Waaier 56  2451 VW LEIMUIDEN,Waaier 56  2451 VW LEIMUIDEN,0172-578583,//www.pwbouwgroep.nl,https://www.bouwendnederland.nl/vereniging/lidbedrijf-zoeken?page=175
PW Bouwgroep B.V.,LEIMUIDEN,Waaier 56  2451 VW LEIMUIDEN,Waaier 56  2451 VW LEIMUIDEN,0172-578583,//www.pwbouwgroep.nl,https://www.bouwendnederland.nl/vereniging/lidbedrijf-zoeken?page=175
Pyroguard Netherlands B.V.,EINDHOVEN,Esp 260 c 5633 AC EINDHOVEN,Esp 260 c 5633 AC EINDHOVEN,040-2888525,//www.pyroguard.nl,https://www.bouwendnederland.nl/vereniging/lidbedrijf-zoeken?page=175
QBuild De Jong Bouw B.V.,BILTHOVEN,P.C. Staalweg 118  3721 TJ BILTHOVEN,P.C. Staalweg 118  3721 TJ BILTHOVEN,030-2298989,//www.dejongbv.nl,https://www.bouwendnederland.nl/vereniging/lidbedrijf-zoeken?page=175
QBuild Holding B.V.,IJSSELSTEIN UT,Postbus 179  3400 AD IJSSELSTEIN UT,Swammerdamweg 5  3401 MP IJSSELSTEIN UT,030-6870004,//www.qbuild.nl,https://www.bouwendnederland.nl/vereniging/lidbedrijf-zoeken?page=175
QBuild Reco Herstel Apeldoorn,APELDOORN,Oude Apeldoornseweg 33 c 7333 NR APELDOORN,Oude Apeldoornseweg 33 c 7333 NR APELDOORN,055-7505810,,https://www.bouwendnederland.nl/vereniging/lidbedrijf-zoeken?page=175
QBuild Reco Herstel B.V.,IJSSELSTEIN UT,Postbus 179  3400 AD IJSSELSTEIN UT,Swammerdamweg 5  3401 MP IJSSELSTEIN UT,030-6870004,//www.reco-ch.nl,https://www.bouwendnederland.nl/vereniging/lidbedrijf-zoeken?page=175
QBuild Reco Herstel Den Bosch,'S-HERTOGENBOSCH,De Grote Beer 27  5215 MR 'S-HERTOGENBOSCH,De Grote Beer 27  5215 MR 'S-HERTOGENBOSCH,073-6911980,,https://www.bouwendnederland.nl/vereniging/lidbedrijf-zoeken?page=175
QBuild Reco Herstel Rotterdam,ROTTERDAM,Anthonetta Kuijlstraat 41  3066 GS ROTTERDAM,Anthonetta Kuijlstraat 41  3066 GS ROTTERDAM,010-2859407,,https://www.bouwendnederland.nl/vereniging/lidbedrijf-zoeken?page=175
Quadraat Bouw B.V.,HILVERSUM,Franciscusweg 10 8 1216 SK HILVERSUM,Franciscusweg 10 8 1216 SK HILVERSUM,035-2340888,,https://www.bouwendnederland.nl/vereniging/lidbedrijf-zoeken?page=175
Quality Invest B.V.,GRAAUW,Graauwsedijk 39  4569 PH GRAAUW,Graauwsedijk 39  4569 PH GRAAUW,0114-635673,,https://www.bouwendnederland.nl/vereniging/lidbedrijf-zoeken?page=175
Quick Glas B.V.,TILBURG,Boterberg 26  5047 ST TILBURG,Boterberg 26  5047 ST TILBURG,013-5721367,//www.quickglas.nl,https://www.bouwendnederland.nl/vereniging/lidbedrijf-zoeken?page=176
Quint & van Ginkel B.V.,SCHERPENZEEL GLD,Glashorst 106  3925 BV SCHERPENZEEL GLD,Glashorst 106  3925 BV SCHERPENZEEL GLD,033-2588116,//www.quintenvanginkel.nl,https://www.bouwendnederland.nl/vereniging/lidbedrijf-zoeken?page=176
R & M Bouw,ROTTERDAM,Treubstraat 22 A 3038 XZ ROTTERDAM,Treubstraat 22 A 3038 XZ ROTTERDAM,,,https://www.bouwendnederland.nl/vereniging/lidbedrijf-zoeken?page=176
R & R Bouw B.V.,VEENENDAAL,Kazemat 37  3905 NR VEENENDAAL,Kazemat 37  3905 NR VEENENDAAL,0318-510164,//www.rrbouw.nl,https://www.bouwendnederland.nl/vereniging/lidbedrijf-zoeken?page=176
R&R Bestratingen v.o.f.,POORTVLIET,Engelaarsdijk 1  4693 PS POORTVLIET,Engelaarsdijk 1  4693 PS POORTVLIET,0166-692954,//www.renrbestratingen.nl,https://www.bouwendnederland.nl/vereniging/lidbedrijf-zoeken?page=176
R&S Allround Timmerwerken,HAARLE,W.M.A. van Rijnweg 1  7448 AS HAARLE,W.M.A. van Rijnweg 1  7448 AS HAARLE,0548-595459,//www.rensallroundtimmerwerken.nl,https://www.bouwendnederland.nl/vereniging/lidbedrijf-zoeken?page=176
R. & H. Beers Aannemingsbedrijf B.V.,HEERHUGOWAARD,Middenweg 494  1704 BM HEERHUGOWAARD,Middenweg 494  1704 BM HEERHUGOWAARD,072-5711254,//www.rhbeers.nl,https://www.bouwendnederland.nl/vereniging/lidbedrijf-zoeken?page=176
R. & H. Beers Projektbouw B.V.,HEERHUGOWAARD,Middenweg 494  1704 BM HEERHUGOWAARD,Middenweg 494  1704 BM HEERHUGOWAARD,072-5711254,//www.rhbeers.nl,https://www.bouwendnederland.nl/vereniging/lidbedrijf-zoeken?page=176
R. & H. Beers Vastgoed Beheer B.V.,HEERHUGOWAARD,Middenweg 494  1704  HEERHUGOWAARD,Middenweg 494  1704 BM HEERHUGOWAARD,072-5711254,//www.rhbeers.nl,https://www.bouwendnederland.nl/vereniging/lidbedrijf-zoeken?page=176
R. Breure (Zwanenburg) Beheer B.V.,ZWANENBURG,IJweg 298  1161 GG ZWANENBURG,IJweg 298  1161 GG ZWANENBURG,023-5551326,//www.rbreure.nl,https://www.bouwendnederland.nl/vereniging/lidbedrijf-zoeken?page=176
R. Breure Aannemings- en Verhuurbedrijf B.V.,ZWANENBURG,IJweg 298  1161 GG ZWANENBURG,IJweg 298  1161 GG ZWANENBURG,023-5551326,//www.rbreure.nl,https://www.bouwendnederland.nl/vereniging/lidbedrijf-zoeken?page=176
R. Breure Infra B.V.,ZWANENBURG,IJweg 298  1161 GG ZWANENBURG,IJweg 298  1161 GG ZWANENBURG,023-5551326,//www.rbreure.nl,https://www.bouwendnederland.nl/vereniging/lidbedrijf-zoeken?page=176
R. Geers Beheer B.V.,VORDEN,Groeneweg 6  7251 ET VORDEN,Groeneweg 6  7251 ET VORDEN,,,https://www.bouwendnederland.nl/vereniging/lidbedrijf-zoeken?page=176
R. Jonker restauratie & molenonderhoud B.V.,WESTZAAN,Rak 37  1551 NA WESTZAAN,Rak 31  1551 NA WESTZAAN,075-7850589,//www.monumentenbouwers.nl,https://www.bouwendnederland.nl/vereniging/lidbedrijf-zoeken?page=176
R. Kusters Bouw B.V.,BOLSWARD,De Marne 29 e 8701 PV BOLSWARD,De Marne 29 e 8701 PV BOLSWARD,0515-856688,//www.kusters-bouw.nl,https://www.bouwendnederland.nl/vereniging/lidbedrijf-zoeken?page=176
R. van Scheppingen beton B.V.,MIJDRECHT,Constructieweg 74  3641 SP MIJDRECHT,"Constructieweg, 74 74  3641 SP MIJDRECHT",0297-288362,//www.vanscheppingenbeton.nl,https://www.bouwendnederland.nl/vereniging/lidbedrijf-zoeken?page=176
R.A. Afbouw service,GREVENBICHT,Beekstraat 5  6127 AH GREVENBICHT,Beekstraat 5  6127 AH GREVENBICHT,,,https://www.bouwendnederland.nl/vereniging/lidbedrijf-zoeken?page=176
R.A. van de Kamp Aannemersbedrijf B.V.,AKERSLOOT,Kerklaan 36  1921 BL AKERSLOOT,Kerklaan 36  1921 BL AKERSLOOT,0251-670737,//www.vdkvastgoed.nl,https://www.bouwendnederland.nl/vereniging/lidbedrijf-zoeken?page=176
R.A. van de Kamp Holding B.V.,AKERSLOOT,Kerklaan 36  1921 BL AKERSLOOT,Kerklaan 36  1921 BL AKERSLOOT,,,https://www.bouwendnederland.nl/vereniging/lidbedrijf-zoeken?page=176
R.A. van Leeuwen Bouwbedrijf B.V.,ALPHEN AAN DEN RIJN,Postbus 2196  2400 CD ALPHEN AAN DEN RIJN,Nijverheidsweg 3  2404 HD ALPHEN AAN DEN RIJN,0172-422000,//www.ravanleeuwen.nl,https://www.bouwendnederland.nl/vereniging/lidbedrijf-zoeken?page=176
R.A. von Oven & Zn B.V.,'S-GRAVENHAGE,Uitenhagestraat 96  2571 PW 'S-GRAVENHAGE,Uitenhagestraat 96  2571 PW 'S-GRAVENHAGE,070-3924392,//www.vonovenkozijnen.nl,https://www.bouwendnederland.nl/vereniging/lidbedrijf-zoeken?page=177
R.G. Westendorp & Zn. Timmerbedrijf,DE HEURNE,Nijmansdijk 6  7095 AZ DE HEURNE,Nijmansdijk 6  7095 AZ DE HEURNE,0315-651593,//www.aannemersbedrijfwestendorp.nl,https://www.bouwendnederland.nl/vereniging/lidbedrijf-zoeken?page=177
R.G. Zonneveld B.V.,HEEMSKERK,De Trompet 1570  1967 DB HEEMSKERK,De Trompet 1570  1967 DB HEEMSKERK,0251-232390,//www.gebroederszonneveld.nl,https://www.bouwendnederland.nl/vereniging/lidbedrijf-zoeken?page=177
Raaijmakers en zn. Bronbemaling BV,VOLKEL,Erfstraat 8  5408 SJ VOLKEL,Erfstraat 8  5408 SJ VOLKEL,0413-273065,//www.raaijmakersbronbemaling.nl,https://www.bouwendnederland.nl/vereniging/lidbedrijf-zoeken?page=177
Raanhuis Bouw BV,Goor,De Klomp 20  7496 DG HENGEVELDE,Klavermaten 30  7472DD Goor,0547-333607,//www.raanhuisbouw.nl,https://www.bouwendnederland.nl/vereniging/lidbedrijf-zoeken?page=177
Ramaker Bouw,LEMELERVELD,Vilstersestraat 3 A 8152 AA LEMELERVELD,Vilstersestraat 3 A 8152 AA LEMELERVELD,0572-700268,//www.ramakerbouw.nl,https://www.bouwendnederland.nl/vereniging/lidbedrijf-zoeken?page=177
Rapid Asfalt B.V.,MARUM,Postbus 17  9363 ZG MARUM,Transportweg 2  9363 TL MARUM,0594-641341,//www.rapidasfalt.com,https://www.bouwendnederland.nl/vereniging/lidbedrijf-zoeken?page=177
Raros Bouw BV,ROSMALEN,Edelweisstraat 3  5241 AH ROSMALEN,Edelweisstraat 3  5241 AH ROSMALEN,073-5236915,,https://www.bouwendnederland.nl/vereniging/lidbedrijf-zoeken?page=177
Rasenberg Kabels & Leidingen B.V.,DONGEN,Postbus 50  5100 AB DONGEN,De Schacht 11  5107 RD DONGEN,088-7510100,//www.apkgroup.eu,https://www.bouwendnederland.nl/vereniging/lidbedrijf-zoeken?page=177
RATOS,OOSTERHOUT NB,De Kreek 10  4906 BB OOSTERHOUT NB,De Kreek 10  4906 BB OOSTERHOUT NB,,,https://www.bouwendnederland.nl/vereniging/lidbedrijf-zoeken?page=177
Ravesteijn IJsselstein B.V.,IJSSELSTEIN UT,Panoven 3  3401 RA IJSSELSTEIN UT,Panoven 3  3401 RA IJSSELSTEIN UT,030-2679223,//www.ravesteijnijsselstein.nl,https://www.bouwendnederland.nl/vereniging/lidbedrijf-zoeken?page=177
Raybo Advies & Uitvoering B.V.,DEN HOORN ZH,Vrij-Harnasch 80  2635 BZ DEN HOORN ZH,Vrij-Harnasch 80  2635 BZ DEN HOORN ZH,06-28268711,//www.raybo-adviesenuitvoering.nl,https://www.bouwendnederland.nl/vereniging/lidbedrijf-zoeken?page=177
RBN Bouwgroep B.V.,WEHL,Radonstraat 8  7031 GT WEHL,Radonstraat 8  7031 GT WEHL,0314-390728,,https://www.bouwendnederland.nl/vereniging/lidbedrijf-zoeken?page=177
RBW B.V.,ROGGEL,Ophoven 15  6088 AC ROGGEL,Ophoven 15  6088 AC ROGGEL,,,https://www.bouwendnederland.nl/vereniging/lidbedrijf-zoeken?page=177
RdV Global Holding B.V.,HEM,Groeneweg 8  1607 MK HEM,Groeneweg 8  1607 MK HEM,,,https://www.bouwendnederland.nl/vereniging/lidbedrijf-zoeken?page=177
Rebuild Groep B.V,PUTTEN,Telgterweg  1 A 3881 LL PUTTEN,Telgterweg  1 A  3881 LL PUTTEN,085-0603413,//www.rebuildgroep.com,https://www.bouwendnederland.nl/vereniging/lidbedrijf-zoeken?page=177
Reflectielijnen Van Velsen B.V.,BODEGRAVEN,Frankrijkweg 5  2411 NV BODEGRAVEN,Frankrijkweg 5  2411 NV BODEGRAVEN,0172-619238,//www.vvr.nl,https://www.bouwendnederland.nl/vereniging/lidbedrijf-zoeken?page=177
Refractory Holding,VELSEN-NOORD,Staalstraat 150  1951 JP VELSEN-NOORD,Staalstraat 150  1951 JP VELSEN-NOORD,0251-278800,,https://www.bouwendnederland.nl/vereniging/lidbedrijf-zoeken?page=177
Regio All in Quality,BENTHUIZEN,Dreef 3  2731 CR BENTHUIZEN,Dreef 3  2731 CR BENTHUIZEN,,,https://www.bouwendnederland.nl/vereniging/lidbedrijf-zoeken?page=177
Regio Glas B.V.,SPANKEREN,Van Rensselaerweg 8  6956 AV SPANKEREN,Van Rensselaerweg 8  6956 AV SPANKEREN,0800-2223222,//www.regioglas.nl,https://www.bouwendnederland.nl/vereniging/lidbedrijf-zoeken?page=177
Regio Glas B.V. locatie Arnhem,ARNHEM,Industriestraat 10  6827 BD ARNHEM,Industriestraat 10  6827 BD ARNHEM,,,https://www.bouwendnederland.nl/vereniging/lidbedrijf-zoeken?page=178
Reijrink Aannemerij B.V.,HAGHORST,Lage Haghorst 15  5089 NC HAGHORST,Lage Haghorst 15  5089 NC HAGHORST,013-5169321,//www.reyrink.nl,https://www.bouwendnederland.nl/vereniging/lidbedrijf-zoeken?page=178
Reimert Bouw en Infrastructuur,ALMERE,Bolderweg 14  1332 AT ALMERE,Bolderweg 14  1332 AT ALMERE,036-5320143,//www.reimert-almere.nl,https://www.bouwendnederland.nl/vereniging/lidbedrijf-zoeken?page=178
Reimert Groep,ALMERE,Bolderweg 14  1332 AT ALMERE,Bolderweg 14  1332 AT ALMERE,036-5320143,//www.reimertgroep.nl,https://www.bouwendnederland.nl/vereniging/lidbedrijf-zoeken?page=178
Reimert Oost,VAASSEN,Talhoutweg 32  8171 MB VAASSEN,Talhoutweg 32  8171 MB VAASSEN,,,https://www.bouwendnederland.nl/vereniging/lidbedrijf-zoeken?page=178
Reinbouw B.V.,DIEREN,Postbus 24  6950 AA DIEREN,Industrielaan 8  6951 KG DIEREN,0313-491949,//www.reinbouw.nl,https://www.bouwendnederland.nl/vereniging/lidbedrijf-zoeken?page=178
Reinbouwgroep B.V.,DIEREN,Postbus 24  6950 AA DIEREN,Industrielaan 8  6951 KG DIEREN,0313-491949,//www.reinbouw.nl,https://www.bouwendnederland.nl/vereniging/lidbedrijf-zoeken?page=178
Reinders Bouw B.V.,AMSTERDAM,Vaalmuiden 7  1046 BV AMSTERDAM,Vaalmuiden 7  1046 BV AMSTERDAM,020-6312957,//www.reindersbedrijven.nl,https://www.bouwendnederland.nl/vereniging/lidbedrijf-zoeken?page=178
Reindonck Bouw B.V.,KRONENBERG,Heuvelsestraat 2  5976 NG KRONENBERG,Heuvelsestraat 2  5976 NG KRONENBERG,077-3541898,//www.reindonck.nl,https://www.bouwendnederland.nl/vereniging/lidbedrijf-zoeken?page=178
Reko Grondverzet- en Wegenbouwbedrijf Raalte B.V.,RAALTE,Overkampsweg 21  8102 PH RAALTE,Overkampsweg 21  8102 PH RAALTE,0572-351962,//www.reko-raalte.nl,https://www.bouwendnederland.nl/vereniging/lidbedrijf-zoeken?page=178
Rembrandt Glas B.V. sinds 1948,AMSTERDAM,Nieuwendammerdijk 526 G 1023 BX AMSTERDAM,Nieuwendammerdijk 526 G 1023 BX AMSTERDAM,020-6717956,//www.rembrandtglas.nl,https://www.bouwendnederland.nl/vereniging/lidbedrijf-zoeken?page=178
Remco Ruimtebouw B.V.,NIEUWKUIJK,Postbus 67  5250 AB VLIJMEN,Touwslager 2  5253 RK NIEUWKUIJK,088-0049300,//www.remco.nl,https://www.bouwendnederland.nl/vereniging/lidbedrijf-zoeken?page=178
Remmers Bouwgroep B.V.,TILBURG,Kranenberg 1  5047 TR TILBURG,Kranenberg 1  5047 TR TILBURG,013-5729300,//www.remmersbouwgroep.nl,https://www.bouwendnederland.nl/vereniging/lidbedrijf-zoeken?page=178
Rendon Arkel BV,WERKENDAM,Vierlinghstraat 10  4251 LC WERKENDAM,Vierlinghstraat 10  4251 LC WERKENDAM,0183-563111,//www.rendon.nl,https://www.bouwendnederland.nl/vereniging/lidbedrijf-zoeken?page=178
Rendon Eindhoven BV,EINDHOVEN,Dillenburgstraat 27 A 5652 AM EINDHOVEN,Dillenburgstraat 27 A 5652 AM EINDHOVEN,040-2380200,//www.rendon.nl,https://www.bouwendnederland.nl/vereniging/lidbedrijf-zoeken?page=178
Rendon Onderhoudsgroep B.V.,WERKENDAM,Vierlinghstraat 10  4251 LC WERKENDAM,Vierlinghstraat 10  4251 LC WERKENDAM,0183-563111,//www.rendon.nl,https://www.bouwendnederland.nl/vereniging/lidbedrijf-zoeken?page=178
Rendon Voorburg BV,VOORBURG,Prinses Irenelaan 81  2273 DH VOORBURG,Prinses Irenelaan 81  2273 DH VOORBURG,070-3876351,//www.rendon.nl,https://www.bouwendnederland.nl/vereniging/lidbedrijf-zoeken?page=178
Rengers Zwolle B.V.,ZWOLLE,Floresstraat 17  8022 AD ZWOLLE,Floresstraat 17  8022 AD ZWOLLE,038-4547600,//www.rengers-zwolle-bv.nl,https://www.bouwendnederland.nl/vereniging/lidbedrijf-zoeken?page=178
Renomeer BV,GOUDA,Oudebrugweg 6  2808 NP GOUDA,Oudebrugweg 6  2808 NP GOUDA,018-2235035,//www.renomeer.nl,https://www.bouwendnederland.nl/vereniging/lidbedrijf-zoeken?page=178
Renomeer Holding B.V.,GOUDA,Oudebrugweg 6  2808 NP GOUDA,Oudebrugweg 6  2808 NP GOUDA,,,https://www.bouwendnederland.nl/vereniging/lidbedrijf-zoeken?page=178
Renova Europe B.V.,Renova Europe BV,Kingsfordweg 151  1043 GR AMSTERDAM,Beitelstraat  2  7556NB Renova Europe BV,088-0121723,//www.renovaeurope.com,https://www.bouwendnederland.nl/vereniging/lidbedrijf-zoeken?page=179
Renova Team B.V.,Amsterdam,Barbusselaan 289  1102 TV AMSTERDAM,Barbusselaan 289  1102 TV Amsterdam,020-7764977,//www.renovateam.nl,https://www.bouwendnederland.nl/vereniging/lidbedrijf-zoeken?page=179
Renova Twente Bouw,ENSCHEDE,Schaddendijk 79  7546 RL ENSCHEDE,Schaddendijk 79  7546 RL ENSCHEDE,053-4768333,//www.renova-twente-bouw.nl,https://www.bouwendnederland.nl/vereniging/lidbedrijf-zoeken?page=179
RenoVakman B.V.,WATERINGEN,Monsterseweg 17  2291 PB WATERINGEN,Monsterseweg 17  2291 PB WATERINGEN,070-7709059,//www.renovakman.nl,https://www.bouwendnederland.nl/vereniging/lidbedrijf-zoeken?page=179
Rensing Bouw B.V.,LICHTENVOORDE,Newtonstraat 3  7131 PP LICHTENVOORDE,Newtonstraat 3  7131 PP LICHTENVOORDE,0544-375430,//www.rensingbouw.nl,https://www.bouwendnederland.nl/vereniging/lidbedrijf-zoeken?page=179
Reparaad B.V.,ENSCHEDE,Twekkeler Es 49  7547 ST ENSCHEDE,Twekkeler Es 49  7547 ST ENSCHEDE,085-0092600,//www.reparaad.nl,https://www.bouwendnederland.nl/vereniging/lidbedrijf-zoeken?page=179
Residence-bouw,BLAUWESTAD,Dennenborg 4  9685 KE BLAUWESTAD,Dennenborg 4  9685 KE BLAUWESTAD,,,https://www.bouwendnederland.nl/vereniging/lidbedrijf-zoeken?page=179
Retail Bouw Nederland B.V.,DOETINCHEM,Postbus 8033  7000 DE DOETINCHEM,Expeditieweg 6 a 7007 CM DOETINCHEM,0314-390728,//www.retail-bouw.nl,https://www.bouwendnederland.nl/vereniging/lidbedrijf-zoeken?page=179
Retail Bouw Nederland Materieel B.V.,WEHL,Radonstraat 8  7031 GT WEHL,Radonstraat 8  7031 GT WEHL,0314-390728,,https://www.bouwendnederland.nl/vereniging/lidbedrijf-zoeken?page=179
Retail Bouw Nederland Onroerend Goed BV,WEHL,Radonstraat 8  7031 GT WEHL,Radonstraat 8  7031 GT WEHL,0314-390728,//www.retail-bouw.nl,https://www.bouwendnederland.nl/vereniging/lidbedrijf-zoeken?page=179
Reuvers Ontwikkeling & Bouw,OSS,Maaskade 18  5347 KD OSS,Maaskade 18  5347 KD OSS,0412-630100,//www.reuversbouw.nl,https://www.bouwendnederland.nl/vereniging/lidbedrijf-zoeken?page=179
ReVaBo Oosterbeek,OOSTERBEEK,Pastoor Bruggemanlaan 33 A 6861 GR OOSTERBEEK,Pastoor Bruggemanlaan 33 A 6861 GR OOSTERBEEK,026-3397060,//www.revabo.nl,https://www.bouwendnederland.nl/vereniging/lidbedrijf-zoeken?page=179
RH Prefab B.V.,LUNTEREN,Broeksteeg 16  6741 JT LUNTEREN,Broeksteeg 16  6741 JT LUNTEREN,,,https://www.bouwendnederland.nl/vereniging/lidbedrijf-zoeken?page=179
Rietdekkersbedrijf J.P. Kooijman B.V.,SCHAGERBRUG,Ruigeweg 119 a 1751 HJ SCHAGERBRUG,Ruigeweg 119 a 1751 HJ SCHAGERBRUG,0224-571328,//www.kooijmanrietdekkers.nl,https://www.bouwendnederland.nl/vereniging/lidbedrijf-zoeken?page=179
Rietdijk Onderhoud B.V.,ROTTERDAM,Anthonetta Kuijlstraat 93  3066 GS ROTTERDAM,Anthonetta Kuijlstraat 93  3066 GS ROTTERDAM,010-2201981,//www.rietdijkrotterdam.nl,https://www.bouwendnederland.nl/vereniging/lidbedrijf-zoeken?page=179
Riezebos Bouwbedrijf,GENEMUIDEN,Nylonstraat 2  8281 JX GENEMUIDEN,Nylonstraat 2  8281 JX GENEMUIDEN,038-3854595,//www.riezebos.nl,https://www.bouwendnederland.nl/vereniging/lidbedrijf-zoeken?page=179
Rijking,KOCKENGEN,Portengen 89 a 3628 EC KOCKENGEN,Portengen 89 a 3628 EC KOCKENGEN,0345-275527,//www.rijking.nl,https://www.bouwendnederland.nl/vereniging/lidbedrijf-zoeken?page=179
Rijko B.V.,VOLENDAM,Kathammerstraat 84  1131 AN VOLENDAM,Kathammerstraat 84  1131 AN VOLENDAM,0299-361387,//www.rijkobouw.nl,https://www.bouwendnederland.nl/vereniging/lidbedrijf-zoeken?page=179
Rijnberg Bouwbedrijf,SINT-ANNALAND,Bronsgeestweg 3  4697 RT SINT-ANNALAND,Bronsgeestweg 3  4697 RT SINT-ANNALAND,0166-654221,//www.rijnbergbouwbedrijf.nl,https://www.bouwendnederland.nl/vereniging/lidbedrijf-zoeken?page=179
Rijnhart Bouw en Onderhoud B.V.,Weesp,Bloemendalerweg 43 f 1382 KB Weesp,Bloemendalerweg  43 f 1382 KB Weesp,06-46364252,//www.rijnhartbouwenonderhoud.nl,https://www.bouwendnederland.nl/vereniging/lidbedrijf-zoeken?page=179
Rijo-Bouw B.V.,HOOGERHEIDE,Zundertseweg 111  4707 PA ROOSENDAAL,Postweg 12  4631 RZ HOOGERHEIDE,0164-616420,//www.rijo-bv.nl,https://www.bouwendnederland.nl/vereniging/lidbedrijf-zoeken?page=180
Rijpstra's Bouwbedrijf,FRANEKER,Tuinen 51  8801 VX FRANEKER,Tuinen 51  8801 VX FRANEKER,0517-390505,//www.bouwbedrijf-rijpstra.nl,https://www.bouwendnederland.nl/vereniging/lidbedrijf-zoeken?page=180
Rivago Groep B.V.,PURMEREND,Impuls 39  1446 WC PURMEREND,Edisonweg 11  1446 TM PURMEREND,770-318,//www.rivagogroep.nl,https://www.bouwendnederland.nl/vereniging/lidbedrijf-zoeken?page=180
Riz Bouw B.V.,IJSSELSTEIN UT,Einsteinweg 37  3404 LH IJSSELSTEIN UT,Einsteinweg 37  3404 LH IJSSELSTEIN UT,030-6886822,//www.rizbouw.nl,https://www.bouwendnederland.nl/vereniging/lidbedrijf-zoeken?page=180
RM Bouwbedrijf,SITTARD,Dalderhaag 13  6136 KM SITTARD,Dalderhaag 13  6136 KM SITTARD,046-8886034,//www.RMbouwbedrijf.nl,https://www.bouwendnederland.nl/vereniging/lidbedrijf-zoeken?page=180
RM Bouwgroep,DRACHTEN,Ottolaan 10  9207 JR DRACHTEN,Ottolaan 10  9207 JR DRACHTEN,0512-342827,//www.rmbouwgroep.nl,https://www.bouwendnederland.nl/vereniging/lidbedrijf-zoeken?page=180
RM Glas Nederland B.V.,NIEUWEGEIN,Archimedesbaan 28  3439 ME NIEUWEGEIN,4e Regimentsdok  2  3433 KW NIEUWEGEIN,030-6022133,//www.rmglas.nl,https://www.bouwendnederland.nl/vereniging/lidbedrijf-zoeken?page=180
RMD Timmerwerken,ALKMAAR,Stuartstraat 71  1815 BP ALKMAAR,Stuartstraat 71  1815 BP ALKMAAR,072-5315286,//www.rmdtimmerwerken.nl,https://www.bouwendnederland.nl/vereniging/lidbedrijf-zoeken?page=180
Rob Felix Glas B.V.,MAASTRICHT,Brusselseweg 530  6219 NP MAASTRICHT,Brusselseweg 530  6219 NP MAASTRICHT,043-3430886,//www.robfelixglas.nl,https://www.bouwendnederland.nl/vereniging/lidbedrijf-zoeken?page=180
Rob Moonen Bouw B.V.,NUTH,Spoorstraat 66  6361 XZ NUTH,Spoorstraat 66  6361 XZ NUTH,0455-285200,//www.moonenbouwbv.nl,https://www.bouwendnederland.nl/vereniging/lidbedrijf-zoeken?page=180
Robas Bouw B.V.,KWINTSHEUL,Bovendijk 32 f 2295 RZ KWINTSHEUL,Bovendijk 32 f 2295 RZ KWINTSHEUL,0174-293365,//www.robasbouw.nl,https://www.bouwendnederland.nl/vereniging/lidbedrijf-zoeken?page=180
RoBouw B.V.,DE BILT,Molenkamp 30  3732 EV DE BILT,Molenkamp 30  3732 EV DE BILT,030-2280478,//www.robouwbv.nl,https://www.bouwendnederland.nl/vereniging/lidbedrijf-zoeken?page=180
Rocda Vloerenservice B.V.,LEMMER,Postbus 47  8530 AA LEMMER,Roggemole 9  8531 WB LEMMER,0514-533383,//www.rocda.nl,https://www.bouwendnederland.nl/vereniging/lidbedrijf-zoeken?page=180
Rochdale Onderhoud B.V.,AMSTERDAM,Postbus 56925  1040 AX AMSTERDAM,Bos en Lommerplein 303  1055 RW AMSTERDAM,020-5652555,//www.rochdale.nl,https://www.bouwendnederland.nl/vereniging/lidbedrijf-zoeken?page=180
Rococo B.V.,HEEMSKERK,Lijnbaan 70  1969 NG HEEMSKERK,Lijnbaan 70  1969 NG HEEMSKERK,,,https://www.bouwendnederland.nl/vereniging/lidbedrijf-zoeken?page=180
Roegiers Glas B.V.,HEINKENSZAND,Postbus 40  4450 AA HEINKENSZAND,Schouwersweg 100  4451 HT HEINKENSZAND,0113-577220,//www.roegiersglas.nl,https://www.bouwendnederland.nl/vereniging/lidbedrijf-zoeken?page=180
Roeloffs Bouwbedrijf Mook B.V.,MOLENHOEK LB,Rijksweg 10  6584 AB MOLENHOEK LB,Rijksweg 10  6584 AB MOLENHOEK LB,024-6962804,//www.bouwbedrijfroeloffs.nl,https://www.bouwendnederland.nl/vereniging/lidbedrijf-zoeken?page=180
Roelofs & Haase Aannemingsbedrijf B.V.,RIJSSEN,Nijverdalseweg 149  7461 AG RIJSSEN,Nijverdalseweg 149  7461 AG RIJSSEN,0548-537373,//www.roelofs-en-haase.nl,https://www.bouwendnederland.nl/vereniging/lidbedrijf-zoeken?page=180
Roelofs Advies en Ontwerp BV,DEN HAM OV,Kroezenhoek 8  7683 PM DEN HAM OV,Kroezenhoek 8  7683 PM DEN HAM OV,0546-678888,//www.roelofsadviesenontwerp.nl,https://www.bouwendnederland.nl/vereniging/lidbedrijf-zoeken?page=180
Roelofs Civiel B.V.,DEN HAM OV,Kroezenhoek 8  7683 PM DEN HAM OV,Kroezenhoek 8  7683 PM DEN HAM OV,0546-678888,//www.roelofsgroep.nl,https://www.bouwendnederland.nl/vereniging/lidbedrijf-zoeken?page=180
Roelofs en Haase Holding B.V.,RIJSSEN,Nijverdalseweg 149  7461 AG RIJSSEN,Nijverdalseweg 149  7461 AG RIJSSEN,0548-537373,,https://www.bouwendnederland.nl/vereniging/lidbedrijf-zoeken?page=181
Roelofs en Haase Projectontwikkeling B.V.,RIJSSEN,Nijverdalseweg 149  7461 AG RIJSSEN,Nijverdalseweg 149  7461 AG RIJSSEN,0548-537373,,https://www.bouwendnederland.nl/vereniging/lidbedrijf-zoeken?page=181
Roelofs Groep BV,DEN HAM OV,Postbus 12  7683 ZG DEN HAM OV,Kroezenhoek 8  7683 PM DEN HAM OV,,,https://www.bouwendnederland.nl/vereniging/lidbedrijf-zoeken?page=181
Roelofs Infra en Milieu BV,DEN HAM OV,Kroezenhoek 8  7683 PM DEN HAM OV,Kroezenhoek 8  7683 PM DEN HAM OV,0546-678888,//www.roelofsgroep.nl,https://www.bouwendnederland.nl/vereniging/lidbedrijf-zoeken?page=181
Roelofs Wegenbouw B.V.,DEN HAM OV,Kroezenhoek 8  7683 PM DEN HAM OV,Kroezenhoek 8  7683 PM DEN HAM OV,0546-678888,//www.roelofsgroep.nl,https://www.bouwendnederland.nl/vereniging/lidbedrijf-zoeken?page=181
Roelofs Zandwinning B.V.,DEN HAM OV,Kroezenhoek 8  7683 PM DEN HAM OV,Kroezenhoek 8  7683 PM DEN HAM OV,0546-678888,//www.roelofsgroep.nl,https://www.bouwendnederland.nl/vereniging/lidbedrijf-zoeken?page=181
Roermondse Glashandel B.V.,ROERMOND,Groeneweg 3 A 6041 AX ROERMOND,Groeneweg 3 A 6041 AX ROERMOND,0475-339595,//www.roermondseglashandel.nl,https://www.bouwendnederland.nl/vereniging/lidbedrijf-zoeken?page=181
Roeters Totaalbouw B.V.,SITTARD,Wilhelminastraat  53  6131 KM SITTARD,Wilhelminastraat  53  6131 KM SITTARD,046-4514579,//www.roeters-totaalbouw.nl,https://www.bouwendnederland.nl/vereniging/lidbedrijf-zoeken?page=181
Roever Bouw B.V.,'S-GRAVENHAGE,Komeetweg 3  2516 AV 'S-GRAVENHAGE,Komeetweg 3  2516 AV 'S-GRAVENHAGE,070-3468737,//www.roeverbouw.nl,https://www.bouwendnederland.nl/vereniging/lidbedrijf-zoeken?page=181
Roggeband Bouw B.V.,ZIERIKZEE,Platteweg 2  4301 NH ZIERIKZEE,Platteweg 2  4301 NH ZIERIKZEE,0111-412910,//www.roggebandbouw.nl,https://www.bouwendnederland.nl/vereniging/lidbedrijf-zoeken?page=181
Roggen Kabel- en Leidingwerken B.V.,GRONINGEN,Rigaweg 4  9723 TH GRONINGEN,Rigaweg 4  9723 TH GRONINGEN,050-5422455,,https://www.bouwendnederland.nl/vereniging/lidbedrijf-zoeken?page=181
Roks Bouw,SCHIMMERT,De Steeg 14  6333 AP SCHIMMERT,De Steeg 14  6333 AP SCHIMMERT,-0615054770,//www.roksbouw.nl,https://www.bouwendnederland.nl/vereniging/lidbedrijf-zoeken?page=181
Rolvink Bouw- en Aannemingsmaatschappij B.V.,IJMUIDEN,Kromhoutstraat 64  1976 BM IJMUIDEN,Kromhoutstraat 64  1976 BM IJMUIDEN,0255-511054,//www.rolvinkbouw.nl,https://www.bouwendnederland.nl/vereniging/lidbedrijf-zoeken?page=181
Romers Transport bv,DORDRECHT,Postbus 1192  3300 BD DORDRECHT,Donker Duyvisweg 75  3316 BL DORDRECHT,0885-333333,//www.romerstransport.nl,https://www.bouwendnederland.nl/vereniging/lidbedrijf-zoeken?page=181
Romijn Bouw B.V.,KOCKENGEN,Spengen 24  3628 EX KOCKENGEN,Spengen 24  3628 EX KOCKENGEN,0346-242430,//www.romijn-bouw.nl,https://www.bouwendnederland.nl/vereniging/lidbedrijf-zoeken?page=181
Romke Hekstra Beheer B.V.,DAMWALD,Willemstrjitte 5  9104 EL DAMWALD,Willemstrjitte 5  9104 EL DAMWALD,0511-421306,//www.hekstra.nl,https://www.bouwendnederland.nl/vereniging/lidbedrijf-zoeken?page=181
Rona Bouw en Onderhoud VOF,HORST,Tienrayseweg 4 A 5961 NL HORST,Tienrayseweg 4 A 5961 NL HORST,,,https://www.bouwendnederland.nl/vereniging/lidbedrijf-zoeken?page=181
Roos Groep B.V.,BLADEL,Postbus 61  5530 AB BLADEL,Handelsweg 21  5531 AE BLADEL,0497-386890,//www.roosgroep.com,https://www.bouwendnederland.nl/vereniging/lidbedrijf-zoeken?page=181
Rosco Bouw B.V.,HEESCH,Bosschebaan 64  5384 VZ HEESCH,Bosschebaan 64  5384 VZ HEESCH,0412-455501,//www.roscobouw.nl,https://www.bouwendnederland.nl/vereniging/lidbedrijf-zoeken?page=181
Roseboom Aannemers en Transport Holding B.V.,EDE GLD,Galvanistraat 123  6716 AE EDE GLD,Galvanistraat 123  6716 AE EDE GLD,,,https://www.bouwendnederland.nl/vereniging/lidbedrijf-zoeken?page=181
Roseboom Onroerend Goed Holding B.V.,EDE GLD,Galvanistraat 123  6716 AE EDE GLD,Galvanistraat 123  6716 AE EDE GLD,088-6007600,//www.roseboom-groep.nl,https://www.bouwendnederland.nl/vereniging/lidbedrijf-zoeken?page=182
Roseboom Transport bv,EDE GLD,Galvanistraat 123  6716 AE EDE GLD,Galvanistraat 123  6716 AE EDE GLD,0318-696969,//www.roseboomede.nl,https://www.bouwendnederland.nl/vereniging/lidbedrijf-zoeken?page=182
Roseboom Warmtedistributie B.V.,EDE GLD,Galvanistraat 123  6716 AE EDE GLD,Galvanistraat 123  6716 AE EDE GLD,088-6007600,//www.roseboom-groep.nl,https://www.bouwendnederland.nl/vereniging/lidbedrijf-zoeken?page=182
Rots Bouw B.V.,AALTEN,Broekstraat 24  7122 LC AALTEN,Broekstraat 24  7122 LC AALTEN,0543-495010,//www.rotsbouw.nl,https://www.bouwendnederland.nl/vereniging/lidbedrijf-zoeken?page=182
Rots Bouw Zevenaar B.V.,AALTEN,Broekstraat 24  7122 LC AALTEN,Broekstraat 24  7122 LC AALTEN,0316-524205,//www.rotsbouwzevenaar.nl,https://www.bouwendnederland.nl/vereniging/lidbedrijf-zoeken?page=182
Rottinghuis' Aannemingsbedrijf B.V.,GRONINGEN,Hereplein 10  9711 GA GRONINGEN,Hereplein 10  9711 GA GRONINGEN,050-3185333,//www.rottinghuis.nl,https://www.bouwendnederland.nl/vereniging/lidbedrijf-zoeken?page=182
Rouwhorst Bouwmanagement B.V.,WIJCHEN,Bijsterhuizen 2527  6604 LM WIJCHEN,Bijsterhuizen 2527  6604 LM WIJCHEN,,,https://www.bouwendnederland.nl/vereniging/lidbedrijf-zoeken?page=182
Rouwmaat Hengelo B.V.,HENGELO OV,Zirkoonstraat 8  7554 TT HENGELO OV,Zirkoonstraat 8  7554 TT HENGELO OV,074-2420541,,https://www.bouwendnederland.nl/vereniging/lidbedrijf-zoeken?page=182
Rowebo B.V.,GELDERMALSEN,Postbus 72  4190 CB GELDERMALSEN,De Chamotte 24  4191 GT GELDERMALSEN,0345-575694,//www.rowebo.nl,https://www.bouwendnederland.nl/vereniging/lidbedrijf-zoeken?page=182
Roy Verstegen B.V.,NULAND,Bedrijfsstraat 26  5391 LR NULAND,Bedrijfsstraat 26  5391 LR NULAND,073-8882307,//www.royverstegen.nl,https://www.bouwendnederland.nl/vereniging/lidbedrijf-zoeken?page=182
Royal Boskalis Westminster,PAPENDRECHT,Postbus 43  3350 AA PAPENDRECHT,Rosmolenweg 20  3350 AA PAPENDRECHT,078-6969000,//www.boskalis.com,https://www.bouwendnederland.nl/vereniging/lidbedrijf-zoeken?page=182
Roza Bouw B.V.,CULEMBORG,Postbus 133  4100 AC CULEMBORG,Newtonweg 2  4104 BK CULEMBORG,0345-534496,//www.rozavgo.nl,https://www.bouwendnederland.nl/vereniging/lidbedrijf-zoeken?page=182
Rozenbrand Timmerwerken B.V.,KAATSHEUVEL,Ierlandstraat 2 a 5171 PD KAATSHEUVEL,Ierlandstraat 2 a 5171 PD KAATSHEUVEL,,,https://www.bouwendnederland.nl/vereniging/lidbedrijf-zoeken?page=182
RPM Bouw B.V.,BEEK GEM BERGH,Zuider Markweg 16  7037 CV BEEK GEM BERGH,Zuidermarkweg 16  7037 CV BEEK GEM BERGH,0316-531545,//www.rpmbouw.nl,https://www.bouwendnederland.nl/vereniging/lidbedrijf-zoeken?page=182
RR Civiel B.V.,HOENSBROEK,De Koumen 116  6433 KE HOENSBROEK,De Koumen 116  6433 KE HOENSBROEK,045-7111653,//www.rr-civiel.nl,https://www.bouwendnederland.nl/vereniging/lidbedrijf-zoeken?page=182
RSS Holding Oss B.V.,OSS,Gasstraat Oost 12  5349 AV OSS,Gasstraat Oost 12  5349 AV OSS,0412-641974,//www.bouwmensen-oss.nl,https://www.bouwendnederland.nl/vereniging/lidbedrijf-zoeken?page=182
RSW Bouw B.V.,SLIEDRECHT,Parabool 108  3364 DH SLIEDRECHT,Parabool 108  3364 DH SLIEDRECHT,0184-750810,//www.rswbouw.nl,https://www.bouwendnederland.nl/vereniging/lidbedrijf-zoeken?page=182
Ruben Poffers Bouw- en Tegelzetbedrijf B.V.,GEESTEREN OV,De Groaf 2  7678 DE GEESTEREN OV,De Groaf 2  7678 DE GEESTEREN OV,-06 53642621,//www.rubenpoffers.nl,https://www.bouwendnederland.nl/vereniging/lidbedrijf-zoeken?page=182
Rubo Bodegraven B.V.,ZWAMMERDAM,Ziendeweg 3  2471 PZ ZWAMMERDAM,Ziende weg 3  2471 PZ ZWAMMERDAM,0172-613011,//www.rubobodegraven.nl,https://www.bouwendnederland.nl/vereniging/lidbedrijf-zoeken?page=182
Ruimer Leven B.V.,BREUKELEN UT,Broekdijk West 28  3621 LV BREUKELEN UT,Broekdijk West 28  3621 LV BREUKELEN UT,0346-250432,//www.ruimerleven.nl,https://www.bouwendnederland.nl/vereniging/lidbedrijf-zoeken?page=182
RuitenVisie B.V.,ZWAAG,Postbus 4099  1620 HB HOORN NH,De Marowijne 4  1689 AR ZWAAG,0229-253867,//www.ruitenvisie.nl,https://www.bouwendnederland.nl/vereniging/lidbedrijf-zoeken?page=183
Ruma Bouw- & Afbouwprojecten B.V.,ALMELO,Maatkampsweg 38  7627 PC BORNERBROEK,Ambachtstraat 16 a 7609 RA ALMELO,3038-7875,//www.rumabouw.nl,https://www.bouwendnederland.nl/vereniging/lidbedrijf-zoeken?page=183
RV Glasservice B.V.,BRAKEL,De Haag 4  5306 CB BRAKEL,De Haag 4  5306 CB BRAKEL,,,https://www.bouwendnederland.nl/vereniging/lidbedrijf-zoeken?page=183
RvH Bouwservice B.V.,HELMOND,Houtse Parallelweg 21  5706 AA HELMOND,Houtse Parallelweg 21  5706 AA HELMOND,,,https://www.bouwendnederland.nl/vereniging/lidbedrijf-zoeken?page=183
S Verstegen Bouw en Timmerwerken,HEESCH,Achterste Groes 7 a 5384 VG HEESCH,Achterste Groes 7 a 5384 VG HEESCH,,,https://www.bouwendnederland.nl/vereniging/lidbedrijf-zoeken?page=183
S. & G. Zeelst Tegelwerken b.v,DEURNE,Daalder 15  5753 SZ DEURNE,Daalder 15  5753 SZ DEURNE,0493-310995,//www.sgzeelst.nl,https://www.bouwendnederland.nl/vereniging/lidbedrijf-zoeken?page=183
S.B.R. Amersfoort B.V.,AMERSFOORT,Hardwareweg 15  3821 BL AMERSFOORT,Hardwareweg 15  3821 BL AMERSFOORT,033-4557335,//www.bouwmensen.nl,https://www.bouwendnederland.nl/vereniging/lidbedrijf-zoeken?page=183
S.D.O.-Zwijndrecht B.V.,ZWIJNDRECHT,Postbus 256  3330 AG ZWIJNDRECHT,Prins Mauritsstraat 39 a 3331 XT ZWIJNDRECHT,078-6209125,//www.sdozwijndrecht.nl,https://www.bouwendnederland.nl/vereniging/lidbedrijf-zoeken?page=183
S.P.B. Gouwe en Rijnstreek B.V.,WADDINXVEEN,Kanaaldijk 11  2741 PA WADDINXVEEN,Kanaaldijk 11  2741 PA WADDINXVEEN,0182-612418,//www.spb-waddinxveen.nl,https://www.bouwendnederland.nl/vereniging/lidbedrijf-zoeken?page=183
Saambouw B.V.,WEHL,Kryptonstraat 18  7031 GG WEHL,Kryptonstraat 18  7031 GG WEHL,0314-820369,//www.saambouw.nl,https://www.bouwendnederland.nl/vereniging/lidbedrijf-zoeken?page=183
SAB Electro B.V.,HOOFDDORP,Zandsteen 40  2132 MR HOOFDDORP,Zandsteen 40  2132 MR HOOFDDORP,020-3034511,//www.sabelectro.nl,https://www.bouwendnederland.nl/vereniging/lidbedrijf-zoeken?page=183
Sagro Aannemingsmaatschappij Zeeland bv,'S-HEERENHOEK,Heinkenszandseweg 22  4453 VG 'S-HEERENHOEK,Heinkenszandseweg 22  4453 VG 'S-HEERENHOEK,0113-351710,//www.sagro.nl,https://www.bouwendnederland.nl/vereniging/lidbedrijf-zoeken?page=183
Sallandse Bouw- en Aannemingsmaatschappij Salbam B.V.,VILSTEREN,Vilsterseweg 7  7734 PD VILSTEREN,Vilsterseweg 7  7734 PD VILSTEREN,0529-458246,//www.salbambv.nl,https://www.bouwendnederland.nl/vereniging/lidbedrijf-zoeken?page=183
Sallandse Wegenbouw B.V.,HAARLE GEM HELLENDOORN,Bloeme-weide 23  7448 PX HAARLE GEM HELLENDOORN,Bloeme-weide 23  7448 PX HAARLE GEM HELLENDOORN,0548-595852,//www.sallandsewegenbouw.com,https://www.bouwendnederland.nl/vereniging/lidbedrijf-zoeken?page=183
Salverda Bouw B.V.,'T HARDE,Postbus 4  8084 ZG 'T HARDE,Industrieweg 13  8084 GS 'T HARDE,0525-651666,//www.salverda.nl,https://www.bouwendnederland.nl/vereniging/lidbedrijf-zoeken?page=183
Sama Bouwservice B.V.,HEEMSKERK,Lijnbaan 75  1969 ND HEEMSKERK,Lijnbaan 75  1969 ND HEEMSKERK,0251-236846,//www.sama.nl,https://www.bouwendnederland.nl/vereniging/lidbedrijf-zoeken?page=183
Samen Bouwzaken Leek B.V.,LEEK,Zernikelaan 2  9351 VA LEEK,Zernikelaan 2  9351 VA LEEK,,,https://www.bouwendnederland.nl/vereniging/lidbedrijf-zoeken?page=183
Sampers Timmerwerken B.V.,LINNE,Joinerstraat 8  6067 HG LINNE,Industrieweg 10  6067 AP LINNE,0475-464422,//www.sampers.nl,https://www.bouwendnederland.nl/vereniging/lidbedrijf-zoeken?page=183
Samsom Vinkeveen B.V.,VINKEVEEN,Kievitslaan 21  3645 KJ VINKEVEEN,Herenweg 46 a 3645 DR VINKEVEEN,0297-769105,//www.woonarkenbouw.nl,https://www.bouwendnederland.nl/vereniging/lidbedrijf-zoeken?page=183
sander evenwel aannemer,'S-GRAVENHAGE,Jacques Urlusstraat 101  2551 HA 'S-GRAVENHAGE,Jacques Urlusstraat 101  2551 HA 'S-GRAVENHAGE,065-5363034,//https://sanderevenwel.nl,https://www.bouwendnederland.nl/vereniging/lidbedrijf-zoeken?page=183
Sanders Groep B.V.,Overasselt,De Laan 13  6611 HA Overasselt,De Laan 13  6611 HA Overasselt,,,https://www.bouwendnederland.nl/vereniging/lidbedrijf-zoeken?page=184
Sanders Projecten B.V.,Overasselt,De Laan 13  6611 HA Overasselt,De Laan 13  6611 HA Overasselt,,,https://www.bouwendnederland.nl/vereniging/lidbedrijf-zoeken?page=184
Sanders Vastgoed Beheer B.V.,Overasselt,De Laan 13  6611 HA Overasselt,De Laan 13  6611 HA Overasselt,,,https://www.bouwendnederland.nl/vereniging/lidbedrijf-zoeken?page=184
Sanderse betonboringen,OOSTBURG,Zuidzandsestraat 10  4501 AP OOSTBURG,Walstraat 1  4501 JH OOSTBURG,,,https://www.bouwendnederland.nl/vereniging/lidbedrijf-zoeken?page=184
Sannij B.V.,NIJMEGEN,Roggeweg 1  6534 AH NIJMEGEN,Roggeweg 1  6534 AH NIJMEGEN,024-7851882,//www.sannij.nl,https://www.bouwendnederland.nl/vereniging/lidbedrijf-zoeken?page=184
Save Traffic Nederland beheer B.V.,RIJSSEN,Fahrenheitstraat 13  7461 JA RIJSSEN,Fahrenheitstraat 13  7461 JA RIJSSEN,0548-820990,//savetrafficnederland.nl,https://www.bouwendnederland.nl/vereniging/lidbedrijf-zoeken?page=184
Save Traffic Nederland Beilen B.V.,BEILEN,De Hanekampen 17  9411 XN BEILEN,De Hanekampen 17  9411 XN BEILEN,0548-820990,//www.savetrafficnederland.nl,https://www.bouwendnederland.nl/vereniging/lidbedrijf-zoeken?page=184
Save Traffic Nederland Rijssen B.V.,RIJSSEN,Fahrenheitstraat 13  7461 JA RIJSSEN,Fahrenheitstraat 13  7461 JA RIJSSEN,0548-820990,//www.savetrafficnederland.nl,https://www.bouwendnederland.nl/vereniging/lidbedrijf-zoeken?page=184
SBB Bouwgroep bv,BEVERWIJK,Parallelweg 8  1948 NM BEVERWIJK,Parallelweg 8  1948 NM BEVERWIJK,0251-277777,//www.wijzijnsbb.nl,https://www.bouwendnederland.nl/vereniging/lidbedrijf-zoeken?page=184
SBB Ontwikkelen en Bouwen,BEVERWIJK,Parallelweg 8  1948 NM BEVERWIJK,Parallelweg 8  1948 NM BEVERWIJK,0251-277777,//www.wijzijnSBB.nl,https://www.bouwendnederland.nl/vereniging/lidbedrijf-zoeken?page=184
Schadenberg Bouw B.V.,AMSTERDAM,Postbus 57551  1040 BL AMSTERDAM,Archangelkade 13  1013 BE AMSTERDAM,020-6842525,//www.schadenberg.nl,https://www.bouwendnederland.nl/vereniging/lidbedrijf-zoeken?page=184
Schadenberg Dakwerken B.V.,HEM,Postbus 50  1606 ZH VENHUIZEN,Zuiderkoggeweg 19  1607 MV HEM,0228-545031,//www.schadenberg-hem.nl,https://www.bouwendnederland.nl/vereniging/lidbedrijf-zoeken?page=184
Schadenberg Groep B.V.,HEM,Zuiderkoggeweg 19  1607 MV HEM,Zuiderkoggeweg 19  1607 MV HEM,0228-545020,//www.schadenberg.nl,https://www.bouwendnederland.nl/vereniging/lidbedrijf-zoeken?page=184
Schadenberg GWW,HEM,Postbus 50  1606 ZH VENHUIZEN,Zuiderkoggeweg 19  1607 MV HEM,0228-541225,//www.schadenberg.nl,https://www.bouwendnederland.nl/vereniging/lidbedrijf-zoeken?page=184
Schadenberg Plaisier B.V.,MIDDENMEER,Industrieweg 19  1775 PV MIDDENMEER,Industrieweg 19  1775 PV MIDDENMEER,0227-501555,//www.plaisier.nl,https://www.bouwendnederland.nl/vereniging/lidbedrijf-zoeken?page=184
Schadenberg Water & Civiel,HEM,Zuiderkoggeweg 19  1607 MV HEM,Zuiderkoggeweg 19  1607 MV HEM,0228-541225,//www.schadenberg.nl,https://www.bouwendnederland.nl/vereniging/lidbedrijf-zoeken?page=184
Schagen Groep Beheer B.V.,HASSELT,Postbus 619  8000 AP ZWOLLE,Hanzeweg 21  8061 RC HASSELT,038-4771741,//www.schagengroep.nl,https://www.bouwendnederland.nl/vereniging/lidbedrijf-zoeken?page=184
Schagen Infra BV,HASSELT,Postbus 619  8000 AP ZWOLLE,Hanzeweg 21  8061 RC HASSELT,038-4771741,//www.schageninfra.nl,https://www.bouwendnederland.nl/vereniging/lidbedrijf-zoeken?page=184
Schagen Materieel Service B.V.,HASSELT,Hanzeweg 21  8061 RC HASSELT,Hanzeweg 21  8061 RC HASSELT,,,https://www.bouwendnederland.nl/vereniging/lidbedrijf-zoeken?page=184
Schagen Zwolle B.V.,HASSELT,Postbus 619  8000 AP ZWOLLE,Hanzeweg 21  8061 RC HASSELT,038-4771741,//www.schagen-zwolle.nl,https://www.bouwendnederland.nl/vereniging/lidbedrijf-zoeken?page=184
Schakel Afbouw,ALMELO,Wierdensestraat 114  7604 BK ALMELO,Wierdensestraat 114  7604 BK ALMELO,0546-810555,//www.schakel.nl,https://www.bouwendnederland.nl/vereniging/lidbedrijf-zoeken?page=185
Schapers Beleggingen BV,RAAMSDONKSVEER,Postbus 150  4940 AD RAAMSDONKSVEER,Keizersveer 15  4941 TA RAAMSDONKSVEER,0162-512551,//www.schapers.nl,https://www.bouwendnederland.nl/vereniging/lidbedrijf-zoeken?page=185
Schapers Holding B.V.,RAAMSDONKSVEER,Postbus 150  4940 AD RAAMSDONKSVEER,Keizersveer 15  4941 TA RAAMSDONKSVEER,0162-512551,//www.schapers.nl,https://www.bouwendnederland.nl/vereniging/lidbedrijf-zoeken?page=185
Schaufeli Wegenbouw B.V.,APELDOORN,Westenenkerweg 68  7335 CZ APELDOORN,Westenenkerweg 68  7335 CZ APELDOORN,055-5332048,//www.Schaufeli.nl,https://www.bouwendnederland.nl/vereniging/lidbedrijf-zoeken?page=185
Schavast B.V.,HASSELT,Hanzeweg 21  8061 RC HASSELT,Hanzeweg 21  8061 RC HASSELT,,,https://www.bouwendnederland.nl/vereniging/lidbedrijf-zoeken?page=185
Scheffer-Halle B.V. Aannemersbedrijf,HALLE,Halle-Heideweg 11  7025 CG HALLE,Halle-Heideweg 11  7025 CG HALLE,0314-631300,//www.schefferhallebv.nl.,https://www.bouwendnederland.nl/vereniging/lidbedrijf-zoeken?page=185
Schenkelbouw BV,CAPELLE AAN DEN IJSSEL,Bermweg 236  2906 LG CAPELLE AAN DEN IJSSEL,Bermweg 236  2906 LG CAPELLE AAN DEN IJSSEL,010-2269514,//www.schenkelbouw.nl,https://www.bouwendnederland.nl/vereniging/lidbedrijf-zoeken?page=185
Scherrenberg Holding Nieuwegein B.V.,NIEUWEGEIN,Overijsselhaven 5  3433 PH NIEUWEGEIN,Overijsselhaven 5  3433 PH NIEUWEGEIN,030-2887765,//www.scherrenberg.com,https://www.bouwendnederland.nl/vereniging/lidbedrijf-zoeken?page=185
Scheuten Base Glass B.V.,VENLO,Magalhaesweg 10  5928 LN VENLO,Magalhaesweg 10  5928 LN VENLO,077-3599301,//www.scheuten.com,https://www.bouwendnederland.nl/vereniging/lidbedrijf-zoeken?page=185
Scheuten Glas Nederland B.V.,VENLO,Postbus 22  5900 AA VENLO,Van Heemskerckweg 9  5928 LL VENLO,077-3599222,//www.scheuten.com,https://www.bouwendnederland.nl/vereniging/lidbedrijf-zoeken?page=185
Scheuten Glas Nederland B.V. - Hoorn,ZWAAG,De Marowijne 4  1689 AR ZWAAG,De Marowijne 4  1689 AR ZWAAG,0229-253800,//http://www.scheuten.com,https://www.bouwendnederland.nl/vereniging/lidbedrijf-zoeken?page=185
Scholten en Hofste Bouw B.V.,ALMELO,Bornerbroeksestraat 155  7601 BG ALMELO,Bornerbroeksestraat 155  7601 BG ALMELO,0546-454541,//www.scholten-hofste.nl,https://www.bouwendnederland.nl/vereniging/lidbedrijf-zoeken?page=185
Scholtens Bouw Wognum B.V.,WOGNUM,Postbus 8  1687 ZG WOGNUM,Geert Scholtenslaan 10  1687 CL WOGNUM,0229-281810,//www.scholtens.eu,https://www.bouwendnederland.nl/vereniging/lidbedrijf-zoeken?page=185
Scholtens Holding Groep B.V.,WOGNUM,Postbus 8  1687 ZG WOGNUM,Geert Scholtenslaan 10  1687 CL WOGNUM,0229-281800,//www.scholtens.eu,https://www.bouwendnederland.nl/vereniging/lidbedrijf-zoeken?page=185
Schooten Houtbouw B.V.,RIJSSEN,Broedersdijk 1  7462 LA RIJSSEN,Jutestraat 27  7461 TS RIJSSEN,0653-429474,//www.schootenhoutbouw.nl,https://www.bouwendnederland.nl/vereniging/lidbedrijf-zoeken?page=185
Schoots TotaalBouw B.V.,BOVEN-LEEUWEN,Tesstraat 42  6657 CN BOVEN-LEEUWEN,Tesstraat 42  6657 CN BOVEN-LEEUWEN,8320-8734,//www.schoots-totaalbouw.nl,https://www.bouwendnederland.nl/vereniging/lidbedrijf-zoeken?page=185
Schotgroep Aannemingsbedrijf B.V.,HEERJANSDAM,Postbus 20  2995 ZG HEERJANSDAM,Uilenvlietsehaven 1  2995 DB HEERJANSDAM,078-6777025,//www.schotgroep.nl,https://www.bouwendnederland.nl/vereniging/lidbedrijf-zoeken?page=185
SCHOTGROEP B.V.,HEERJANSDAM,Postbus 20  2995 ZG HEERJANSDAM,Uilenvlietsehaven 1  2995 DB HEERJANSDAM,078-6777025,//www.schotgroep.nl,https://www.bouwendnederland.nl/vereniging/lidbedrijf-zoeken?page=185
Schotgroep Bodemafsluiting B.V.,HEERJANSDAM,Postbus 20  2995 ZG HEERJANSDAM,Uilenvlietsehaven 1  2995 DB HEERJANSDAM,078-6777025,//www.schotgroep.nl,https://www.bouwendnederland.nl/vereniging/lidbedrijf-zoeken?page=185
Schotgroep Groenvoorziening B.V.,HEERJANSDAM,Postbus 20  2995 ZG HEERJANSDAM,Uilenvlietsehaven 1  2995 DB HEERJANSDAM,078-6777025,//www.schotgroep.nl,https://www.bouwendnederland.nl/vereniging/lidbedrijf-zoeken?page=185
Schotgroep Services B.V.,HEERJANSDAM,Uilenvlietsehaven 1  2995 DB HEERJANSDAM,Uilenvlietsehaven 1  2995 DB HEERJANSDAM,078-6777021,//https://services.schotgroep.nl,https://www.bouwendnederland.nl/vereniging/lidbedrijf-zoeken?page=186
Schotman Restauratie B.V.,VORDEN,Enkweg 5  7251 EV VORDEN,Enkweg 5  7251 EV VORDEN,0575-847120,//www.schotmanrestauraties.nl,https://www.bouwendnederland.nl/vereniging/lidbedrijf-zoeken?page=186
Schout Bouw B.V.,MIDDELBURG,Voltaweg 27 d 4338 PS MIDDELBURG,Voltaweg 27 d 4338 PS MIDDELBURG,0118-635659,//www.schoutbouw.nl,https://www.bouwendnederland.nl/vereniging/lidbedrijf-zoeken?page=186
Schreuder Bouw B.V.,VEENDAM,Ambachtsweg 10  9645 LV VEENDAM,Ambachtsweg 10  9645 LV VEENDAM,0598-615960,//www.schreuderbouw.nl,https://www.bouwendnederland.nl/vereniging/lidbedrijf-zoeken?page=186
Schreuder Bouwen Langs Water en Wegen B.V.,WIJCHEN,Postbus 193  6600 AD WIJCHEN,Jan van der Heydenstraat 2  6603 BA WIJCHEN,020-6333676,//https://schreuder-bouwenlangswaterenwegen.nl/,https://www.bouwendnederland.nl/vereniging/lidbedrijf-zoeken?page=186
Schreuder Bouwmanagement B.V.,VELDHOVEN,Sondervick 93 a 5505 NC VELDHOVEN,Sondervick 93 a 5505 NC VELDHOVEN,040-2300613,//www.schreuderbouwmanagement.nl,https://www.bouwendnederland.nl/vereniging/lidbedrijf-zoeken?page=186
Schrijvers Technische Installaties B.V.,OSS,Postbus 179  5340 AD OSS,Kanaalstraat 12  5347 KM OSS,0412-669455,//www.hendriks-bouwoss.nl,https://www.bouwendnederland.nl/vereniging/lidbedrijf-zoeken?page=186
Schroën Glas B.V.,DEURNE,Daalder 15  5753 SZ DEURNE,Daalder 15  5753 SZ DEURNE,049-3354100,//www.schroenglas.nl,https://www.bouwendnederland.nl/vereniging/lidbedrijf-zoeken?page=186
Schutte Bouw B.V.,GIESSEN,Productiestraat 28  4283 JM GIESSEN,Productiestraat 28  4283 JM GIESSEN,0183-441718,//www.schutte-bouw.nl,https://www.bouwendnederland.nl/vereniging/lidbedrijf-zoeken?page=186
Schuurkampbouw,VEENENDAAL,Turbinestraat 8 m 3903 LW VEENENDAAL,Turbinestraat 8 m 3903 LW VEENENDAAL,0318-507010,//www.schuurkampbouw.nl,https://www.bouwendnederland.nl/vereniging/lidbedrijf-zoeken?page=186
SdR Bouw & Advies,BUSSUM,P.M.R. Versteeghstraat 75  1403 RT BUSSUM,P.M.R. Versteeghstraat 75  1403 RT BUSSUM,0637-141892,,https://www.bouwendnederland.nl/vereniging/lidbedrijf-zoeken?page=186
Sealteq Group B.V.,STADSKANAAL,Tinnegieter 31  9502 EX STADSKANAAL,Tinnegieter 31  9502 EX STADSKANAAL,0599-696333,//www.sealteq.com,https://www.bouwendnederland.nl/vereniging/lidbedrijf-zoeken?page=186
SealteQ Heerenveen B.V.,HEERENVEEN,De Ynfeart 4  8447 GM HEERENVEEN,De Ynfeart 4  8447 GM HEERENVEEN,0513-628583,//www.sealteq.com,https://www.bouwendnederland.nl/vereniging/lidbedrijf-zoeken?page=186
SealteQ Ivacon B.V.,AMSTERDAM,Dukdalfweg 23  1041 BC AMSTERDAM,Dukdalfweg 23  1041 BC AMSTERDAM,020-4115314,//www.sealteq.com,https://www.bouwendnederland.nl/vereniging/lidbedrijf-zoeken?page=186
SealteQ Noord B.V.,STADSKANAAL,Postbus 245  9500 AE STADSKANAAL,Tinnegieter 31  9502 EX STADSKANAAL,0599-696333,//www.sealteq.nl,https://www.bouwendnederland.nl/vereniging/lidbedrijf-zoeken?page=186
SealteQ West B.V.,WADDINXVEEN,Coenecoop 212  2741 PK WADDINXVEEN,Coenecoop 212  2741 PK WADDINXVEEN,0182-716868,//www.sealteq.com,https://www.bouwendnederland.nl/vereniging/lidbedrijf-zoeken?page=186
Segerink Aannemersbedrijf Oldenzaal B.V.,OLDENZAAL,Tankenbergstraat 1  7577 PT OLDENZAAL,Tankenbergstraat 1  7577 PT OLDENZAAL,0541-512983,//www.segerink-aannemer.nl,https://www.bouwendnederland.nl/vereniging/lidbedrijf-zoeken?page=186
SelektHuis Bouw B.V.,RIJSSEN,Postbus 180  7460 AD RIJSSEN,Kalanderstraat 51  7461 JL RIJSSEN,0548-537500,//www.selekthuis.nl,https://www.bouwendnederland.nl/vereniging/lidbedrijf-zoeken?page=186
Selekthuis Ontwikkeling,RIJSSEN,Postbus 180  7460 AD RIJSSEN,Kalanderstraat 51  7461 JL RIJSSEN,0548-537500,//www.SelektHuis.nl,https://www.bouwendnederland.nl/vereniging/lidbedrijf-zoeken?page=186
Sens Bouw B.V.,VLAARDINGEN,Kreekweg 14  3133 AZ VLAARDINGEN,Kreekweg 14  3133 AZ VLAARDINGEN,010-4351658,//www.sensbouw.nl,https://www.bouwendnederland.nl/vereniging/lidbedrijf-zoeken?page=186
SenS Montage B.V.,VLAARDINGEN,Kreekweg 14  3133 AZ VLAARDINGEN,Kreekweg 14  3133 AZ VLAARDINGEN,,,https://www.bouwendnederland.nl/vereniging/lidbedrijf-zoeken?page=187
Senz Bouw B.V.,EDAM,Beitelstraat 13 A 1135 KX EDAM,Nijverheidstraat 23 C 1135 GE EDAM,0299-374380,//www.senzbouw.nl,https://www.bouwendnederland.nl/vereniging/lidbedrijf-zoeken?page=187
Service Glasherstel Overgelder,HOOGEVEEN,De Lavalstraat 13 b 7903 BC HOOGEVEEN,De Lavalstraat 13 b 7903 BC HOOGEVEEN,085-2020611,//https://serviceglasherstelovergelder.nl,https://www.bouwendnederland.nl/vereniging/lidbedrijf-zoeken?page=187
Service Glasherstel OverGelder B.V.,DEVENTER,Wismarstraat 3  7418 BN DEVENTER,Wismarstraat 3  7418 BN DEVENTER,085-2020611,//www.serviceglasherstelovergelder.nl,https://www.bouwendnederland.nl/vereniging/lidbedrijf-zoeken?page=187
Service Glasherstel OverGelder B.V.,ZWOLLE,Wilhelm Rontgenstraat 3 b 8013 NE ZWOLLE,Wilhelm Rontgenstraat 3 b 8013 NE ZWOLLE,0570-630320,//www.serviceglasherstelovergelder.nl,https://www.bouwendnederland.nl/vereniging/lidbedrijf-zoeken?page=187
Service Glasherstel Overgelder B.V.,ENSCHEDE,De Reulver 103 a 7544 RT ENSCHEDE,De Reulver 103 a 7544 RT ENSCHEDE,0570-630320,,https://www.bouwendnederland.nl/vereniging/lidbedrijf-zoeken?page=187
SHP Bouwbedrijven B.V.,GROU,It Molelan 1  9001 XS GROU,It Molelan 1  9001 XS GROU,0566-654444,//www.shp.nl,https://www.bouwendnederland.nl/vereniging/lidbedrijf-zoeken?page=187
"SHP Bouwbedrijven B.V., vestiging Groningen",GRONINGEN,Diamantlaan 6  9743 BG GRONINGEN,Diamantlaan 6  9743 BG GRONINGEN,050-5255406,//www.shp.nl,https://www.bouwendnederland.nl/vereniging/lidbedrijf-zoeken?page=187
Siderius Advies,LELYSTAD,Kolkweg 49  8243 PN LELYSTAD,Kolkweg 49  8243 PN LELYSTAD,,,https://www.bouwendnederland.nl/vereniging/lidbedrijf-zoeken?page=187
Siers Leiding- en Montageprojekten B.V.  vestiging Elst,ELST GLD,Nijverheidsweg 29  6662 NG ELST GLD,Nijverheidsweg 29  6662 NG ELST GLD,0541-572200,//www.siersgroep.nl,https://www.bouwendnederland.nl/vereniging/lidbedrijf-zoeken?page=187
Siers Leiding- en Montageprojekten B.V. vestiging Dordrecht,DORDRECHT,Kreekweg 1  3316 BD DORDRECHT,Kreekweg 1  3316 BD DORDRECHT,0180-417733,//www.siersgroep.nl,https://www.bouwendnederland.nl/vereniging/lidbedrijf-zoeken?page=187
Siers Leiding- en Montageprojekten B.V. vestiging Hattem,HATTEM,Hilsdijk 108  8051 KE HATTEM,Hilsdijk 108  8051 KE HATTEM,0541-572200,//www.siersgroep.nl,https://www.bouwendnederland.nl/vereniging/lidbedrijf-zoeken?page=187
Siers Leiding- en Montageprojekten B.V. vestiging Raalte,RAALTE,Karveelstraat 7  8102 GX RAALTE,Karveelstraat 7  8102 GX RAALTE,0541-572200,//www.siersgroep.nl,https://www.bouwendnederland.nl/vereniging/lidbedrijf-zoeken?page=187
Siers Leiding- Montageprojekten Oldenzaal B.V.,OLDENZAAL,Postbus 307  7570 AH OLDENZAAL,Schuttersveldstraat 22  7575 BR OLDENZAAL,0541-572200,//www.siersgroep.nl,https://www.bouwendnederland.nl/vereniging/lidbedrijf-zoeken?page=187
Sijbers Bouw- en Timmerbedrijf B.V.,KRONENBERG,De Hees 70 b 5976 NJ KRONENBERG,De Hees 70 b 5976 NJ KRONENBERG,077-4672964,//www.sijbersbouwbedrijf.nl,https://www.bouwendnederland.nl/vereniging/lidbedrijf-zoeken?page=187
Sijmens Bouw B.V.,'S-HERTOGENBOSCH,Kleine Wijken 15  5236 XC 'S-HERTOGENBOSCH,Kleine Wijken 15  5236 XC 'S-HERTOGENBOSCH,073-6448082,//www.sijmensbouw.nl,https://www.bouwendnederland.nl/vereniging/lidbedrijf-zoeken?page=187
Simons Bouwgroep B.V.,TERNEUZEN,Patentweg 12  4538 BR TERNEUZEN,Patentweg 12  4538 BR TERNEUZEN,0115-780925,//www.simonsbg.nl,https://www.bouwendnederland.nl/vereniging/lidbedrijf-zoeken?page=187
Sinkegroep Infra B.V.,KRUININGEN,Nishoek 38 a 4416 PE KRUININGEN,Nishoek 38 a 4416 PE KRUININGEN,0113-382160,//www.sinkegroep.nl,https://www.bouwendnederland.nl/vereniging/lidbedrijf-zoeken?page=187
Sinnige Bouw Heerhugowaard BV,HEERHUGOWAARD,Flemingstraat 44  1704 SL HEERHUGOWAARD,Flemingstraat 44  1704 SL HEERHUGOWAARD,072-5724423,//www.sinnigebouw.nl,https://www.bouwendnederland.nl/vereniging/lidbedrijf-zoeken?page=187
SiTiBa B.V.,STADSKANAAL,Tinnegieter 54  9502 EX STADSKANAAL,Tinnegieter 54  9502 EX STADSKANAAL,0599-322401,//www.zandstra.nl,https://www.bouwendnederland.nl/vereniging/lidbedrijf-zoeken?page=187
SKN Bouw B.V.,ZOETERMEER,Kryptonstraat 10  2718 TD ZOETERMEER,Kryptonstraat 10  2718 TD ZOETERMEER,079-3600505,//www.sknbouw.nl,https://www.bouwendnederland.nl/vereniging/lidbedrijf-zoeken?page=188
Slokker Aannemersbedrijf,HUIZEN,Ambachtsweg 52 b 1271 AM HUIZEN,Ambachtsweg 52 b 1271 AM HUIZEN,035-5259796,//www.slokker.nl,https://www.bouwendnederland.nl/vereniging/lidbedrijf-zoeken?page=188
Sloop-Team B.V.,WOERDEN,Leidekkersweg 18  3449 JH WOERDEN,Leidekkersweg 18  3449 JH WOERDEN,6-43230698,//www.sloop-team.nl,https://www.bouwendnederland.nl/vereniging/lidbedrijf-zoeken?page=188
Smals Bouwgrondstoffen B.V.,KATWIJK NB,Keersluisweg 9  5433 NM KATWIJK NB,Keersluisweg 9  5433 NM KATWIJK NB,,,https://www.bouwendnederland.nl/vereniging/lidbedrijf-zoeken?page=188
Smals Dredging B.V.,KATWIJK NB,Keersluisweg 9  5433 NM KATWIJK NB,Keersluisweg 9  5433 NM KATWIJK NB,0485-335170,//https://smals.com/,https://www.bouwendnederland.nl/vereniging/lidbedrijf-zoeken?page=188
Smals IJsselmeer B.V.,KATWIJK NB,Keersluisweg 9  5433 NM KATWIJK NB,Keersluisweg 9  5433 NM KATWIJK NB,0485-335170,//https://smals.com/ijsselmeer/,https://www.bouwendnederland.nl/vereniging/lidbedrijf-zoeken?page=188
Smals IKW B.V.,KATWIJK NB,Keersluisweg 9  5433 NM KATWIJK NB,Keersluisweg 9  5433 NM KATWIJK NB,,,https://www.bouwendnederland.nl/vereniging/lidbedrijf-zoeken?page=188
Smeets Bouw BV,MAASTRICHT,Kotterweg 20  6222 NR MAASTRICHT,Kotterweg 20  6222 NR MAASTRICHT,043-3690880,//www.smeetsbouw.nl,https://www.bouwendnederland.nl/vereniging/lidbedrijf-zoeken?page=188
Smeets Groep B.V.,MAASTRICHT,Kotterweg 20  6222 NR MAASTRICHT,Kotterweg 20  6222 NR MAASTRICHT,043-3690880,//www.smeetsgroep.nl,https://www.bouwendnederland.nl/vereniging/lidbedrijf-zoeken?page=188
Smeets Vastgoedservice BV,MAASTRICHT,Kotterweg 20  6222 NR MAASTRICHT,Kotterweg 20  6222 NR MAASTRICHT,043-6018222,//www.smeetsvastgoedservice.nl,https://www.bouwendnederland.nl/vereniging/lidbedrijf-zoeken?page=188
Smeltink Bouw- en Aannemingsbedrijf B.V.,ANGERLO,Kruisstraat 4  6986 CL ANGERLO,Kruisstraat 4  6986 CL ANGERLO,0313-472702,//www.smeltink.nl,https://www.bouwendnederland.nl/vereniging/lidbedrijf-zoeken?page=188
Smits Isolatieglas B.V.,HANDEL,Handelseweg 43  5423 SB HANDEL,Handelseweg 43  5423 SB HANDEL,0492-362622,//www.smitsbedrijven.nl,https://www.bouwendnederland.nl/vereniging/lidbedrijf-zoeken?page=188
Smits Neuchâtel Infrastructuur B.V.,UTRECHT,Postbus 8294  3503 RG UTRECHT,Groenewoudsedijk 10  3528 BG UTRECHT,030-2840740,//www.smitsneuchatel.nl,https://www.bouwendnederland.nl/vereniging/lidbedrijf-zoeken?page=188
Smits Neuchâtel Infrastructuur B.V.,UTRECHT,Postbus 8294  3503 RG UTRECHT,Groenewoudsedijk 10  3528 BG UTRECHT,030-2840750,//www.smitsneuchatel.nl,https://www.bouwendnederland.nl/vereniging/lidbedrijf-zoeken?page=188
Smolenaers Bouw B.V.,WEERT,Postbus 221  6000 AE WEERT,Emmasingel 48  6001 BD WEERT,0495-566888,//www.smolenaersbouw.nl,https://www.bouwendnederland.nl/vereniging/lidbedrijf-zoeken?page=188
SMT Betontechniek,BREDA,Postbus 8800  4820 BC BREDA,Schapenweide 6  4824 AN BREDA,076-5960500,//www.smtbetontechniek.nl,https://www.bouwendnederland.nl/vereniging/lidbedrijf-zoeken?page=188
Snelbouw Haaren B.V.,HAAREN,Eind 9 a 5076 TD HAAREN,Eind 9 a 5076 TD HAAREN,0411-622277,//www.snelbouwhaaren.nl,https://www.bouwendnederland.nl/vereniging/lidbedrijf-zoeken?page=188
Snellen Bouw en Montage,BARNEVELD,Wilhelminastraat 73  3771 AP BARNEVELD,Wilhelminastraat 73  3771 AP BARNEVELD,0653-733647,//www.snellenbarneveld.nl,https://www.bouwendnederland.nl/vereniging/lidbedrijf-zoeken?page=188
Snepvangers Glasservice B.V.,BERGEN OP ZOOM,Edisonlaan 13  4622 RB BERGEN OP ZOOM,Edisonlaan 13  4622 RB BERGEN OP ZOOM,0164-244750,//www.snepvangersglas.nl,https://www.bouwendnederland.nl/vereniging/lidbedrijf-zoeken?page=188
Sobran Holding bv,HARDINXVELD-GIESSENDAM,Buitendams 484  3371 BX HARDINXVELD-GIESSENDAM,Buitendams 484  3371 BX HARDINXVELD-GIESSENDAM,0184-208830,//www.wmeerkerk.nl,https://www.bouwendnederland.nl/vereniging/lidbedrijf-zoeken?page=188
SOED B.V.,NOORDWIJKERHOUT,Walserij 2  2211 SJ NOORDWIJKERHOUT,Walserij 2  2211 SJ NOORDWIJKERHOUT,071-7440080,//www.soed.nl,https://www.bouwendnederland.nl/vereniging/lidbedrijf-zoeken?page=189
Soil-ID,VIANEN UT,Marconiweg 4  4131 PD VIANEN UT,Marconiweg 4  4131 PD VIANEN UT,076-5498370,//www.soilid.nl,https://www.bouwendnederland.nl/vereniging/lidbedrijf-zoeken?page=189
Solid Contractors B.V.,PURMEREND,Magneet 14 f 1446 XD PURMEREND,Magneet 14 f 1446 XD PURMEREND,,,https://www.bouwendnederland.nl/vereniging/lidbedrijf-zoeken?page=189
Solvoy B.V.,VINKEVEEN,Spoorlaan 37 A 3645 EK VINKEVEEN,Spoorlaan 37 A 3645 EK VINKEVEEN,0297-266995,//www.solvoy.nl,https://www.bouwendnederland.nl/vereniging/lidbedrijf-zoeken?page=189
Son Nederland B.V.,SCHIJNDEL,Nieuwe Molenheide 16  5482 ZV SCHIJNDEL,Nieuwe Molenheide 16  5482 ZV SCHIJNDEL,073-5498000,//www.sonsteigerbouw.nl,https://www.bouwendnederland.nl/vereniging/lidbedrijf-zoeken?page=189
Sonneborgh Ontwikkeling B.V.,EINDHOVEN,Postbus 1787  5602 BT EINDHOVEN,Schimmelt 30  5611 ZX EINDHOVEN,040-3032121,//www.sonneborgh.nl,https://www.bouwendnederland.nl/vereniging/lidbedrijf-zoeken?page=189
Sophimil Milieu B.V.,MILLINGEN AAN DE RIJN,Wethouder Koenenstraat 21  6566 XD MILLINGEN AAN DE RIJN,Wethouder Koenenstraat 21  6566 XD MILLINGEN AAN DE RIJN,0481-785582,//www.sophimil.eu,https://www.bouwendnederland.nl/vereniging/lidbedrijf-zoeken?page=189
Spaargaren's Bouw- en Aannemersbedrijf B.V.,RIJSENHOUT,Aalsmeerderdijk 524 525 1435 BP RIJSENHOUT,Aalsmeerderdijk 524 525 1435 BP RIJSENHOUT,0297-325267,//www.spaargarensbouw.nl,https://www.bouwendnederland.nl/vereniging/lidbedrijf-zoeken?page=189
Sparbouw,VROUWENPOLDER,Palsterstraat 26  4354 AM VROUWENPOLDER,Palsterstraat 26  4354 AM VROUWENPOLDER,0118-856325,//www.sparbouw.nl,https://www.bouwendnederland.nl/vereniging/lidbedrijf-zoeken?page=189
Specialistische Bedekkingen en Onderhoudstechnieken B.V.,ANDELST,Ambachtsweg 56  6673 DK ANDELST,Ambachtsweg 56  6673 DK ANDELST,0488-453154,//www.gietasfalt.nl,https://www.bouwendnederland.nl/vereniging/lidbedrijf-zoeken?page=189
Spee Holding B.V.,ROTTERDAM,Cairostraat 51  3047 BB ROTTERDAM,Cairostraat 51  3047 BB ROTTERDAM,010-4152288,//www.spee.nl,https://www.bouwendnederland.nl/vereniging/lidbedrijf-zoeken?page=189
Spee Holding B.V.,ROTTERDAM,Cairostraat 51  3047 BB ROTTERDAM,Cairostraat  51  3047 BB ROTTERDAM,010-4152288,//www.speebouw.nl,https://www.bouwendnederland.nl/vereniging/lidbedrijf-zoeken?page=189
Spee Holding B.V.,ROTTERDAM,Cairostraat 51  3047 BB ROTTERDAM,Cairostraat 51  3047 BB ROTTERDAM,010-4152288,,https://www.bouwendnederland.nl/vereniging/lidbedrijf-zoeken?page=189
Speessen Wegenbouw B.V.,THORN,Postbus 3558  6017 ZH THORN,Sleestraat 17  6017 CA THORN,0475-566660,//www.speessen.nl,https://www.bouwendnederland.nl/vereniging/lidbedrijf-zoeken?page=189
SPG Infratechniek,ZOETERMEER,Postbus 483  2700 AL ZOETERMEER,Zilverstraat 69  2718 RP ZOETERMEER,,,https://www.bouwendnederland.nl/vereniging/lidbedrijf-zoeken?page=189
SPG Midden Nederland,BILTHOVEN,P.C. Staalweg 100  3721 TJ BILTHOVEN,P.C. Staalweg 100  3721 TJ BILTHOVEN,030-2948765,//www.spgmn.nl,https://www.bouwendnederland.nl/vereniging/lidbedrijf-zoeken?page=189
SPG Noord-Holland,HEERHUGOWAARD,Stationsplein 129  1703 WE HEERHUGOWAARD,Stationsplein 129  1703 WE HEERHUGOWAARD,072-5714743,//www.spgnh.nl,https://www.bouwendnederland.nl/vereniging/lidbedrijf-zoeken?page=189
SPG Zuid-Holland,Waddinxveen,Kanaaldijk 11  2741 PA WADDINXVEEN,Kanaaldijk 11  2741 PA Waddinxveen,010-2730188,//www.spg-infra.nl,https://www.bouwendnederland.nl/vereniging/lidbedrijf-zoeken?page=189
Spieker Bouw & Advies,AMSTERDAM,Palmgracht 63  1015 HL AMSTERDAM,Palmgracht 63  1015 HL AMSTERDAM,06-15962602,//www.spiekerbouw.nl,https://www.bouwendnederland.nl/vereniging/lidbedrijf-zoeken?page=189
Spijkergoed B.V.,EERSEL,Meerheide 103  5521 DX EERSEL,Meerheide 103  5521 DX EERSEL,0497-575757,//www.spijkergoed.nl,https://www.bouwendnederland.nl/vereniging/lidbedrijf-zoeken?page=189
Spikkerbouw B.V.,EIBERGEN,Venneslatweg 24  7151 HD EIBERGEN,Venneslatweg 24  7151 HD EIBERGEN,0544-371539,//www.spikkerbouw.nl,https://www.bouwendnederland.nl/vereniging/lidbedrijf-zoeken?page=190
SpoeltmanBouw,GENDT,Kruisstraat 17  6691 EP GENDT,Kruisstraat 17  6691 EP GENDT,0481-421144,//www.spoeltmanbouw.nl,https://www.bouwendnederland.nl/vereniging/lidbedrijf-zoeken?page=190
Sprangers Metselwerk en Meer,WASPIK,Herman Boerhaavestraat 6  5165 EG WASPIK,Herman Boerhaavestraat 6  5165 EG WASPIK,0416-312335,//www.sprangersmetselwerk.nl,https://www.bouwendnederland.nl/vereniging/lidbedrijf-zoeken?page=190
SQ-Bouw B.V.,EPE,Rutgershof 5  8161 TB EPE,Rutgershof 5  8161 TB EPE,004-1120,//www.sq-bouw.nl,https://www.bouwendnederland.nl/vereniging/lidbedrijf-zoeken?page=190
SRS Construction & Engineering B.V.,ROTTERDAM,Posthoornstraat 17  3011 WD ROTTERDAM,Posthoornstraat 17  3011 WD ROTTERDAM,010-3077124,//n.v.t.,https://www.bouwendnederland.nl/vereniging/lidbedrijf-zoeken?page=190
SSPB Praktijkcentrum Bouw,SAPPEMEER,Postbus 182  9600 AD HOOGEZAND,Middenstraat 11  9611 KE SAPPEMEER,0598-399590,//www.sspbgroningen.nl,https://www.bouwendnederland.nl/vereniging/lidbedrijf-zoeken?page=190
Staalmeesters Projects BV,LOSSER,Nijverheidstraat 39  7581 PV LOSSER,Nijverheidstraat 39  7581 PV LOSSER,053-4781970,//www.staalmeesters.com,https://www.bouwendnederland.nl/vereniging/lidbedrijf-zoeken?page=190
Stalenhoef Bouwbedrijf CV,NEDERHORST DEN BERG,Machineweg 32 b 1394 AW NEDERHORST DEN BERG,Machineweg 32 b 1394 AW NEDERHORST DEN BERG,0294-257488,//www.stalenhoef-bouwbedrijf.nl,https://www.bouwendnederland.nl/vereniging/lidbedrijf-zoeken?page=190
Stam & Co Infratechniek B.V.,ALKMAAR,Diamantweg 10  1812 RC ALKMAAR,Diamantweg 10  1812 RC ALKMAAR,072-5762200,//www.stamenco.nl,https://www.bouwendnederland.nl/vereniging/lidbedrijf-zoeken?page=190
Stam & Co Leidingwerken B.V.,ALKMAAR,Diamantweg 10  1812 RC ALKMAAR,Diamantweg 10  1812 RC ALKMAAR,072-5762267,//www.stamenco.nl,https://www.bouwendnederland.nl/vereniging/lidbedrijf-zoeken?page=190
Stam + De Koning Bouw bv,EINDHOVEN,Postbus 4003  5604 EA EINDHOVEN,Dillenburgstraat 25 A 5652 AA EINDHOVEN,040-2504300,//www.stamendekoning.nl,https://www.bouwendnederland.nl/vereniging/lidbedrijf-zoeken?page=190
Stam + De Koning Vastgoed B.V.,EINDHOVEN,Postbus 4003  5604 EA EINDHOVEN,Philitelaan  73  5617 AM EINDHOVEN,085-5600520,//www.sdkvastgoed.nl,https://www.bouwendnederland.nl/vereniging/lidbedrijf-zoeken?page=190
Stam Beton- en Gevelrenovatie B.V.,'S-GRAVENHAGE,Zilverstraat 136  2544 EL 'S-GRAVENHAGE,Zilverstraat 136  2544 EL 'S-GRAVENHAGE,070-3292636,//www.stam-bouwtechniek.nl,https://www.bouwendnederland.nl/vereniging/lidbedrijf-zoeken?page=190
Stam Bouw B.V.,NIEUWERKERK AD IJSSEL,Hoogeveenenweg 2 A 2913 LV NIEUWERKERK AD IJSSEL,Hoogeveenenweg 2 A 2913 LV NIEUWERKERK AD IJSSEL,0180-320174,//www.stambouw.nl,https://www.bouwendnederland.nl/vereniging/lidbedrijf-zoeken?page=190
Stam Heerhugowaard Holding B.V.,ALKMAAR,Diamantweg 10  1812 RC ALKMAAR,Diamantweg 10  1812 RC ALKMAAR,072-5762200,//www.stamenco.nl,https://www.bouwendnederland.nl/vereniging/lidbedrijf-zoeken?page=190
Stamhuis Bouwbedrijf B.V.,UTRECHT,Otto Hahnweg 20  3542 AX UTRECHT,Otto Hahnweg 20  3542 AX UTRECHT,030-2412880,//www.stamhuis.nl,https://www.bouwendnederland.nl/vereniging/lidbedrijf-zoeken?page=190
Stappers van der Velden B.V.,TEGELEN,Aan de Zwarte Hond 1  5932 AB TEGELEN,Aan de Zwarte Hond 1  5932 AB TEGELEN,077-3731343,//www.phvandervelden.nl,https://www.bouwendnederland.nl/vereniging/lidbedrijf-zoeken?page=190
Stark Bouw,BARNEVELD,brabanterlaan 38  3772 PK BARNEVELD,Brabanterlaan 38  3772 PK BARNEVELD,0342-416654,//www.starkbouw.nl,https://www.bouwendnederland.nl/vereniging/lidbedrijf-zoeken?page=190
Startblock B.V.,EMMELOORD,Industrieweg 41  8304 AC EMMELOORD,Industrieweg 41  8304 AC EMMELOORD,0527-308100,//https://startblock.nl/,https://www.bouwendnederland.nl/vereniging/lidbedrijf-zoeken?page=190
Staton Bouw B.V.,WERKENDAM,Hulsenboschstraat 7  4251 LR WERKENDAM,Hulsenboschstraat 7  4251 LR WERKENDAM,0183-678194,//www.staton.nl,https://www.bouwendnederland.nl/vereniging/lidbedrijf-zoeken?page=190
Stavba B.V.,RHOON,Ambachtsweg 1  3161 GL RHOON,Ambachtsweg 1  3161 GL RHOON,088-0150600,//www.stavba.nl,https://www.bouwendnederland.nl/vereniging/lidbedrijf-zoeken?page=191
STB Holding B.V.,LISSE,Meer en Duin 297 c 2163 HE LISSE,Meer en Duin 297 c 2163 HE LISSE,0252-747002,,https://www.bouwendnederland.nl/vereniging/lidbedrijf-zoeken?page=191
STB Vastgoed B.V.,LISSE,Meer en Duin 297 c 2163 HE LISSE,Meer en Duin 297 c 2163 HE LISSE,025-2747002,,https://www.bouwendnederland.nl/vereniging/lidbedrijf-zoeken?page=191
Steenbergen Bouwwerken B.V.,BERLICUM NB,Postbus 32  5258 ZG BERLICUM NB,Milrooijseweg 41  5258 KG BERLICUM NB,073-5032527,//www.steenbergen-bouw.nl,https://www.bouwendnederland.nl/vereniging/lidbedrijf-zoeken?page=191
Steigerbouw Arnhem B.V.,ARNHEM,Simon Stevinweg 46  6827 BT ARNHEM,Simon Stevinweg 46  6827 BT ARNHEM,026-4455082,//volgt,https://www.bouwendnederland.nl/vereniging/lidbedrijf-zoeken?page=191
Stekelenburg Glas B.V.,NIEUWEGEIN,Pascalbaan 2  3439 MP NIEUWEGEIN,Pascalbaan 2  3439 MP NIEUWEGEIN,030-2881081,//www.stekelenburgglas.nl,https://www.bouwendnederland.nl/vereniging/lidbedrijf-zoeken?page=191
Stelis Vastgoedontwikkeling B.V.,BREUKELEN UT,Grachtje 18  3631 AH NIEUWERSLUIS,Markt 2 A 3621 AB BREUKELEN UT,0294-244000,//www.stelis.nl,https://www.bouwendnederland.nl/vereniging/lidbedrijf-zoeken?page=191
Stema bouwbedrijf VOF,Sint Maartensdijk,Molenweg 36  4694 BE SCHERPENISSE,Pluimpotweg 50  4695RS Sint Maartensdijk,0166-663001,//www.stemabouwbedrijf.nl,https://www.bouwendnederland.nl/vereniging/lidbedrijf-zoeken?page=191
Stempel B.V.,LEENDE,"Strijperstraat, 1  5595 GA LEENDE",Strijperstraat 1  5595 GA LEENDE,040-2062674,//www.stempelbv.nl,https://www.bouwendnederland.nl/vereniging/lidbedrijf-zoeken?page=191
Stero Afbouw B.V.,Noord scharwoude,De Mossel 69 a 1723 HX NOORD-SCHARWOUDE,De Mossel  69 a 1723 HX Noord scharwoude,0226-428329,//steroafbouw.nl,https://www.bouwendnederland.nl/vereniging/lidbedrijf-zoeken?page=191
Sterrenburg Bouw B.V.,HARDINXVELD-GIESSENDAM,Koningin Wilhelminalaan 17 A 3372 AA HARDINXVELD-GIESSENDAM,Krommegat 23  3372DH HARDINXVELD-GIESSENDAM,0613-273641,//www.sterrenburgbouw.nl,https://www.bouwendnederland.nl/vereniging/lidbedrijf-zoeken?page=191
Steta Bouwbedrijf & Interieur op maat,'S-GRAVENDEEL,Viltweg 1  3295 KT 'S-GRAVENDEEL,Viltweg 1  3295 KT 'S-GRAVENDEEL,078-7920000,//www.steta.nl,https://www.bouwendnederland.nl/vereniging/lidbedrijf-zoeken?page=191
Steur Aannemingen B.V.,OUDENBOSCH,Havendijk 15 a 4731 TA OUDENBOSCH,Havendijk 15 a 4731 TA OUDENBOSCH,,,https://www.bouwendnederland.nl/vereniging/lidbedrijf-zoeken?page=191
Stevacon Bouw B.V.,WESSEM,Postbus 3618  6019 ZG WESSEM,Waage Naak 4  6019 AA WESSEM,0475-567788,//www.stevacon.nl,https://www.bouwendnederland.nl/vereniging/lidbedrijf-zoeken?page=191
Stevin Beton- en Waterbouw B.V.,AMERSFOORT,Podium 9  3826 PA AMERSFOORT,Podium 9  3826 PA AMERSFOORT,0881-866186,,https://www.bouwendnederland.nl/vereniging/lidbedrijf-zoeken?page=191
Stichting Bouwschool Breda,BREDA,Biesdonkweg 31  4826 KS BREDA,Biesdonkweg 31  4826 KS BREDA,076-5306060,//www.bouwschoolbreda.nl,https://www.bouwendnederland.nl/vereniging/lidbedrijf-zoeken?page=191
stichting gemeenschappelijke opleidingsactiviteiten Leidingtechniek Bolegbo/VOK,ZOETERMEER,Zilverstraat 69  2718 RP ZOETERMEER,Zilverstraat 69  2718 RP ZOETERMEER,079-3252265,//www.goaleidingte/goainfraopleidingen.nlchniek.nl,https://www.bouwendnederland.nl/vereniging/lidbedrijf-zoeken?page=191
Stichting Haagbouw,'S-GRAVENHAGE,Postbus 43340  2504 AH 'S-GRAVENHAGE,Zichtenburglaan 216  2544 EB 'S-GRAVENHAGE,070-3997410,//www.haagbouw.nl,https://www.bouwendnederland.nl/vereniging/lidbedrijf-zoeken?page=191
Stienstra & Van der Wal B.V.,IJLST,Rogmolewei 6  8651 EP IJLST,Rogmolewei 6  8651 EP IJLST,0515-533243,//www.stienstra-vanderwal.nl,https://www.bouwendnederland.nl/vereniging/lidbedrijf-zoeken?page=191
Stijkel Bouw bv Aannemingsbedrijf,SCHEEMDA,Postbus 8  9679 ZG SCHEEMDA,Haven Zuidzijde 13  9679 TD SCHEEMDA,0597-591555,//www.stijkelbouw.nl,https://www.bouwendnederland.nl/vereniging/lidbedrijf-zoeken?page=191
Stoffers Bouwbedrijf B.V.,EKEHAAR,Kampweg 6  9454 PE EKEHAAR,Kampweg 6  9454 PE EKEHAAR,0592-389314,//www.stoffers.nl,https://www.bouwendnederland.nl/vereniging/lidbedrijf-zoeken?page=192
Stolk Bouwmaatschappij B.V.,IJMUIDEN,Amperestraat 23  1976 BG IJMUIDEN,Ampèrestraat 23  1976 BG IJMUIDEN,0255-514760,//www.debranding.nl,https://www.bouwendnederland.nl/vereniging/lidbedrijf-zoeken?page=192
Stolker Glas Ede B.V.,EDE GLD,Galvanistraat 88  6716 AE EDE GLD,Galvanistraat 88  6716 AE EDE GLD,0318-641214,//http://www.stolkerglas.com/start.html,https://www.bouwendnederland.nl/vereniging/lidbedrijf-zoeken?page=192
Stolker Glas Harmelen B.V.,NIEUWEGEIN,Wijde Wade 2  3439 NP NIEUWEGEIN,Wijde Wade 2  3439 NP NIEUWEGEIN,030-2855400,//www.stolkerglas.nl,https://www.bouwendnederland.nl/vereniging/lidbedrijf-zoeken?page=192
Stopel bouwprojecten,HENGELO OV,Langelermaatweg 197 -5 7553 JH HENGELO OV,Langelermaatweg 197 -5 7553 JH HENGELO OV,,,https://www.bouwendnederland.nl/vereniging/lidbedrijf-zoeken?page=192
Stornebrink Bouwbedrijf VOF,DRACHTEN,De Emma 2  B 9207 CC DRACHTEN,Ampèrelaan 3 .003 9207 AM DRACHTEN,0512-542048,//www.bouwbedrijfstornebrink.nl,https://www.bouwendnederland.nl/vereniging/lidbedrijf-zoeken?page=192
Stratenmakers- en Wegenbouwbedrijf Bonne Niks bv,VRIEZENVEEN,De Zuivering 34  7671 SP VRIEZENVEEN,De Zuivering 34  7671 SP VRIEZENVEEN,0546-659781,//www.bonneniks.nl,https://www.bouwendnederland.nl/vereniging/lidbedrijf-zoeken?page=192
Stratenmakersbedrijf Hofman & Zn B.V.,WAPENVELD,Wapenvelderkerkweg 14  8191 KL WAPENVELD,Wapenvelder Kerkweg 14  8191 KL WAPENVELD,0578-693128,//www.hofmaninfra.nl,https://www.bouwendnederland.nl/vereniging/lidbedrijf-zoeken?page=192
Strijk Beheer B.V.,ROELOFARENDSVEEN,De Scheepshelling 5  2371 BJ ROELOFARENDSVEEN,De Scheepshelling 5  2371 BJ ROELOFARENDSVEEN,071-5018120,//www.strijkbouw.nl,https://www.bouwendnederland.nl/vereniging/lidbedrijf-zoeken?page=192
Struijk Mileu B.V.,KRIMPEN AAN DE LEK,Noord 77  2931 SJ KRIMPEN AAN DE LEK,Noord 77  2931 SJ KRIMPEN AAN DE LEK,0180-514822,//www.struijk.nl,https://www.bouwendnederland.nl/vereniging/lidbedrijf-zoeken?page=192
Struijk Sloop- en Grondwerken Nederland B.V.,KRIMPEN AAN DE LEK,Noord 77  2931 SJ KRIMPEN AAN DE LEK,Noord 77  2931 SJ KRIMPEN AAN DE LEK,0180-514822,//www.struijk.nl,https://www.bouwendnederland.nl/vereniging/lidbedrijf-zoeken?page=192
Stucbouw bv,BOLSWARD,Postbus 22  8700 AA BOLSWARD,Harlingerstraat 72  8701 WS BOLSWARD,0515-578200,//www.jorritsma-groep.nl,https://www.bouwendnederland.nl/vereniging/lidbedrijf-zoeken?page=192
Stukadoorsbedrijf Steuber,WINTERSWIJK,Spirealaan 110  7101 XV WINTERSWIJK,Spirealaan 110  7101 XV WINTERSWIJK,033-7299976,,https://www.bouwendnederland.nl/vereniging/lidbedrijf-zoeken?page=192
Sturm B.V.,ZAANDAM,Sluispolderweg 3  1505 HJ ZAANDAM,Sluispolderweg 3  1505 HJ ZAANDAM,075-6174051,//www.sturmzaandam.nl,https://www.bouwendnederland.nl/vereniging/lidbedrijf-zoeken?page=192
Sturm Projectontwikkeling B.V.,ZAANDAM,Sluispolderweg 3  1505 HJ ZAANDAM,Sluispolderweg 3  1505 HJ ZAANDAM,075-6174051,//https://www.sturmzaandam.nl/,https://www.bouwendnederland.nl/vereniging/lidbedrijf-zoeken?page=192
Stylish Glass Van Veggel B.V.,LOON OP ZAND,De Hoogt 38 a 5175 AX LOON OP ZAND,De Hoogt 38 a 5175 AX LOON OP ZAND,0416-348890,//www.stylishglass.com,https://www.bouwendnederland.nl/vereniging/lidbedrijf-zoeken?page=192
Suijkerbuijk Bouw & Services B.V.,ROOSENDAAL,Postbus 1355  4700 BJ ROOSENDAAL,Ettenseweg 48  4706 PB ROOSENDAAL,0165-631111,//www.bvrgroep.nl,https://www.bouwendnederland.nl/vereniging/lidbedrijf-zoeken?page=192
Sujo Infraservices B.V.,GORREDIJK,Wetterkant 14 A 8401 GC GORREDIJK,Wetterkant 14 A 8401 GC GORREDIJK,,,https://www.bouwendnederland.nl/vereniging/lidbedrijf-zoeken?page=192
Sultec,RIDDERKERK,Slingehof 21  2987 CW RIDDERKERK,Slingehof 21  2987 CW RIDDERKERK,,,https://www.bouwendnederland.nl/vereniging/lidbedrijf-zoeken?page=192
SVDV bouwprojecten B.V.,MEERLO,Amaliastraat 2  5864 EE MEERLO,Amaliastraat 2  5864 EE MEERLO,,,https://www.bouwendnederland.nl/vereniging/lidbedrijf-zoeken?page=192
SVL Metselwerkein B.V.,SLIEDRECHT,Trapezium 80  3364 DL SLIEDRECHT,Trapezium 80  3364 DL SLIEDRECHT,085-4839150,//www.svlmetselwerken.nl,https://www.bouwendnederland.nl/vereniging/lidbedrijf-zoeken?page=193
Swietelsky Rail Benelux B.V.,OISTERWIJK,Laarakkerweg 11  5061 JR OISTERWIJK,Laarakkerweg 11  5061 JR OISTERWIJK,013-5299800,//www.swietelsky.nl,https://www.bouwendnederland.nl/vereniging/lidbedrijf-zoeken?page=193
Synchroon BV,UTRECHT,Stadsplateau 14  3521 AZ UTRECHT,Stadsplateau 14  3521 AZ UTRECHT,088-0105700,//www.synchroon.nl,https://www.bouwendnederland.nl/vereniging/lidbedrijf-zoeken?page=193
Syntax InfraMediairs B.V.,HARDERWIJK,Industrieweg 9  3846 BB HARDERWIJK,Industrieweg 9  3846 BB HARDERWIJK,0341-262626,//https://www.syntax-infra.nl/,https://www.bouwendnederland.nl/vereniging/lidbedrijf-zoeken?page=193
Systabo B.V.,ENSCHEDE,Postbus 3212  7500 DE ENSCHEDE,Marssteden 200  7547 TD ENSCHEDE,053-4358814,//www.systabo.nl,https://www.bouwendnederland.nl/vereniging/lidbedrijf-zoeken?page=193
Systeembouw SPJ B.V.,BAARLE-NASSAU,Smederijstraat 10  5111 PT BAARLE-NASSAU,Smederijstraat 10  5111 PT BAARLE-NASSAU,013-5076114,//www.systeembouwspj.nl,https://www.bouwendnederland.nl/vereniging/lidbedrijf-zoeken?page=193
"Systeemvloeren Service ""Bunschoten"" B.V.",BUNSCHOTEN-SPAKENBURG,Het Steenland 17 a 3751 LA BUNSCHOTEN-SPAKENBURG,Het Steenland 17 a 3751 LA BUNSCHOTEN-SPAKENBURG,033-2985241,//www.systeemvloeren.eu,https://www.bouwendnederland.nl/vereniging/lidbedrijf-zoeken?page=193
SYTO Dakopbouwen B.V.,MUIDEN,Singelgracht 6  1398 XE MUIDEN,Singelgracht 6  1398 XE MUIDEN,0294-450585,//www.sytodakopbouwen.nl,https://www.bouwendnederland.nl/vereniging/lidbedrijf-zoeken?page=193
T. Vrolijks Holding B.V.,LEERDAM,Horndijk 51  4141 MA LEERDAM,Horndijk 51  4141 MA LEERDAM,085-0768887,//www.vrocast.nl,https://www.bouwendnederland.nl/vereniging/lidbedrijf-zoeken?page=193
T.B.P. Bouw B.V.,WORMERVEER,Vaartdijk 1  1521 HR WORMERVEER,Vaartdijk 1  1521 HR WORMERVEER,075-6573750,//www.tbpbouw.nl,https://www.bouwendnederland.nl/vereniging/lidbedrijf-zoeken?page=193
TA Bouw B.V.,TER APEL,Industrieweg 13  9561 MB TER APEL,Industrieweg 13  9561 MB TER APEL,,,https://www.bouwendnederland.nl/vereniging/lidbedrijf-zoeken?page=193
Tankens Andel B.V.,ANDEL,Hoofdgraaf 69 a 4281 NN ANDEL,Hoofdgraaf 69 a 4281 NN ANDEL,0183-441841,//www.tankens.nl,https://www.bouwendnederland.nl/vereniging/lidbedrijf-zoeken?page=193
Tap Bouw B.V.,'S-GRAVELAND,Loodijk 24 a 1243 JB 'S-GRAVELAND,Loodijk 24 a 1243 JB 'S-GRAVELAND,035-6422707,//www.tapbouw.nl,https://www.bouwendnederland.nl/vereniging/lidbedrijf-zoeken?page=193
Tavos B.V.,ARNHEM,Het Hout 85  6846 EA ARNHEM,Het Hout 85  6846 EA ARNHEM,026-3798126,//www.tavos.nl,https://www.bouwendnederland.nl/vereniging/lidbedrijf-zoeken?page=193
TBI Bouw B.V.,ROTTERDAM,Postbus 23134  3001 KC ROTTERDAM,Wilhelminaplein 37  3072 DE ROTTERDAM,010-2908550,//www.tbi.nl,https://www.bouwendnederland.nl/vereniging/lidbedrijf-zoeken?page=193
TBI Holdings B.V.,ROTTERDAM,Postbus 23134  3001 KC ROTTERDAM,Wilhelminaplein 37  3072 DE ROTTERDAM,010-2908500,//www.tbi.nl,https://www.bouwendnederland.nl/vereniging/lidbedrijf-zoeken?page=193
TBI Infra B.V.,APELDOORN,Postbus 20175  7302 HD APELDOORN,Fauststraat 3  7323 BA APELDOORN,055-5382222,//www.tbi-infra.nl,https://www.bouwendnederland.nl/vereniging/lidbedrijf-zoeken?page=193
TBI Vastgoed,ROTTERDAM,Postbus 4070  3502 HB UTRECHT,Wilhelminaplein 37  3072 DE ROTTERDAM,010-2908550,//www.tbi.nl,https://www.bouwendnederland.nl/vereniging/lidbedrijf-zoeken?page=193
Techniek compleet BV,WENUM WIESEL,Oude Zwolseweg 154  7345 DG WENUM WIESEL,Oude Zwolseweg 154  7345 DG WENUM WIESEL,,,https://www.bouwendnederland.nl/vereniging/lidbedrijf-zoeken?page=193
Technisch Beheer Bor,HERVELD,Romeplein 1  6674 AR HERVELD,Romeplein 1  6674 AR HERVELD,0488-420806,//www.tbbor.nl,https://www.bouwendnederland.nl/vereniging/lidbedrijf-zoeken?page=193
Technisch Bureau Electron,'S-GRAVENHAGE,Archimedesstraat 73  2517 RR 'S-GRAVENHAGE,Archimedesstraat 73  2517 RR 'S-GRAVENHAGE,070-3637602,//www.electron.nu,https://www.bouwendnederland.nl/vereniging/lidbedrijf-zoeken?page=194
TechniVisie,GRONINGEN,Schoolpad 5  9751 RG HAREN GN,Skagerrak 8 a 9723 JR GRONINGEN,,,https://www.bouwendnederland.nl/vereniging/lidbedrijf-zoeken?page=194
Technobeton B.V.,WESSEM,Postbus 7189  6050 AD MAASBRACHT,Molenweg 7  6019 BS WESSEM,0475-462928,//www.technobeton.nl,https://www.bouwendnederland.nl/vereniging/lidbedrijf-zoeken?page=194
Tegelzettersbedrijf M. van der Meer en Zoon,CAPELLE AAN DEN IJSSEL,Hoofdweg 10 f 2908 LC CAPELLE AAN DEN IJSSEL,Hoofdweg 10 f 2908 LC CAPELLE AAN DEN IJSSEL,010-4342751,//www.vdmeertegels.nl,https://www.bouwendnederland.nl/vereniging/lidbedrijf-zoeken?page=194
Temmink Bouwprojekten B.V.,DEVENTER,Herfordstraat 14  7418 EX DEVENTER,Herfordstraat 14  7418 EX DEVENTER,0570-635104,//www.temmink.nl,https://www.bouwendnederland.nl/vereniging/lidbedrijf-zoeken?page=194
TEMP aannemersbedrijf B.V.,BAARN,Oranjestraat 6 D 3743 GD BAARN,Oranjestraat 6 D 3743 GD BAARN,,,https://www.bouwendnederland.nl/vereniging/lidbedrijf-zoeken?page=194
Tempel Bouw,SCHIEDAM,Postbus 573  3100 AN SCHIEDAM,Karel Doormanweg 31  3115 JD SCHIEDAM,010-4264930,//WWW.TEMPELBOUW.NL,https://www.bouwendnederland.nl/vereniging/lidbedrijf-zoeken?page=194
Ten Brinke Bouw B.V.,DOETINCHEM,Havenstraat 15  7005 AG DOETINCHEM,Havenstraat 15  7005 AG DOETINCHEM,0314-371900,//www.tenbrinkebouw.nl,https://www.bouwendnederland.nl/vereniging/lidbedrijf-zoeken?page=194
Ten Brinke Bouw vestiging Utrecht,NIEUWEGEIN,Ravenswade 4  3439 LD NIEUWEGEIN,Ravenswade 4  3439 LD NIEUWEGEIN,,,https://www.bouwendnederland.nl/vereniging/lidbedrijf-zoeken?page=194
Ten Brinke Group B.V.,VARSSEVELD,Postbus 36  7050 AA VARSSEVELD,Burg van der Zandestraat 21  7051 CS VARSSEVELD,0315-881111,//www.tenbrinke.com,https://www.bouwendnederland.nl/vereniging/lidbedrijf-zoeken?page=194
Ten Brinke Materieeldienst B.V.,VARSSEVELD,Postbus 36  7050 AA VARSSEVELD,Burg van der Zandestraat 21  7051 CS VARSSEVELD,031-5881111,//www.tenbrinke.com,https://www.bouwendnederland.nl/vereniging/lidbedrijf-zoeken?page=194
Ten Brinke Oost,ALMELO,Twentepoort Oost 14  7609 RG ALMELO,Twentepoort Oost 14  7609 RG ALMELO,088-8485100,//www.tenbrinke.com,https://www.bouwendnederland.nl/vereniging/lidbedrijf-zoeken?page=194
Ten Brinke Woningbouw B.V.,VARSSEVELD,Burg van der Zandestraat 21  7051 CS VARSSEVELD,Burg van der Zandestraat 21  7051 CS VARSSEVELD,031-5881111,,https://www.bouwendnederland.nl/vereniging/lidbedrijf-zoeken?page=194
Ten Brinke Zuid vestiging Helmond,HELMOND,Europaweg 146  5707 CL HELMOND,Europaweg 146  5707 CL HELMOND,088-8484200,//www.tenbrinke.com,https://www.bouwendnederland.nl/vereniging/lidbedrijf-zoeken?page=194
Ter Brugge Bouw,BORNE,Grotestraat 80  7622 GN BORNE,Grotestraat 80  7622 GN BORNE,074-2670255,//www.terbruggebouw.nl,https://www.bouwendnederland.nl/vereniging/lidbedrijf-zoeken?page=194
ter Maat B.V.,DINXPERLO,Helmkamp 37  7091 HR DINXPERLO,Helmkamp 37  7091 HR DINXPERLO,0315-640466,//www.termaatbestratingen.nl,https://www.bouwendnederland.nl/vereniging/lidbedrijf-zoeken?page=194
Ter Steege Bouw Vastgoed Apeldoorn B.V.,APELDOORN,Postbus 135  7300 AC APELDOORN,Surinameweg 10  7333 PD APELDOORN,055-5431222,//www.tsbouwapeldoorn.nl,https://www.bouwendnederland.nl/vereniging/lidbedrijf-zoeken?page=194
Ter Steege Bouw Vastgoed Delft B.V.,RIJSWIJK ZH,Postbus 218  7460 AE RIJSSEN,Delftweg 58  2289 AL RIJSWIJK ZH,0548-533214,,https://www.bouwendnederland.nl/vereniging/lidbedrijf-zoeken?page=194
Ter Steege Bouw Vastgoed Hardenberg bv,HARDENBERG,Postbus 22  7770 AA HARDENBERG,Lage Inkweg 3  7772 BA HARDENBERG,0523-262166,//www.tsbouwvastgoed.nl,https://www.bouwendnederland.nl/vereniging/lidbedrijf-zoeken?page=194
Ter Steege Bouw Vastgoed Heerhugowaard B.V.,HEERHUGOWAARD,Coulombstraat 8  1704 SP HEERHUGOWAARD,Coulombstraat 8  1704 SP HEERHUGOWAARD,072-5717408,//www.tedgroot.nl,https://www.bouwendnederland.nl/vereniging/lidbedrijf-zoeken?page=194
Ter Steege Bouw Vastgoed Rijssen B.V.,RIJSSEN,Postbus 218  7460 AE RIJSSEN,Reggesingel 32  7461 AK RIJSSEN,0548-530000,//www.tsbouwvastgoed.nl,https://www.bouwendnederland.nl/vereniging/lidbedrijf-zoeken?page=195
Ter Steege Holding B.V.,RIJSSEN,Postbus 218  7460 AE RIJSSEN,Reggesingel 32  7461 AK RIJSSEN,0548-533215,//www.tersteegegroep.nl,https://www.bouwendnederland.nl/vereniging/lidbedrijf-zoeken?page=195
Ter Steege Materieel B.V.,RIJSSEN,Postbus 31  7460 AA RIJSSEN,Nijverheidsstraat 39  7461 AD RIJSSEN,0548-535535,//www.tsmaterieel.nl,https://www.bouwendnederland.nl/vereniging/lidbedrijf-zoeken?page=195
Terhalle B.V.,HENGELO OV,Oosterveldsingel 1  7558 PJ HENGELO OV,Oosterveldsingel 1  7558 PJ HENGELO OV,074-3033900,//www.terhalle-ecobouw.nl,https://www.bouwendnederland.nl/vereniging/lidbedrijf-zoeken?page=195
Tervoort's Bouwbedrijf B.V.,EGMOND AAN DEN HOEF,Mosselaan 124  1934 RD EGMOND AAN DEN HOEF,Mosselaan 124  1934 RD EGMOND AAN DEN HOEF,072-5069650,//www.tervoort.nl,https://www.bouwendnederland.nl/vereniging/lidbedrijf-zoeken?page=195
Testarda B.V.,CAPELLE AAN DEN IJSSEL,Elandstraat 108  2901 BK CAPELLE AAN DEN IJSSEL,Elandstraat 108  2901 BK CAPELLE AAN DEN IJSSEL,010-8466246,//www.testarda.nl,https://www.bouwendnederland.nl/vereniging/lidbedrijf-zoeken?page=195
Teunissen Houtzaak BV,NIJKERK GLD,Vrouwenweg 11  3864 DX NIJKERKERVEEN,Smitspol 15 g 3861 RS NIJKERK GLD,0-0,//www.teunissenhoutzaak.nl,https://www.bouwendnederland.nl/vereniging/lidbedrijf-zoeken?page=195
Teus van den Berg Aannemers- & Timmerbedrijf B.V.,WERKENDAM,van der Kunstraat 2  4251 LN WERKENDAM,van der Kunstraat 2  4251 LN WERKENDAM,0183-661915,//www.teusvandenberg.nl,https://www.bouwendnederland.nl/vereniging/lidbedrijf-zoeken?page=195
Teve Bouwbedrijf B.V.,MONSTER,Havenstraat 54  2681 LC MONSTER,Havenstraat 54  2681 LC MONSTER,0174-280262,//www.tevebouw.nl,https://www.bouwendnederland.nl/vereniging/lidbedrijf-zoeken?page=195
Th. de Rijk,OOSTZAAN,Lisweg 3  1511 XE OOSTZAAN,Lisweg 3  1511 XE OOSTZAAN,075-6843013,//www.bouwbedrijfderijk.nl,https://www.bouwendnederland.nl/vereniging/lidbedrijf-zoeken?page=195
The Modular Building Company,BERGEN OP ZOOM,Lelyweg 23  4612 PS BERGEN OP ZOOM,Lelyweg 23  4612 PS BERGEN OP ZOOM,0164-770890,//www.modularbuildingcompany.nl,https://www.bouwendnederland.nl/vereniging/lidbedrijf-zoeken?page=195
The Q Bouw & Ontwikkeling B.V.,HEILOO,Van Catsstraat 33  1851 JG HEILOO,Van Catsstraat 33  1851 JG HEILOO,072-3036692,//www.theq.nl,https://www.bouwendnederland.nl/vereniging/lidbedrijf-zoeken?page=195
Thesis Bouw Nieuwegein B.V.,NIEUWEGEIN,Ravenswade 150 E 3439 LD NIEUWEGEIN,Ravenswade 150 E 3439 LD NIEUWEGEIN,030-6061584,//www.thesisbouw.nl,https://www.bouwendnederland.nl/vereniging/lidbedrijf-zoeken?page=195
Thi bouw,DE LIER,Lierweg 89  2678 CV DE LIER,Lierweg 89  2678 CV DE LIER,,,https://www.bouwendnederland.nl/vereniging/lidbedrijf-zoeken?page=195
Thoonen Totaal Bouw B.V.,BARENDRECHT,Bijdorp-West 56  2992 LC BARENDRECHT,Bijdorp-West 56  2992 LC BARENDRECHT,0180-474010,//www.ttbbarendrecht.nl,https://www.bouwendnederland.nl/vereniging/lidbedrijf-zoeken?page=195
Tielse Glashandel B.V.,KERK-AVEZAATH,Tielseweg 36 a 4012 BK KERK-AVEZAATH,Tielseweg 36 a 4012 BK KERK-AVEZAATH,0344-617790,//www.tielseglashandel.nl,https://www.bouwendnederland.nl/vereniging/lidbedrijf-zoeken?page=195
Tifa Lemele B.V.,LEMELE,Lemelerweg 38  8148 PC LEMELE,Lemelerweg 38  8148 PC LEMELE,,,https://www.bouwendnederland.nl/vereniging/lidbedrijf-zoeken?page=195
TIFA Lemele Beheer B.V.,LEMELE,Lemelerweg 38  8148 PC LEMELE,Lemelerweg 38  8148 PC LEMELE,,,https://www.bouwendnederland.nl/vereniging/lidbedrijf-zoeken?page=195
Tijdhof Hobema Aannemers B.V.,OLDENZAAL,Ainsworthstraat 33  7575 BS OLDENZAAL,Ainsworthstraat 33  7575 BS OLDENZAAL,0541-512978,//www.tijdhof-hobema.nl,https://www.bouwendnederland.nl/vereniging/lidbedrijf-zoeken?page=195
Tijs Guelen Bouw- en Timmerwerken,WIJCHEN,Edisonstraat 22 C 6604 BV WIJCHEN,Bijsterhuizen 5030 A 6604 LZ WIJCHEN,024-6487659,//www.tijsguelenbouw.nl,https://www.bouwendnederland.nl/vereniging/lidbedrijf-zoeken?page=195
Tillmanns Bouwservice Nuth B.V.,NUTH,Thermiekstraat 6  6361 HB NUTH,Thermiekstraat 6  6361 HB NUTH,0455-251818,//Www.tisaco.nl,https://www.bouwendnederland.nl/vereniging/lidbedrijf-zoeken?page=196
Timbor Bouwbedrijf B.V.,VEGHEL,De Amert 420  5462 GH VEGHEL,De Amert 420  5462 GH VEGHEL,0413-341610,//www.timbor.nl,https://www.bouwendnederland.nl/vereniging/lidbedrijf-zoeken?page=196
Timeco Emmen B.V.,EMMEN,Postbus 2256  7801 CG EMMEN,Henry Hudsonstraat 10  7825 AG EMMEN,0591-624625,,https://www.bouwendnederland.nl/vereniging/lidbedrijf-zoeken?page=196
Timkra B.V.,UTRECHT,Computerweg 13  3542 DP UTRECHT,Computerweg 13  3542 DP UTRECHT,020-6971161,,https://www.bouwendnederland.nl/vereniging/lidbedrijf-zoeken?page=196
Timmer Vaassen B.V.,VAASSEN,Griftsemolenweg 30  8171 NS VAASSEN,Griftsemolenweg 30  8171 NS VAASSEN,0578-571773,//www.timmervaassen.nl,https://www.bouwendnederland.nl/vereniging/lidbedrijf-zoeken?page=196
Timmer- en aann.bedr. Verboom & Van der Lans,NIEUWVEEN,Schoterhoek 14 a 2441 LD NIEUWVEEN,Schoterhoek 14 A 2441 LD NIEUWVEEN,0172-530121,//www.verboomenvanderlansbv.nl,https://www.bouwendnederland.nl/vereniging/lidbedrijf-zoeken?page=196
Timmer- en Aannemersbedrijf de Vries B.V.,HUMMELO,Zelhemseweg 14  6999 DN HUMMELO,Zelhemseweg 14  6999 DN HUMMELO,0314-381248,//www.devrieshummelo.nl,https://www.bouwendnederland.nl/vereniging/lidbedrijf-zoeken?page=196
Timmer- en Aannemersbedrijf G. den Oudsten,AMEIDE,De Zodeslagen 10  4233 GK AMEIDE,De Zodeslagen 10  4233 GK AMEIDE,0183-602044,//www.gdenoudsten.nl,https://www.bouwendnederland.nl/vereniging/lidbedrijf-zoeken?page=196
Timmer- en Aannemersbedrijf Korving,'S-GRAVENHAGE,Steenuillaan 13  2496 PN 'S-GRAVENHAGE,Steenuillaan 13  2496 PN 'S-GRAVENHAGE,06-51881810,//www.aannemersbedrijfkorving.nl,https://www.bouwendnederland.nl/vereniging/lidbedrijf-zoeken?page=196
Timmer- en Aannemersbedrijf L. Zijlstra,VEENWOUDEN,Veenhout 1  9269 VL VEENWOUDEN,Veenhout 1  9269 VL VEENWOUDEN,0511-473459,//bouwbedrijfzijlstra.nl,https://www.bouwendnederland.nl/vereniging/lidbedrijf-zoeken?page=196
Timmer- en Aannemersbedrijf P. Verberk,OPLOO,Deurneseweg 21  5841 CK OPLOO,Deurneseweg 21  5841 CK OPLOO,0485-382676,//www.peterverberk.nl,https://www.bouwendnederland.nl/vereniging/lidbedrijf-zoeken?page=196
Timmer- en Aannemersbedrijf P.J. Weel,MIDWOUD,Buurt 27  1679 GG MIDWOUD,Buurt 27  1679 GG MIDWOUD,0229-201632,,https://www.bouwendnederland.nl/vereniging/lidbedrijf-zoeken?page=196
Timmer- en Aannemersbedrijf Raymond,AMSTERDAM,Dukdalfweg 36  1041 BE AMSTERDAM,Dukdalfweg 36  1041 BE AMSTERDAM,020-6100214,//www.aannemerraymond.nl,https://www.bouwendnederland.nl/vereniging/lidbedrijf-zoeken?page=196
Timmer- en Aannemingsbedrijf De Vries B.V.,OOSTZAAN,Skoon 4  1511 HV OOSTZAAN,Skoon 4  1511 HV OOSTZAAN,075-6840001,//www.devrieshoutbewerking.nl,https://www.bouwendnederland.nl/vereniging/lidbedrijf-zoeken?page=196
Timmer- en Aannemingsbedrijf Lintvelt B.V.,AMSTERDAM,Smeetsweg 8  1738 DK WAARLAND,Prinseneiland 87  1013 LM AMSTERDAM,020-6241185,,https://www.bouwendnederland.nl/vereniging/lidbedrijf-zoeken?page=196
Timmer- en Aannemingsbedrijf Loos BV,OBDAM,Tocht 2  1713 GP OBDAM,Tocht 2  1713 GP OBDAM,0226-450000,,https://www.bouwendnederland.nl/vereniging/lidbedrijf-zoeken?page=196
Timmer- en Bouwbedrijf Firma Van Heerwaarden B.V.,DEN BURG,Maricoweg 9 A 1791 MD DEN BURG,Maricoweg  9  1791 MD DEN BURG,0222-313945,//www.bouwbedrijfvanheerwaarden.nl,https://www.bouwendnederland.nl/vereniging/lidbedrijf-zoeken?page=196
Timmer- en Bouwbedrijf Ten Vregelaar B.V.,DELDEN,De Berken 7  7491 HJ DELDEN,De Berken 7  7491 HJ DELDEN,074-3762977,//www.tenvregelaar.nl,https://www.bouwendnederland.nl/vereniging/lidbedrijf-zoeken?page=196
Timmer- en onderhoudsbedrijf Witvliet,MELISSANT,Nieuweweg 27  3248 BD MELISSANT,Nieuweweg 27  3248 BD MELISSANT,,,https://www.bouwendnederland.nl/vereniging/lidbedrijf-zoeken?page=196
Timmer-/ Aannemersbedrijf De Horste-Hogenkamp B.V.,HEELWEG,Entinkweg 12 A 7055 BT HEELWEG,Entinkweg 12 A 7055 BT HEELWEG,0315-653731,//www.dehorste-hogenkamp.nl,https://www.bouwendnederland.nl/vereniging/lidbedrijf-zoeken?page=196
Timmer-Verzijl B.V.,DORDRECHT,Postbus 158  3330 AD ZWIJNDRECHT,Kamerlingh Onnesweg 32  3316 GL DORDRECHT,078-6181322,//www.timmer-verzijl.nl,https://www.bouwendnederland.nl/vereniging/lidbedrijf-zoeken?page=197
Timmerbedrijf Exalto,NIEUWE-TONGE,Battenoordsedijk 3  3244 LC NIEUWE-TONGE,Battenoordsedijk 3  3244 LC NIEUWE-TONGE,,,https://www.bouwendnederland.nl/vereniging/lidbedrijf-zoeken?page=197
Timmerbedrijf Fa. Joh. Dijkstra Gzn.,BOLSWARD,Eikenburg 5  8702 AS BOLSWARD,Exmorraweg 9  8701 PJ BOLSWARD,0515-572019,//www.dijkstratimmerbedrijf.nl,https://www.bouwendnederland.nl/vereniging/lidbedrijf-zoeken?page=197
Timmerbedrijf H.  Scheffer B.V.,ZELHEM,Ericaweg 14  7021 PB ZELHEM,Ericaweg 14  7021 PB ZELHEM,0314-631679,//www.hscheffer.nl,https://www.bouwendnederland.nl/vereniging/lidbedrijf-zoeken?page=197
Timmerbedrijf H.J. Schaap B.V.,BARENDRECHT,Bijdorp-Oost 10  2992 LA BARENDRECHT,Bijdorp-Oost 10  2992 LA BARENDRECHT,0180-622925,//www.timmerbedrijfschaap.nl,https://www.bouwendnederland.nl/vereniging/lidbedrijf-zoeken?page=197
Timmerbedrijf Jan Boss B.V.,WIRDUM GN,Rijksweg 13  9917 PS WIRDUM GN,Rijksweg 13  9917 PS WIRDUM GN,0596-572351,//www.timmerbedrijfjanboss.nl,https://www.bouwendnederland.nl/vereniging/lidbedrijf-zoeken?page=197
Timmerbedrijf Offermans B.V.,BRUNSSUM,Trichterweg 22 A 6446 RC BRUNSSUM,Trichterweg 22 A 6446 RC BRUNSSUM,045-5233572,//www.timmerbedrijfoffermans.nl,https://www.bouwendnederland.nl/vereniging/lidbedrijf-zoeken?page=197
Timmerbedrijf Ten Sijthoff,TINTE,Kade 9  3234 KD TINTE,Kade 9  3234 KD TINTE,,,https://www.bouwendnederland.nl/vereniging/lidbedrijf-zoeken?page=197
Timmerbedrijf W.J. Mannessen en Zoon v.o.f.,APELDOORN,Korteweg 35  7315 CK APELDOORN,Korteweg 35  7315 CK APELDOORN,055-5217935,//www.mannessenzn.nl,https://www.bouwendnederland.nl/vereniging/lidbedrijf-zoeken?page=197
Timmerbedrijf Weijers & zoon,DE COCKSDORP,Langeveldstraat 10  1795 AG DE COCKSDORP,Langeveldstraat 10  1795 AG DE COCKSDORP,,,https://www.bouwendnederland.nl/vereniging/lidbedrijf-zoeken?page=197
Timmerbedrijf Westerveld,RODEN,Pinksterbloem 100  9302 BD RODEN,Pinksterbloem 100  9302 BD RODEN,,,https://www.bouwendnederland.nl/vereniging/lidbedrijf-zoeken?page=197
Timmerfabriek Bramer,GEESTEREN OV,Postbus 53  7670 AB VRIEZENVEEN,Haarbrinksweg 32  7678 RT GEESTEREN OV,0546-562555,//www.bramerbv.nl,https://www.bouwendnederland.nl/vereniging/lidbedrijf-zoeken?page=197
Timmerfabriek Carper B.V.,OBDAM,Tocht 5  1713 GP OBDAM,Tocht 5  1713 GP OBDAM,0226-451974,//www.carperkozijnen.nl,https://www.bouwendnederland.nl/vereniging/lidbedrijf-zoeken?page=197
Timmerfabriek Houkesloot B.V.,SNEEK,Tingietersstraat 8  8601 WJ SNEEK,Tingietersstraat 8  8601 WJ SNEEK,0515-238020,//www.houkesloot.nl,https://www.bouwendnederland.nl/vereniging/lidbedrijf-zoeken?page=197
Timmerfabriek Kernhem B.V.,EDE GLD,Postbus 204  6710 BE EDE GLD,Argonstraat 34  6718 WT EDE GLD,0318-463079,,https://www.bouwendnederland.nl/vereniging/lidbedrijf-zoeken?page=197
Timmerhuis Groep,VRIEZENVEEN,Postbus 75  7670 AB VRIEZENVEEN,Bedrijfsweg 5  7671 EG VRIEZENVEEN,0546-562366,//www.timmerhuisgroep.nl,https://www.bouwendnederland.nl/vereniging/lidbedrijf-zoeken?page=197
Timmerhuis Projecten BV,VRIEZENVEEN,Postbus 75  7670 AB VRIEZENVEEN,Bedrijfsweg 5  7671 EG VRIEZENVEEN,0546-562366,//www.timmerhuisgroep.nl,https://www.bouwendnederland.nl/vereniging/lidbedrijf-zoeken?page=197
Timmerhuis Sloop & Milieu BV,VRIEZENVEEN,Postbus 75  7670 AB VRIEZENVEEN,Bedrijfsweg 5  7671 EG VRIEZENVEEN,0546-562766,//www.timmerhuisgroep.nl,https://www.bouwendnederland.nl/vereniging/lidbedrijf-zoeken?page=197
Timmerhuis Weg- en Waterbouw B.V.,VRIEZENVEEN,Postbus 75  7670 AB VRIEZENVEEN,Bedrijfsweg 5  7671 EG VRIEZENVEEN,0546-562366,//www.timmerhuisgroep.nl,https://www.bouwendnederland.nl/vereniging/lidbedrijf-zoeken?page=197
Timmerman Bouw B.V.,HAARLEM,Marsstraat 151  2024 GD HAARLEM,Marsstraat 151  2024 GD HAARLEM,,,https://www.bouwendnederland.nl/vereniging/lidbedrijf-zoeken?page=197
Timmermans Hardglas B.V.,HARDENBERG,Handelsstraat 57  7772 TS HARDENBERG,Handelsstraat 57  7772 TS HARDENBERG,0523-265442,//www.timmermanshardglas.nl,https://www.bouwendnederland.nl/vereniging/lidbedrijf-zoeken?page=198
Timmermans Infra B.V.,NULAND,Rijksweg 55 B 5391 LJ NULAND,Rijksweg 55 B 5391 LJ NULAND,073-3030840,//www.timmermansinfra.nl,https://www.bouwendnederland.nl/vereniging/lidbedrijf-zoeken?page=198
Timmers B.V.,OOSTERHOUT NB,Krombraak 8  4906 CR OOSTERHOUT NB,Krombraak 8  4906 CR OOSTERHOUT NB,0162-461175,//www.timmers-bv.nl,https://www.bouwendnederland.nl/vereniging/lidbedrijf-zoeken?page=198
Timmers Bouw en Klussenbedrijf B.V.,GARRELSWEER,Stadsweg 99 a 9918 PM GARRELSWEER,Stadsweg 99 a 9918 PM GARRELSWEER,0596-567479,//www.timmersbouw.nl,https://www.bouwendnederland.nl/vereniging/lidbedrijf-zoeken?page=198
Tj. Dijkstra en Zn.,AKKRUM,Buorren 12  8491 CA AKKRUM,Buorren 12  8491 CA AKKRUM,0566-651481,,https://www.bouwendnederland.nl/vereniging/lidbedrijf-zoeken?page=198
Tjaden Adviesbureau voor Grondmechanica B.V.,ALKMAAR,Pyrietstraat 1  1812 SC ALKMAAR,Pyrietstraat 1  1812 SC ALKMAAR,072-5064817,//https://tjadenadvies.nl,https://www.bouwendnederland.nl/vereniging/lidbedrijf-zoeken?page=198
Tjaden B.V.,ZEVENBERGSCHEN HOEK,Oude Moerdijkseweg 13  4765 SN ZEVENBERGSCHEN HOEK,Oude Moerdijkseweg 13   4765 SN ZEVENBERGSCHEN HOEK,078-6920740,//www.tjaden.nl,https://www.bouwendnederland.nl/vereniging/lidbedrijf-zoeken?page=198
Tjaden Projecten B.V.,ZEVENBERGSCHEN HOEK,Oude Moerdijkseweg 13  4765 SN ZEVENBERGSCHEN HOEK,Oude Moerdijkseweg 13  4765 SN ZEVENBERGSCHEN HOEK,078-6920740,//www.tjaden.nl,https://www.bouwendnederland.nl/vereniging/lidbedrijf-zoeken?page=198
TK Bouw,SPRUNDEL,Noorderstraat 34  4714 AE SPRUNDEL,Noorderstraat 34  4714 AE SPRUNDEL,,,https://www.bouwendnederland.nl/vereniging/lidbedrijf-zoeken?page=198
TLG Bouw B.V.,LUTTEN,Zwarte Dijk 40 a 7775 PC LUTTEN,Zwarte Dijk 40 a 7775 PC LUTTEN,0523-796551,//www.tlgbouw.nl,https://www.bouwendnederland.nl/vereniging/lidbedrijf-zoeken?page=198
TM Techniek B.V.,WOUDENBERG,Voskuilerweg 49 a 3931 MV WOUDENBERG,Voskuilerweg 49 a 3931 MV WOUDENBERG,033-2778181,//www.tm-techniek.nl,https://www.bouwendnederland.nl/vereniging/lidbedrijf-zoeken?page=198
Todolo B.V.,SON,Vlinderlaan 19  5691 RK SON,Vlinderlaan 19  5691 RK SON,040-2112726,,https://www.bouwendnederland.nl/vereniging/lidbedrijf-zoeken?page=198
Toekomstbouwers Friesland,LEEUWARDEN,Archimedesweg 8  8912 AK LEEUWARDEN,Archimedesweg 8  8912 AK LEEUWARDEN,058-2157037,//www.toekomstbouwersfriesland.nl,https://www.bouwendnederland.nl/vereniging/lidbedrijf-zoeken?page=198
ToekomstChalets B.V.,ANDIJK,Gedeputeerde Laanweg 47  1619 PB ANDIJK,Gedeputeerde Laanweg 47  1619 PB ANDIJK,022-8594900,//http://www.toekomstgroep.nl,https://www.bouwendnederland.nl/vereniging/lidbedrijf-zoeken?page=198
Toekomstglas B.V.,ANDIJK,Gedeputeerde Laanweg 47  1619 PB ANDIJK,Gedeputeerde Laanweg 47  1619 PB ANDIJK,0228-594900,//www.toekomstgroep.nl,https://www.bouwendnederland.nl/vereniging/lidbedrijf-zoeken?page=198
Toekomstglas B.V.,ALKMAAR,Robbenkoog 50  1822 BB ALKMAAR,Robbenkoog 50  1822 BB ALKMAAR,072-5721277,,https://www.bouwendnederland.nl/vereniging/lidbedrijf-zoeken?page=198
ToekomstGlas B.V.,AMSTERDAM,Nieuwe Hemweg 20  1013 CX AMSTERDAM,Nieuwe Hemweg 20  1013 CX AMSTERDAM,0229-211207,,https://www.bouwendnederland.nl/vereniging/lidbedrijf-zoeken?page=198
ToekomstGroep Holding B.V.,ANDIJK,Gedeputeerde Laanweg 47  1619 PB ANDIJK,Gedeputeerde Laanweg 47  1619 PB ANDIJK,0228-594900,//www.toekomstgroep.nl,https://www.bouwendnederland.nl/vereniging/lidbedrijf-zoeken?page=198
ToekomstService B.V.,ANDIJK,Gedeputeerde Laanweg 47  1619 PB ANDIJK,Gedeputeerde Laanweg 47  1619 PB ANDIJK,022-8594900,//www.toekomstgroep.nl,https://www.bouwendnederland.nl/vereniging/lidbedrijf-zoeken?page=198
Together Construction,DIEMEN,Distelvlinderweg 15  1113 KA DIEMEN,Distelvlinderweg 15  1113 KA DIEMEN,,,https://www.bouwendnederland.nl/vereniging/lidbedrijf-zoeken?page=198
Toma Beheer B.V.,ZAANDAM,Hof van Zaenden 69  1508 XD ZAANDAM,Hof van Zaenden 69  1508 XD ZAANDAM,075-6223804,//www.trendzet.nl,https://www.bouwendnederland.nl/vereniging/lidbedrijf-zoeken?page=199
Ton van Uden bouw en onderhoud BV,BERLICUM NB,Werststeeg 30 A 5258 TB BERLICUM NB,Werststeeg 30 A 5258 TB BERLICUM NB,,,https://www.bouwendnederland.nl/vereniging/lidbedrijf-zoeken?page=199
Ton van Vliet Bouw B.V.,AMSTELHOEK,Amstelkade 37  1427 AN AMSTELHOEK,Amstelkade 37  1427 AN AMSTELHOEK,0297-561397,//www.vlietbouw.nl,https://www.bouwendnederland.nl/vereniging/lidbedrijf-zoeken?page=199
Torny Bouw en Onderhoud,VRIEZENVEEN,Geesterenseweg 9 a 7671 PA VRIEZENVEEN,Geesterenseweg 9 a 7671 PA VRIEZENVEEN,0546-337725,//www.tornybouw.nl,https://www.bouwendnederland.nl/vereniging/lidbedrijf-zoeken?page=199
Totaalbouw Volendam B.V.,VOLENDAM,Julianaweg 143  1131 DH VOLENDAM,Julianaweg 143  1131 DH VOLENDAM,0299-480265,//www.totaalbouw.net,https://www.bouwendnederland.nl/vereniging/lidbedrijf-zoeken?page=199
TotaalBouwMade B.V.,MADE,Brieltjenspolder 32 a 4921 PJ MADE,Brieltjenspolder 32 a 4921 PJ MADE,0162-693790,//www.totaalbouwmade.nl,https://www.bouwendnederland.nl/vereniging/lidbedrijf-zoeken?page=199
Total Concrete Protection B.V.,RODEN,Produktieweg 8  9301 ZS RODEN,Produktieweg 8  9301 ZS RODEN,050-5012400,,https://www.bouwendnederland.nl/vereniging/lidbedrijf-zoeken?page=199
Totech B.V.,HEESCH,Voorste Groes 5  5384 VJ HEESCH,Voorste Groes 5  5384 VJ HEESCH,041-2623284,//www.totech.nl,https://www.bouwendnederland.nl/vereniging/lidbedrijf-zoeken?page=199
Traas & Ovaa Holding B.V.,HEINKENSZAND,Noordland 7  4451 RP HEINKENSZAND,Noordland 7  4451 RP HEINKENSZAND,0113-612322,//www.traasenovaa.nl,https://www.bouwendnederland.nl/vereniging/lidbedrijf-zoeken?page=199
Traas & Ovaa Sport B.V.,HEINKENSZAND,Noordland 7  4451 RP HEINKENSZAND,Noordland 7  4451 RP HEINKENSZAND,0113-612322,//www.traasenovaa.nl,https://www.bouwendnederland.nl/vereniging/lidbedrijf-zoeken?page=199
Traffic & More B.V.,UTRECHT,Postbus 1559  3430 BN NIEUWEGEIN,Nedereindseweg 503 a 3546 PM UTRECHT,030-6878110,//www.trafficandmore.nl,https://www.bouwendnederland.nl/vereniging/lidbedrijf-zoeken?page=199
Traffic Service Nederland,OSS,Postbus 160  5340 AD OSS,Menhirweg 12  5342 LS OSS,0412-700200,//www.tsned.nl,https://www.bouwendnederland.nl/vereniging/lidbedrijf-zoeken?page=199
Traffic Service Nederland Amsterdam,OOSTZAAN,Postbus 160  5340 AD OSS,Ambacht 24 c 1511 JZ OOSTZAAN,020-5022300,//www.tsned.nl,https://www.bouwendnederland.nl/vereniging/lidbedrijf-zoeken?page=199
Traffic Service Nederland Assen,ASSEN,Wenkebachstraat 13 a 9403 BG ASSEN,Wenkebachstraat 13 a 9403 BG ASSEN,0592-408810,//www.tsned.nl,https://www.bouwendnederland.nl/vereniging/lidbedrijf-zoeken?page=199
Traffic Service Nederland Goes,'S-HEER ARENDSKERKE,Nijverheidsstraat 18  4458 AV 'S-HEER ARENDSKERKE,Nijverheidsstraat 18  4458 AV 'S-HEER ARENDSKERKE,0113-211300,//www.tsned.nl,https://www.bouwendnederland.nl/vereniging/lidbedrijf-zoeken?page=199
Traffic Service Nederland Lieren,LIEREN,Postbus 160  5340 AD OSS,Kanaal Zuid 292  7364 AJ LIEREN,055-5341830,//www.tsned.nl,https://www.bouwendnederland.nl/vereniging/lidbedrijf-zoeken?page=199
Traffic Service Nederland Rotterdam,ROTTERDAM,Postbus 160  5340 AD OSS,Giessenweg 4 -6 3044 AL ROTTERDAM,010-4152483,//www.tsned.nl,https://www.bouwendnederland.nl/vereniging/lidbedrijf-zoeken?page=199
Traffic Service Nederland Utrecht,DE MEERN,Postbus 160  5340 AD OSS,Molensteijn 20  3454 PT DE MEERN,030-2090209,//www.tsned.nl,https://www.bouwendnederland.nl/vereniging/lidbedrijf-zoeken?page=199
Traffic Service Van Strien B.V.,OSS,Postbus 160  5340 AD OSS,Menhirweg 12  5342 LS OSS,0412-700200,//www.tsned.nl,https://www.bouwendnederland.nl/vereniging/lidbedrijf-zoeken?page=199
Trendluxe,WESTKNOLLENDAM,Fabriekweg 2  1525 RB WESTKNOLLENDAM,Fabriekweg 2  1525 RB WESTKNOLLENDAM,,,https://www.bouwendnederland.nl/vereniging/lidbedrijf-zoeken?page=199
Trendzet Bouw B.V.,ZAANDAM,Hof van Zaenden 69  1508 XD ZAANDAM,Hof van Zaenden 69  1508 XD ZAANDAM,075-6223804,//Www.Trendzet.nl,https://www.bouwendnederland.nl/vereniging/lidbedrijf-zoeken?page=200
Trendzet Interieur B.V.,ZAANDAM,Hof van Zaenden 69  1508 XD ZAANDAM,Hof van Zaenden 69  1508 XD ZAANDAM,075-6223804,,https://www.bouwendnederland.nl/vereniging/lidbedrijf-zoeken?page=200
Trendzet Interne Materialen Diensten B.V.,ZAANDAM,Hof van Zaenden 69  1508 XD ZAANDAM,Hof van Zaenden 69  1508 XD ZAANDAM,075-6223804,,https://www.bouwendnederland.nl/vereniging/lidbedrijf-zoeken?page=200
Trendzet Vastgoedonderhoud B.V.,ZAANDAM,Hof van Zaenden 69  1508 XD ZAANDAM,Hof van Zaenden 69  1508 XD ZAANDAM,,,https://www.bouwendnederland.nl/vereniging/lidbedrijf-zoeken?page=200
Treon Bouw B.V.,BERKEL EN RODENRIJS,Kleihoogt 53  2651 KV BERKEL EN RODENRIJS,Kleihoogt 53  2651 KV BERKEL EN RODENRIJS,079-5938100,//www.treon.nl,https://www.bouwendnederland.nl/vereniging/lidbedrijf-zoeken?page=200
Trio Houtskeletbouw B.V.,HAARLEM,Hulswitweg 47 G119 2031 BG HAARLEM,Hulswitweg 47 G119 2031 BG HAARLEM,,,https://www.bouwendnederland.nl/vereniging/lidbedrijf-zoeken?page=200
Tritech Solutions B.V.,VELDDRIEL,Postbus 18  5330 AA KERKDRIEL,Oude Weistraat 17  5334 LK VELDDRIEL,0418-636030,//www.gidmilieutechniek.com,https://www.bouwendnederland.nl/vereniging/lidbedrijf-zoeken?page=200
TriVo Bouw,VOLENDAM,De Tabbe 15  1132 ML VOLENDAM,De Tabbe 15  1132 ML VOLENDAM,,,https://www.bouwendnederland.nl/vereniging/lidbedrijf-zoeken?page=200
TTO Sloop & Infra,TILBURG,Lovensekanaaldijk 53  5013 BJ TILBURG,Lovensekanaaldijk 53  5013 BJ TILBURG,013-5423903,//www.ttotilburg.nl,https://www.bouwendnederland.nl/vereniging/lidbedrijf-zoeken?page=200
TVB Infra,WEZEP,Heidepad 69  8091 GR WEZEP,Heidepad 69  8091 GR WEZEP,038-3763923,//www.tvanbeek.nl,https://www.bouwendnederland.nl/vereniging/lidbedrijf-zoeken?page=200
Twentse Glasgroep B.V.,ENTER,Mettenkampsweg 9 B 7468 AH ENTER,Mettenkampsweg 9 B 7468 AH ENTER,0547-272065,//www.twentseglasgroep.nl,https://www.bouwendnederland.nl/vereniging/lidbedrijf-zoeken?page=200
Twiskbouw,CASTRICUM,Schulpstet 32  1901 JJ CASTRICUM,Schulpstet 32  1901 JJ CASTRICUM,0251-653654,//www.twiskbouw.nl,https://www.bouwendnederland.nl/vereniging/lidbedrijf-zoeken?page=200
UBA Bouw B.V.,UITHOORN,Postbus 62  1420 AB UITHOORN,J A van Seumerenlaan 4  1422 XS UITHOORN,0297-543417,//www.uba.nl,https://www.bouwendnederland.nl/vereniging/lidbedrijf-zoeken?page=200
UBA Holding B.V.,UITHOORN,Postbus 62  1420 AB UITHOORN,J A van Seumerenlaan 4  1422 XS UITHOORN,0297-543400,//www.uba.nl,https://www.bouwendnederland.nl/vereniging/lidbedrijf-zoeken?page=200
UBA Projectontwikkeling B.V.,UITHOORN,Postbus 62  1420 AB UITHOORN,J.A. van Seumerenlaan 4  1422 XS UITHOORN,0297-543400,//www.uba.nl,https://www.bouwendnederland.nl/vereniging/lidbedrijf-zoeken?page=200
Ubink Bouw en Onderhoud,ALMERE,Bolderweg 14  1332 AT ALMERE,Bolderweg 14  1332 AT ALMERE,036-5322756,//www.ubink-almere.nl,https://www.bouwendnederland.nl/vereniging/lidbedrijf-zoeken?page=200
Ubink Meuleman Bouw B.V.,'S-HEERENBROEK,J.W. van Lenthestraat 22  8275 AH 'S-HEERENBROEK,J.W. van Lenthestraat 22  8275 AH 'S-HEERENBROEK,,,https://www.bouwendnederland.nl/vereniging/lidbedrijf-zoeken?page=200
UBS B.V.,UDEN,Postbus 191  5400 AD UDEN,Pannebakkerstraat 4  5405 BP UDEN,0413-331862,//www.ubsbouw.nl,https://www.bouwendnederland.nl/vereniging/lidbedrijf-zoeken?page=200
Uijen Glas,TIEL,Oude Haven 2  4001 LG TIEL,Oude Haven 2  4001 LG TIEL,0344-612082,//www.uijenglas.nl,https://www.bouwendnederland.nl/vereniging/lidbedrijf-zoeken?page=200
unisera,AMSTERDAM,Keurenplein 4  1069 CD AMSTERDAM,Keurenplein 4  1069 CD AMSTERDAM,174-4080088,//www.unisera.eu,https://www.bouwendnederland.nl/vereniging/lidbedrijf-zoeken?page=200
United Bouwservices B.V.,KLIMMEN,Retersbekerweg 48 a 6343 PK KLIMMEN,Retersbekerweg 48 a 6343 PK KLIMMEN,085-8769234,//www.unitedbouwservices.nl,https://www.bouwendnederland.nl/vereniging/lidbedrijf-zoeken?page=201
Unsal Infratechniek B.V.,BARENDRECHT,Zweth 6  2991 LH BARENDRECHT,Zweth 6  2991 LH BARENDRECHT,0180-557675,//www.unsal.nl,https://www.bouwendnederland.nl/vereniging/lidbedrijf-zoeken?page=201
URBAN Constructions B.V.,AMSTERDAM,Oderweg 4  1043 AG AMSTERDAM,Oderweg 4  1043 AG AMSTERDAM,010-4111100,//www.urbanconstructions.nl,https://www.bouwendnederland.nl/vereniging/lidbedrijf-zoeken?page=201
URETEK Benelux B.V.,LELYSTAD,Zuiveringsweg 93  8243 PE LELYSTAD,Zuiveringsweg 93  8243 PE LELYSTAD,0320-256218,//www.uretek.nl,https://www.bouwendnederland.nl/vereniging/lidbedrijf-zoeken?page=201
Uw Verbouwplanner,ZOETERMEER,Osylaan 11  2722 CV ZOETERMEER,Osylaan 11  2722 CV ZOETERMEER,079-8886966,//www.uwverbouwplanner.nl,https://www.bouwendnederland.nl/vereniging/lidbedrijf-zoeken?page=201
V & V Onderhoudsgroep B.V.,WATERINGEN,Barbier 2  2292 JP WATERINGEN,Barbier 2  2292 JP WATERINGEN,,,https://www.bouwendnederland.nl/vereniging/lidbedrijf-zoeken?page=201
V&D bouwgroep B.V.,AMSTERDAM,Kropaarstraat 12  1032 LA AMSTERDAM,Kropaarstraat 12  1032 LA AMSTERDAM,040-3000,,https://www.bouwendnederland.nl/vereniging/lidbedrijf-zoeken?page=201
V&V Bouw B.V.,NIEUWERKERK,Rijksweg 26 a 4306 AW NIEUWERKERK,Rijksweg 26 a 4306 AW NIEUWERKERK,0111-241400,//www.venvbouw.nl,https://www.bouwendnederland.nl/vereniging/lidbedrijf-zoeken?page=201
V.G.C. Vink Gevelwerken Culemborg B.V.,CULEMBORG,Textielweg 4  4104 AM CULEMBORG,Textielweg 4  4104 AM CULEMBORG,0345-476611,//www.gevelwerken-culemborg.nl,https://www.bouwendnederland.nl/vereniging/lidbedrijf-zoeken?page=201
V.I.C. Vink Isolatie Culemborg B.V.,CULEMBORG,Textielweg 4  4104 AM CULEMBORG,Textielweg 4  4104 AM CULEMBORG,0345-476611,//www.vink-groep.nl,https://www.bouwendnederland.nl/vereniging/lidbedrijf-zoeken?page=201
v.o.f.  Fa. Muntjewerf,OUDESLUIS,Noorderweg 13  1757 PC OUDESLUIS,Noorderweg 13  1757 PC OUDESLUIS,0224-221286,,https://www.bouwendnederland.nl/vereniging/lidbedrijf-zoeken?page=201
V.O.F. Aannemersbedrijf Bos & Zn,UTRECHT,Jeruzalemstraat 14  3512 KX UTRECHT,Jeruzalemstraat 14  3512 KX UTRECHT,030-2202647,//www.aannemerbos.nl,https://www.bouwendnederland.nl/vereniging/lidbedrijf-zoeken?page=201
V.O.F. Aannemersbedrijf Ferwerda,EE,Tibsterwei 4 b 9131 EG EE,Tibsterwei 4 b 9131 EG EE,0519-518428,//www.ferwerda-bouwbedrijf.nl,https://www.bouwendnederland.nl/vereniging/lidbedrijf-zoeken?page=201
v.o.f. Aannemersbedrijf Hans de Boer,HAZERSWOUDE RIJNDIJK,Rijndijk 13  2394 AA HAZERSWOUDE RIJNDIJK,Rijndijk 13  2394 AA HAZERSWOUDE RIJNDIJK,071-3412395,//www.aannemersbedrijfhansdeboer.nl,https://www.bouwendnederland.nl/vereniging/lidbedrijf-zoeken?page=201
v.o.f. Aannemersbedrijf J.C.G. Corstjens,ECHT,Bovenste Eind 3  6101 EN ECHT,Bovenste Eind 3  6101 EN ECHT,0475-481038,//www.corstjens-echt.nl,https://www.bouwendnederland.nl/vereniging/lidbedrijf-zoeken?page=201
V.o.f. Aannemersbedrijf Theo Kuijlen,WOENSDRECHT,Dorpsstraat 91  4634 TP WOENSDRECHT,Dorpsstraat 91 a 4634 TP WOENSDRECHT,0164-612080,,https://www.bouwendnederland.nl/vereniging/lidbedrijf-zoeken?page=201
V.O.F. Boubedriuw Heech,HEEG,It Bûtlân 15  8621 DV HEEG,It Bûtlân 15  8621 DV HEEG,0515-532406,//www.bbheech.nl,https://www.bouwendnederland.nl/vereniging/lidbedrijf-zoeken?page=201
V.O.F. Bouw- en Timmerbedrijf Texel,DE WAAL,Laagwaalderweg 47  1793 ED DE WAAL,Laagwaalderweg 47  1793 ED DE WAAL,0222-310620,//www.bouwbedrijftexel.nl,https://www.bouwendnederland.nl/vereniging/lidbedrijf-zoeken?page=201
v.o.f. Bouwbedrijf F. van der Laan,KOLLUM,Voorstraat 115  9291 CG KOLLUM,Voorstraat 115  9291 CG KOLLUM,0511-453206,//www.bouwbedrijfvanderlaan.nl,https://www.bouwendnederland.nl/vereniging/lidbedrijf-zoeken?page=201
v.o.f. Bouwbedrijf Kootstra van der Veen,HARKEMA,Nijewei 62  9281 NW HARKEMA,Nijewei 62  9281 NW HARKEMA,0512-362906,//www.kootstravanderveen.nl,https://www.bouwendnederland.nl/vereniging/lidbedrijf-zoeken?page=201
v.o.f. Bouwbedrijf O. Bruinsma,PEINS,Zweinserweg 7 b 8812 JN PEINS,Zweinserweg 7 b 8812 JN PEINS,0517-269245,,https://www.bouwendnederland.nl/vereniging/lidbedrijf-zoeken?page=202
v.o.f. Bouwbedrijf Van der Velden,VENLO,Tiendstraat 14  5921 EV VENLO,Tiendstraat 14  5921 EV VENLO,077-3824856,//www.bouwbedrijf-vdvelden.nl,https://www.bouwendnederland.nl/vereniging/lidbedrijf-zoeken?page=202
V.O.F. Bouwlust,HOOFDDORP,Rijnlanderweg 948 a 2132 MP HOOFDDORP,Rijnlanderweg 948 a 2132 MP HOOFDDORP,023-5655296,//www.bouwlustinfra.nl,https://www.bouwendnederland.nl/vereniging/lidbedrijf-zoeken?page=202
v.o.f. G.H. Roetgerink & Zonen,GOOR,Deldensestraat 29  7471 KT GOOR,Deldensestraat 29  7471 KT GOOR,0547-272673,//www.roetgerinkbouw.nl,https://www.bouwendnederland.nl/vereniging/lidbedrijf-zoeken?page=202
v.o.f. H.P. Compier en Zonen,AMSTELVEEN,Amstelzijde 15  1184 TX AMSTELVEEN,Amstelzijde 15  1184 TX AMSTELVEEN,020-4961371,//www.compieraannemers.nl,https://www.bouwendnederland.nl/vereniging/lidbedrijf-zoeken?page=202
V.O.F. Koopman Totaalbouw,SINT-MAARTENSDIJK,Westpoort 6  4695 ED SINT-MAARTENSDIJK,Westpoort 6  4695 ED SINT-MAARTENSDIJK,,,https://www.bouwendnederland.nl/vereniging/lidbedrijf-zoeken?page=202
V.O.F. M. Oomen,ENS,Noorderveld 5  8307 DS ENS,Noorderveld 5  8307 DS ENS,0527-251425,//www.oomen-bestrating.nl,https://www.bouwendnederland.nl/vereniging/lidbedrijf-zoeken?page=202
V.O.F. Terneuzense Glashandel,TERNEUZEN,Mr. F.J. Haarmanweg 34  4538 AS TERNEUZEN,Mr. F.J. Haarmanweg 34  4538 AS TERNEUZEN,0115-618772,//www.terneuzenseglashandel.nl,https://www.bouwendnederland.nl/vereniging/lidbedrijf-zoeken?page=202
v.o.f. W.W.N. Afbouw Bouwbedrijf,KOOTSTERTILLE,Oastkern 11  9288 XJ KOOTSTERTILLE,Oastkern 11  9288 XJ KOOTSTERTILLE,0512-332537,//www.wwnbouw.nl,https://www.bouwendnederland.nl/vereniging/lidbedrijf-zoeken?page=202
Vaessen Algemeen Bouwbedrijf B.V.,RAAMSDONKSVEER,Zalmweg 1 c 4941 VX RAAMSDONKSVEER,Zalmweg 1 c 4941 VX RAAMSDONKSVEER,0162-522120,//www.vaessenbv.nl,https://www.bouwendnederland.nl/vereniging/lidbedrijf-zoeken?page=202
Vahstal Bouw B.V.,AMERSFOORT,Amsterdamseweg 18  3812 RS AMERSFOORT,Amsterdamseweg 18  3812 RS AMERSFOORT,033-4613004,,https://www.bouwendnederland.nl/vereniging/lidbedrijf-zoeken?page=202
Vahstal Holding B.V.,AMERSFOORT,Postbus 625  3800 AP AMERSFOORT,Amsterdamseweg 18  3812 RS AMERSFOORT,033-4638435,,https://www.bouwendnederland.nl/vereniging/lidbedrijf-zoeken?page=202
Vahstal ProBouw B.V.,AMERSFOORT,Postbus 625  3800 AP AMERSFOORT,Amsterdamseweg 18  3812 RS AMERSFOORT,033-4633534,,https://www.bouwendnederland.nl/vereniging/lidbedrijf-zoeken?page=202
Vahstal Ter Leede B.V.,AMERSFOORT,Amsterdamseweg 18  3812 RS AMERSFOORT,Amsterdamseweg 18  3812 RS AMERSFOORT,033-4638435,,https://www.bouwendnederland.nl/vereniging/lidbedrijf-zoeken?page=202
Vakmanschap Compagnie B.V.,AMSTERDAM,Veemarkt 132  1019 DE AMSTERDAM,Veemarkt 132  1019 DE AMSTERDAM,,,https://www.bouwendnederland.nl/vereniging/lidbedrijf-zoeken?page=202
Valenteijn Bouw,ALKMAAR,Cataloniestraat 71  1827 CP ALKMAAR,Cataloniëstraat  71  1827 CP ALKMAAR,072-5620414,,https://www.bouwendnederland.nl/vereniging/lidbedrijf-zoeken?page=202
Valk Exploitatie B.V.,DAARLE,Dalvoordeweg 22  7688 PV DAARLE,Dalvoordeweg 22  7688 PV DAARLE,0546-697888,//www.valkdaarle.nl,https://www.bouwendnederland.nl/vereniging/lidbedrijf-zoeken?page=202
Valleibouw B.V.,VEENENDAAL,Nieuweweg-Noord 269  3905 LW VEENENDAAL,Nieuweweg-Noord 269  3905 LW VEENENDAAL,0318-553737,//www.valleibouw.nl,https://www.bouwendnederland.nl/vereniging/lidbedrijf-zoeken?page=202
Vallinga Beheer B.V.,BOLSWARD,Hichtumerweg 2  8701 PG BOLSWARD,Hichtumerweg 2  8701 PG BOLSWARD,0515-572516,//www.vallingabouw.nl,https://www.bouwendnederland.nl/vereniging/lidbedrijf-zoeken?page=202
Vallinga Bouw B.V.,BOLSWARD,Hichtumerweg 2  8701 PG BOLSWARD,Hichtumerweg 2  8701 PG BOLSWARD,0515-572516,//www.vallingabouw.nl,https://www.bouwendnederland.nl/vereniging/lidbedrijf-zoeken?page=202
Vallinga Restauratie & Bouw B.V.,BOLSWARD,Hichtumerweg 2  8701 PG BOLSWARD,Hichtumerweg 2  8701 PG BOLSWARD,0515-572516,//www.vallingarestauratie.nl,https://www.bouwendnederland.nl/vereniging/lidbedrijf-zoeken?page=203
Van Amerongen Bouw,MAARN,Kapelweg 36  3951 AD MAARN,Kapelweg 36  3951 AD MAARN,,,https://www.bouwendnederland.nl/vereniging/lidbedrijf-zoeken?page=203
Van Arkel Bouw,DE KWAKEL,Hoofdweg 1  1424 PC DE KWAKEL,Hoofdweg 1  1424 PC DE KWAKEL,6-11096516,//www.vanarkelbouw.nl,https://www.bouwendnederland.nl/vereniging/lidbedrijf-zoeken?page=203
Van Arnhem Holding B.V.,CULEMBORG,Anthonie van Diemenstr 36  4104 AE CULEMBORG,Anthonie van Diemenstr 36  4104 AE CULEMBORG,0345-514341,//www.vanarnhem-bouwgroep.nl,https://www.bouwendnederland.nl/vereniging/lidbedrijf-zoeken?page=203
Van Assema Bouw B.V.,BEVERWIJK,Gooiland 49  1948 RD BEVERWIJK,Gooiland 49  1948 RD BEVERWIJK,0251-229732,//www.assemabouw.nl,https://www.bouwendnederland.nl/vereniging/lidbedrijf-zoeken?page=203
Van Baarsen Buisleidingen B.V.,BADHOEVEDORP,Postbus 115  1170 AC BADHOEVEDORP,Sloterweg 321  1171 VC BADHOEVEDORP,020-6596553,//www.vbaarsen.nl,https://www.bouwendnederland.nl/vereniging/lidbedrijf-zoeken?page=203
Van Beek Infra Groep B.V.,ETTEN-LEUR,Munnikenheiweg 28  4879 NG ETTEN-LEUR,Munnikenheiweg 28  4879 NG ETTEN-LEUR,076-5035047,//www.vanbeekgroep.nl,https://www.bouwendnederland.nl/vereniging/lidbedrijf-zoeken?page=203
Van Beers Hoogeloon B.V.,HOOGELOON,Postbus 1025  5528 ZG HOOGELOON,Broekenseind 6  5528 NL HOOGELOON,0497-591843,//www.vanbeershoogeloon.nl,https://www.bouwendnederland.nl/vereniging/lidbedrijf-zoeken?page=203
Van Bekkum Groep B.V.,AMERSFOORT,Wiekenweg 53  3815 KL AMERSFOORT,Wiekenweg 53  3815 KL AMERSFOORT,033-2542140,//www.vanbekkum.nl,https://www.bouwendnederland.nl/vereniging/lidbedrijf-zoeken?page=203
Van Bekkum Projecten B.V.,AMERSFOORT,Wiekenweg 53  3815 KL AMERSFOORT,Wiekenweg 53  3815 KL AMERSFOORT,033-2542140,//www.vanbekkum.nl,https://www.bouwendnederland.nl/vereniging/lidbedrijf-zoeken?page=203
Van Benthem's Aannemingsbedrijf B.V.,DEURNINGEN,Hengelosestraat 207  7562 RA DEURNINGEN,Hengelosestraat 207  7562 RA DEURNINGEN,0541-512055,//www.vanbenthems.nl,https://www.bouwendnederland.nl/vereniging/lidbedrijf-zoeken?page=203
Van Bergen Bouw,NULAND,Bedrijfsstraat 22 E 5391 LR NULAND,Bedrijfsstraat 22 E 5391 LR NULAND,073-5323654,//www.vanbergenbouw.nl,https://www.bouwendnederland.nl/vereniging/lidbedrijf-zoeken?page=203
Van Berkel Aannemers Leimuiden B.V.,LEIMUIDEN,Tuinderij 13  2451 GG LEIMUIDEN,Tuinderij 13  2451 GG LEIMUIDEN,0172-508382,//www.vanberkelaannemers.nl,https://www.bouwendnederland.nl/vereniging/lidbedrijf-zoeken?page=203
Van Bijsterveld Bouw B.V.,PAPEKOP,Diemerbroek 52  3464 HS PAPEKOP,Diemerbroek 52  3464 HS PAPEKOP,0348-565011,//www.bijsterveldbouw.nl,https://www.bouwendnederland.nl/vereniging/lidbedrijf-zoeken?page=203
Van Boekel Bouw & Infra B.V.,ZEELAND,Voederheil 3  5411 RJ ZEELAND,Voederheil 3  5411 RJ ZEELAND,0486-459000,//www.vanboekel.com,https://www.bouwendnederland.nl/vereniging/lidbedrijf-zoeken?page=203
Van Boxtel Groep,HEESWIJK-DINTHER,Meerstraat 2  5473 VX HEESWIJK-DINTHER,Meerstraat 2  5473 VX HEESWIJK-DINTHER,0413-229335,//www.vanboxtelgroep.nl,https://www.bouwendnederland.nl/vereniging/lidbedrijf-zoeken?page=203
Van Bree Someren B.V.,SOMEREN,Half Elfje 4  5711 ES SOMEREN,Half Elfje 4  5711 ES SOMEREN,0493-820082,//www.vanbreesomeren.nl,https://www.bouwendnederland.nl/vereniging/lidbedrijf-zoeken?page=203
Van Buuren Glas B.V.,KRIMPEN AAN DEN IJSSEL,Stormsweg 2 G 2921 LZ KRIMPEN AAN DEN IJSSEL,Stormsweg 2 G 2921 LZ KRIMPEN AAN DEN IJSSEL,0180-746138,//www.vanbuurenglas.nl,https://www.bouwendnederland.nl/vereniging/lidbedrijf-zoeken?page=203
Van Campen Bouw/Zelhem B.V.,ZELHEM,Dr. Grashuisstraat 28 -30 7021 CL ZELHEM,Dr Grashuisstraat 28 -30 7021 CL ZELHEM,0314-622882,//www.vancampenbouwgroep.nl,https://www.bouwendnederland.nl/vereniging/lidbedrijf-zoeken?page=203
Van Campen Bouwgroep B.V.,ZELHEM,Dr. Grashuisstraat 28 -30 7021 CL ZELHEM,Dr Grashuisstraat 28 -30 7021 CL ZELHEM,0314-622882,//www.vancampenbouwgroep.nl,https://www.bouwendnederland.nl/vereniging/lidbedrijf-zoeken?page=203
Van Campen Planontwikkeling B.V.,ZELHEM,Dr. Grashuisstraat 28 -30 7021 CL ZELHEM,Dr Grashuisstraat 28 -30 7021 CL ZELHEM,0314-622882,//www.vancampenbouwgroep.nl,https://www.bouwendnederland.nl/vereniging/lidbedrijf-zoeken?page=204
Van Daalen Bouw B.V.,GORINCHEM,Papland 4  4206 CL GORINCHEM,Papland 4  4206 CL GORINCHEM,0183-569800,//www.vandaalenbouw.nl,https://www.bouwendnederland.nl/vereniging/lidbedrijf-zoeken?page=204
Van Dalfsen Infra,GENEMUIDEN,Puttenstraat 18  8281 BP GENEMUIDEN,Puttenstraat 18  8281 BP GENEMUIDEN,038-3854402,//www.jacvandalfsenbeheer.nl,https://www.bouwendnederland.nl/vereniging/lidbedrijf-zoeken?page=204
Van Dam Glas & Montage,HILLEGOM,Piet Heinstraat 36  2182 XH HILLEGOM,Piet Heinstraat 36  2182 XH HILLEGOM,,,https://www.bouwendnederland.nl/vereniging/lidbedrijf-zoeken?page=204
VAN DAMS & DOORSON BOUW B.V.,AMSTERDAM,Comeniusstraat 217  1065 BM AMSTERDAM,Huigenbos 820  1102 KA AMSTERDAM,,,https://www.bouwendnederland.nl/vereniging/lidbedrijf-zoeken?page=204
Van Dasselaar en Van Dijk B.V.,HOEVELAKEN,Hogebrinkerweg 51  3871 KM HOEVELAKEN,Hogebrinkerweg 51  3871 KM HOEVELAKEN,033-2459398,//www.vandasselaarvandijk.nl,https://www.bouwendnederland.nl/vereniging/lidbedrijf-zoeken?page=204
Van de Bunt Projecten B.V.,ZUIDWOLDE DR,Mw Jans-Dijkstralaan 8  7921 KH ZUIDWOLDE DR,Mw Jans-Dijkstralaan 8  7921 KH ZUIDWOLDE DR,,,https://www.bouwendnederland.nl/vereniging/lidbedrijf-zoeken?page=204
Van de Grift Bouwmanagement Soest BV,SOEST,Birkstraat 129  3768 HE SOEST,Birkstraat 129  3768 HE SOEST,035-6014691,//www.vandegrift.nl,https://www.bouwendnederland.nl/vereniging/lidbedrijf-zoeken?page=204
Van de Haar Buitenruimte B.V.,WEKEROM,Matendijk 7  6733 JD WEKEROM,Matendijk 7  6733 JD WEKEROM,0318-467777,//www.vandehaargroep.nl,https://www.bouwendnederland.nl/vereniging/lidbedrijf-zoeken?page=204
Van de Kolk Bouw B.V.,GARDEREN,Koningsweg 29  3886 KC GARDEREN,Koningsweg 29  3886 KC GARDEREN,0577-461855,//www.vandekolk.nl,https://www.bouwendnederland.nl/vereniging/lidbedrijf-zoeken?page=204
Van de Kreeke Beheer BV,NUTH,Postbus 22004  6360 AA NUTH,Huib van de Kreekeweg 5  6361 KG NUTH,045-5241800,//www.vandekreeke.nl,https://www.bouwendnederland.nl/vereniging/lidbedrijf-zoeken?page=204
Van de Kreeke Wegenbouw N.V.,NUTH,Huib van de Kreekeweg 5  6361 KG NUTH,Huib van de Kreekeweg 5  6361 KG NUTH,045-5241800,//www.vandekreeke.eu,https://www.bouwendnederland.nl/vereniging/lidbedrijf-zoeken?page=204
van de Pol Grondboringen,DEDEMSVAART,Galileistraat 9  7701 SK DEDEMSVAART,Galileistraat 9  7701 SK DEDEMSVAART,0523-616661,//www.vandepolgrondboringen.nl,https://www.bouwendnederland.nl/vereniging/lidbedrijf-zoeken?page=204
Van de Ven Bouw en Ontwikkeling B.V.,TILBURG,Postbus 4118  5004 JC TILBURG,Haya van Somerenstraat 4 -01 5032 MK TILBURG,013-5422063,//www.vandevenbv.nl,https://www.bouwendnederland.nl/vereniging/lidbedrijf-zoeken?page=204
Van de Vijzel Aannemingsbedrijf B.V.,ALMERE,Johannes Bosboomstraat 29  3817 DP AMERSFOORT,Argonweg 50  1362 AC ALMERE,033-4634665,//www.vijzel.nl,https://www.bouwendnederland.nl/vereniging/lidbedrijf-zoeken?page=204
Van de Water Bouw B.V.,NIJMEGEN,Postbus 6503  6503 GA NIJMEGEN,De Vlotkampweg 20  6545 AG NIJMEGEN,024-3712750,//www.vandewaterbouw.nl,https://www.bouwendnederland.nl/vereniging/lidbedrijf-zoeken?page=204
Van de Wetering Cultuurtechniek B.V.,HEESCH,Cereslaan 11  5384 VT HEESCH,Cereslaan-West 11  5384 VT HEESCH,0412-451368,//www.wetering-heesch.nl,https://www.bouwendnederland.nl/vereniging/lidbedrijf-zoeken?page=204
Van de Wijdeven Totaalbouw v.o.f.,MARIAHOUT,Stekkermortel 6 a 5738 PH MARIAHOUT,Stekkermortel 6 a 5738 PH MARIAHOUT,0499-465100,//www.wdvtotaalbouw.nl,https://www.bouwendnederland.nl/vereniging/lidbedrijf-zoeken?page=204
Van Delden Bouw B.V.,KIEL-WINDEWEER,Dorpsstraat 172  9605 PE KIEL-WINDEWEER,Dorpsstraat 172  9605 PE KIEL-WINDEWEER,0598-491888,//www.vandeldenbouw.nl,https://www.bouwendnederland.nl/vereniging/lidbedrijf-zoeken?page=204
Van den Akker Aannemersbedrijf B.V.,'S-GRAVENHAGE,Schietlood 2  2495 AN 'S-GRAVENHAGE,Schietlood 2  2495 AN 'S-GRAVENHAGE,085-2739900,//www.l-groep.nl,https://www.bouwendnederland.nl/vereniging/lidbedrijf-zoeken?page=204
Van den Berg Lopik B.V.,LOPIK,Handelsweg 7  3411 NZ LOPIK,Handelsweg 7  3411 NZ LOPIK,0348-551209,//www.vandenberglopik.nl,https://www.bouwendnederland.nl/vereniging/lidbedrijf-zoeken?page=205
Van den Berg Westmaas B.V.,HEINENOORD,Sikkel 28  3274 KK HEINENOORD,Sikkel 28  3274 KK HEINENOORD,0186-605100,//www.bergwestmaas.nl,https://www.bouwendnederland.nl/vereniging/lidbedrijf-zoeken?page=205
Van den Biggelaar Grond- en waterbouw B.V.,VELDDRIEL,Postbus 18  5330 AA KERKDRIEL,Oude Weistraat 17  5334 LK VELDDRIEL,0418-636000,//www.vandenbiggelaar.nl,https://www.bouwendnederland.nl/vereniging/lidbedrijf-zoeken?page=205
Van den Biggelaar Materieel B.V.,VELDDRIEL,Postbus 18  5330 AA KERKDRIEL,Oude Weistraat 17  5334 LK VELDDRIEL,0418-636000,//www.vandenbiggelaar.nl,https://www.bouwendnederland.nl/vereniging/lidbedrijf-zoeken?page=205
Van den Boomen Bouwbedrijf,MIERLO,Loeswijk 25  5731 VK MIERLO,Loeswijk 25  5731 VK MIERLO,0492-661753,//www.bouwbedrijfvandenboomen.nl,https://www.bouwendnederland.nl/vereniging/lidbedrijf-zoeken?page=205
Van den Brink Bouwgroep B.V.,DE HEURNE,Nellisstraat 3  7095 AG DE HEURNE,Nellisstraat 3  7095 AG DE HEURNE,0315-652105,//www.vandenbrinkbouwgroep.nl,https://www.bouwendnederland.nl/vereniging/lidbedrijf-zoeken?page=205
Van den Eijnden- Van Bree Bouw V.O.F.,DEURNE,Oude Liesselseweg 74  5751 WP DEURNE,Oude Liesselseweg 74  5751 WP DEURNE,0611-537680,//www.eb-bouw.nl,https://www.bouwendnederland.nl/vereniging/lidbedrijf-zoeken?page=205
Van den Elshout en de Bont Waalwijk,WAALWIJK,Postbus 1025  5140 CA WAALWIJK,Industrieweg 67  5145 PD WAALWIJK,0416-333501,//www.elshoutendebont.nl,https://www.bouwendnederland.nl/vereniging/lidbedrijf-zoeken?page=205
Van den Herik Sliedrecht,SLIEDRECHT,Postbus 191  3360 AD SLIEDRECHT,Industrieweg 24  3361 HJ SLIEDRECHT,0184-412881,//www.herik.nl,https://www.bouwendnederland.nl/vereniging/lidbedrijf-zoeken?page=205
Van den Heuvel Aannemingsbedrijf B.V.,HEESCH,Postbus 31  5384 ZG HEESCH,Kruishoekstraat 13  5384 TK HEESCH,0412-453872,//www.heuvelgroep.nl,https://www.bouwendnederland.nl/vereniging/lidbedrijf-zoeken?page=205
Van den Heuvel Afbouwgroep B.V.,DEURNE,Daalder 15  5753 SZ DEURNE,Daalder 15  5753 SZ DEURNE,0493-312330,//www.heuvelafbouwgroep.nl,https://www.bouwendnederland.nl/vereniging/lidbedrijf-zoeken?page=205
Van den Heuvel Glas B.V.,RIJSWIJK,Diepenhorstlaan 4  2288 EW RIJSWIJK,Diepenhorstlaan 4  2288 EW RIJSWIJK,070-3196900,//www.heuvelglas.nl,https://www.bouwendnederland.nl/vereniging/lidbedrijf-zoeken?page=205
Van den Heuvel Holding B.V.,HEESCH,Kruishoekstraat 13  5384 TK HEESCH,Kruishoekstraat 13  5384 TK HEESCH,,,https://www.bouwendnederland.nl/vereniging/lidbedrijf-zoeken?page=205
Van Den Heuvel Installatietechniek B.V.,HEESCH,Kruishoekstraat 13  5384 TK HEESCH,Kruishoekstraat 13  5384 TK HEESCH,,,https://www.bouwendnederland.nl/vereniging/lidbedrijf-zoeken?page=205
Van den Heuvel Materieelbeheer B.V.,HEESCH,Kruishoekstraat 13  5384 TK HEESCH,Kruishoekstraat 13  5384 TK HEESCH,,,https://www.bouwendnederland.nl/vereniging/lidbedrijf-zoeken?page=205
Van den Heuvel Stukadoors & Afbouw B.V.,DEURNE,Daalder 15  5753 SZ DEURNE,Daalder 15  5753 SZ DEURNE,049-3319952,//www.heuvelsa.nl,https://www.bouwendnederland.nl/vereniging/lidbedrijf-zoeken?page=205
Van den Hogen Bouwbedrijven B.V.,VOLENDAM,Papaverstraat 22  1131 HK VOLENDAM,Papaverstraat 22  1131 HK VOLENDAM,0299-363939,//www.vandenhogenbouwbedrijven.nl,https://www.bouwendnederland.nl/vereniging/lidbedrijf-zoeken?page=205
Van den Nieuwelaar Bouwservice,HAAREN,Oude Baan 7  5076 PJ HAAREN,Oude Baan 7  5076 PJ HAAREN,,,https://www.bouwendnederland.nl/vereniging/lidbedrijf-zoeken?page=205
Van den Oudenrijn B.V.,BODEGRAVEN,Klipperaak 2  2411 ND BODEGRAVEN,Klipperaak 2  2411 ND BODEGRAVEN,0172-612679,//www.vandenoudenrijn.nl,https://www.bouwendnederland.nl/vereniging/lidbedrijf-zoeken?page=205
Van der  Vlugt Timmerwerken B.V.,ALPHEN AAN DEN RIJN,Raadwijkstraat 28  2405 GS ALPHEN AAN DEN RIJN,Raadwijkstraat 28  2405 GS ALPHEN AAN DEN RIJN,,,https://www.bouwendnederland.nl/vereniging/lidbedrijf-zoeken?page=205
Van der Burgt en Robe b.v.,ROSMALEN,Deken Fritsenstraat 59 B 5243 VM ROSMALEN,Deken Fritsenstraat 59 B 5243 VM ROSMALEN,073-5219507,//www.vdburgtenrobe.nl,https://www.bouwendnederland.nl/vereniging/lidbedrijf-zoeken?page=206
Van der Cruijsen Bouw en Advies B.V.,HULSBERG,Jhr. v.d. Maesenstraat 45  6336 VB HULSBERG,Jhr. v.d. Maesenstraat 45  6336 VB HULSBERG,,,https://www.bouwendnederland.nl/vereniging/lidbedrijf-zoeken?page=206
Van der Geest Oud-Ade B.V.,OUD ADE,Postbus 31  2375 ZG RIJPWETERING,Leidseweg 22  2374 AN OUD ADE,071-5018223,//www.vandergeest-oudade.nl,https://www.bouwendnederland.nl/vereniging/lidbedrijf-zoeken?page=206
Van der Grift Groep B.V.,HARMELEN,Utrechtsestraatweg 36 c 3481 LA HARMELEN,Utrechtsestraatweg 36 c 3481 LA HARMELEN,0348-441315,//www.vandergrift-groep.nl,https://www.bouwendnederland.nl/vereniging/lidbedrijf-zoeken?page=206
Van der Grift Vastgoedonderhoud B.V.,HARMELEN,Utrechtsestraatweg 36 c 3481 LA HARMELEN,Utrechtsestraatweg 36 c 3481 LA HARMELEN,0348-441315,,https://www.bouwendnederland.nl/vereniging/lidbedrijf-zoeken?page=206
Van der Heijden Bouwbedrijf b.v.,SCHAIJK,Postbus 52  5374 ZH SCHAIJK,Industriepark 8  5374 CM SCHAIJK,0486-461855,//www.vd-heijden.nl,https://www.bouwendnederland.nl/vereniging/lidbedrijf-zoeken?page=206
Van der Helm Materieel B.V.,BERKEL EN RODENRIJS,Nobelsingel 2  2652 XA BERKEL EN RODENRIJS,Nobelsingel 2  2652 XA BERKEL EN RODENRIJS,010-2492460,//www.vdhelm.nl,https://www.bouwendnederland.nl/vereniging/lidbedrijf-zoeken?page=206
Van Der Hoek Bouwbedrijf B.V.,LEEUWARDEN,Foeke Sjoerdswei 44  8914 BH LEEUWARDEN,Foeke Sjoerdswei 44  8914 BH LEEUWARDEN,058-2152524,//www.vanderhoekbouw.nl,https://www.bouwendnederland.nl/vereniging/lidbedrijf-zoeken?page=206
van der Horst bouw en onderhoud B.V.,MILL,Houtzagerijstraat 4  5451 HZ MILL,Houtzagerijstraat 4  5451 HZ MILL,0486-431239,,https://www.bouwendnederland.nl/vereniging/lidbedrijf-zoeken?page=206
van der Horst Bouwbegeleiding A&U,ENKHUIZEN,De Laars 53  1602 MZ ENKHUIZEN,De Laars 53  1602 MZ ENKHUIZEN,0228-315470,//www.vanderhorstbouwbegeleiding.nl,https://www.bouwendnederland.nl/vereniging/lidbedrijf-zoeken?page=206
van der Horst bouwmaterieel B.V.,MILL,Houtzagerijstraat 6  5451 HZ MILL,Houtzagerijstraat 6  5451 HZ MILL,0486-431239,,https://www.bouwendnederland.nl/vereniging/lidbedrijf-zoeken?page=206
van der Horst Bouwservice B.V.,MILL,Houtzagerijstraat 4  5451 HZ MILL,Houtzagerijstraat 4  5451 HZ MILL,0486-431239,,https://www.bouwendnederland.nl/vereniging/lidbedrijf-zoeken?page=206
van der Horst building partners B.V.,MILL,Postbus 30  5450 AA MILL,Houtzagerijstraat 4  5451 HZ MILL,0486-431239,//www.vanderhorstaannemers.nl,https://www.bouwendnederland.nl/vereniging/lidbedrijf-zoeken?page=206
van der Horst projecten B.V.,MILL,Postbus 30  5450 AA MILL,Houtzagerijstraat 4  5451 HZ MILL,0486-431239,,https://www.bouwendnederland.nl/vereniging/lidbedrijf-zoeken?page=206
Van der Hulst Bouwbedrijf B.V.,LISSE,Akervoorderlaan 6  2161 DS LISSE,Akervoorderlaan 6  2161 DS LISSE,0252-210031,//www.vanderhulstbouwbedrijf.nl,https://www.bouwendnederland.nl/vereniging/lidbedrijf-zoeken?page=206
Van der Leij Bouwbedrijven B.V.,AMSTERDAM,Postbus 37063  1030 AB AMSTERDAM,Distelweg 80  B 1031 HH AMSTERDAM,020-6323331,//www.vdleij.nl,https://www.bouwendnederland.nl/vereniging/lidbedrijf-zoeken?page=206
Van der Leij Bouwprojecten B.V.,AMSTERDAM,Postbus 37063  1030 AB AMSTERDAM,Distelweg 80 b 1031 HH AMSTERDAM,020-6323331,//www.vdleij.nl,https://www.bouwendnederland.nl/vereniging/lidbedrijf-zoeken?page=206
Van der Leij Groep B.V.,AMSTERDAM,Postbus 37063  1030 AB AMSTERDAM,Distelweg 80 B 1031 HH AMSTERDAM,020-6323331,//www.vdleij.nl,https://www.bouwendnederland.nl/vereniging/lidbedrijf-zoeken?page=206
Van der Leij Onderhoud & Restauratie B.V.,AMSTERDAM,Postbus 37063  1030 AB AMSTERDAM,Distelweg 80 b 1031 HH AMSTERDAM,020-6323331,//www.vdleij.nl,https://www.bouwendnederland.nl/vereniging/lidbedrijf-zoeken?page=206
Van der Linden Bouwondernemening B.V.,NIJKERK GLD,Watergoorweg 108 J 3861 MA NIJKERK GLD,Watergoorweg 108 J 3861 MA NIJKERK GLD,033-2466000,//www.vanderlindenbouwonderneming.nl,https://www.bouwendnederland.nl/vereniging/lidbedrijf-zoeken?page=206
Van der Meer bouw en aannemingsbedrijf,HEEZE,Lunik 1  5591 PE HEEZE,Lunik 1  5591 PE HEEZE,040-2060637,//www.bouwenmetvandermeer.nl,https://www.bouwendnederland.nl/vereniging/lidbedrijf-zoeken?page=207
Van der Meer Multiglas,SASSENHEIM,Industriekade 32  2172 HW SASSENHEIM,Industriekade 32  2172 HW SASSENHEIM,0252-221910,//www.vandermeermultiglas.nl,https://www.bouwendnederland.nl/vereniging/lidbedrijf-zoeken?page=207
Van der Meijs renovatie & onderhoud B.V.,EINDHOVEN,Postbus 626  5600 AP Eindhoven,Beemdstraat 17  5653 MA EINDHOVEN,800-5500015,//www.vdmeijs.nl,https://www.bouwendnederland.nl/vereniging/lidbedrijf-zoeken?page=207
Van der Niet Bouw B.V.,NOORDWIJK ZH,Losplaatsweg 12  2201 CV NOORDWIJK ZH,Losplaatsweg 12  2201 CV NOORDWIJK ZH,071-3610290,//www.vandernietbouw.nl,https://www.bouwendnederland.nl/vereniging/lidbedrijf-zoeken?page=207
Van der Pijl Bouwbedrijf B.V.,GORINCHEM,Schelluinsestraat 30 A 4203 NM GORINCHEM,Schelluinsestraat 30  A 4203 NM GORINCHEM,0183-632641,//www.pijlbouw.nl,https://www.bouwendnederland.nl/vereniging/lidbedrijf-zoeken?page=207
Van der Slikke Bouw B.V.,BARNEVELD,Tesselschadestraat 23  3771 ZC BARNEVELD,Tesselschadestraat 23 23  3771 ZC BARNEVELD,0342-701093,//www.vanderslikkebouw.nl,https://www.bouwendnederland.nl/vereniging/lidbedrijf-zoeken?page=207
Van der Speld Bouw B.V.,GOUDA,Marconistraat 4  2809 PD GOUDA,Marconistraat 4  2809 PD GOUDA,0182-398177,//www.vanderspeldbouw.nl,https://www.bouwendnederland.nl/vereniging/lidbedrijf-zoeken?page=207
Van der Straaten Aannemingsmaatschappij bv,HANSWEERT,Werfdijk 6  4417 AN HANSWEERT,Werfdijk 6  4417 AN HANSWEERT,0113-382510,//www.vd-straaten.nl,https://www.bouwendnederland.nl/vereniging/lidbedrijf-zoeken?page=207
Van der Wardt Beheer B.V.,EEMNES,Eemweg 29 B 3755 LC EEMNES,Eemweg 29  B 3755 LC EEMNES,035-5383527,,https://www.bouwendnederland.nl/vereniging/lidbedrijf-zoeken?page=207
Van der Wardt Ontwikkeling B.V.,EEMNES,Eemweg 29 b 3755 LC EEMNES,Eemweg 29  B 3755 LC EEMNES,035-5383527,,https://www.bouwendnederland.nl/vereniging/lidbedrijf-zoeken?page=207
Van der Weegen Beheer B.V.,TILBURG,Kloosterstraat 4  5038 VP TILBURG,Kloosterstraat 4  5038 VP TILBURG,013-5352135,//www.vanderweegen.nl,https://www.bouwendnederland.nl/vereniging/lidbedrijf-zoeken?page=207
Van der Weegen Bouw B.V.,TILBURG,Ringbaan-Noord 105  5046 AA TILBURG,Ringbaan-Noord 105  5046 AA TILBURG,013-5499509,//www.vanderweegen.nl,https://www.bouwendnederland.nl/vereniging/lidbedrijf-zoeken?page=207
Van der Weegen Bouwbedrijf B.V.,TILBURG,Ringbaan-Noord 105  5046 AA TILBURG,Ringbaan-Noord 105  5046 AA TILBURG,013-5352135,//www.vanderweegen.nl,https://www.bouwendnederland.nl/vereniging/lidbedrijf-zoeken?page=207
Van der Weegen Bouwontwikkeling B.V.,TILBURG,Ringbaan-Oost 300  5018 AL TILBURG,Ringbaan-Oost 300  5018 AL TILBURG,013-5352135,//https://www.piushaven.nl/van-der-weegen-bouwgroep,https://www.bouwendnederland.nl/vereniging/lidbedrijf-zoeken?page=207
Van Der Weegen Groep,TILBURG,Kloosterstraat 4  5038 VP TILBURG,Kloosterstraat 4  5038 VP TILBURG,013-5352135,//www.vanderweegen.nl,https://www.bouwendnederland.nl/vereniging/lidbedrijf-zoeken?page=207
Van der Weegen Planontwikkeling B.V.,TILBURG,Kloosterstraat 4  5038 VP TILBURG,Kloosterstraat 4  5038 VP TILBURG,013-5499509,//www.vanderweegen.nl,https://www.bouwendnederland.nl/vereniging/lidbedrijf-zoeken?page=207
Van der Weegen Realisatie B.V.,TILBURG,Ringbaan-Noord 105  5046 AA TILBURG,Ringbaan-Noord 105  5046 AA TILBURG,013-5499509,//www.vanderweegen.nl,https://www.bouwendnederland.nl/vereniging/lidbedrijf-zoeken?page=207
Van der Weegen Vastgoedmanagement B.V.,TILBURG,Kloosterstraat 4  5038 VP TILBURG,Kloosterstraat 4  5038 VP TILBURG,,,https://www.bouwendnederland.nl/vereniging/lidbedrijf-zoeken?page=207
Van der Weijden Bouw B.V.,BLOKKER,Gildenweg 10  1695 GD BLOKKER,Gildenweg 10  1695 GD BLOKKER,,,https://www.bouwendnederland.nl/vereniging/lidbedrijf-zoeken?page=207
Van der Wel Bouw B.V.,BARENDRECHT,Arnhemseweg 12  2994 LA BARENDRECHT,Arnhemseweg 12  2994 LA BARENDRECHT,078-6741456,//www.welbouw.nl,https://www.bouwendnederland.nl/vereniging/lidbedrijf-zoeken?page=207
Van der Werff Groep bv,ALPHEN AAN DEN RIJN,Koperweg 8  2401 LH ALPHEN AAN DEN RIJN,Koperweg 8  2401 LH ALPHEN AAN DEN RIJN,0172-469511,//www.vanderwerffgroep.nl,https://www.bouwendnederland.nl/vereniging/lidbedrijf-zoeken?page=208
Van der Werff Infra,ALPHEN AAN DEN RIJN,Koperweg 8  2401 LH ALPHEN AAN DEN RIJN,Koperweg 8  2401 LH ALPHEN AAN DEN RIJN,0172-469500,//www.vanderwerffinfra.nl,https://www.bouwendnederland.nl/vereniging/lidbedrijf-zoeken?page=208
Van der Wiel Bouw B.V.,NOORDWIJK ZH,Postbus 37  2200 AA NOORDWIJK ZH,'s-Gravendijkckseweg 50  2201 CZ NOORDWIJK ZH,071-3619204,//www.vanderwielbouw.nl,https://www.bouwendnederland.nl/vereniging/lidbedrijf-zoeken?page=208
Van der Wiel Holding B.V.,DRACHTEN,De Meerpaal 11  9206 AJ DRACHTEN,De Meerpaal 11  9206 AJ DRACHTEN,0512-586225,//www.vanderwiel.nl,https://www.bouwendnederland.nl/vereniging/lidbedrijf-zoeken?page=208
Van der Wiel Infra & Milieu B.V.,DRACHTEN,Postbus 508  9200 AM DRACHTEN,De Meerpaal 11  9206 AJ DRACHTEN,0512-586210,//www.vanderwiel.nl,https://www.bouwendnederland.nl/vereniging/lidbedrijf-zoeken?page=208
Van der Wiel Planontwikkeling BV,DRACHTEN,Postbus 508  9200 AM DRACHTEN,De Meerpaal 11  9206 AJ DRACHTEN,0512-586206,,https://www.bouwendnederland.nl/vereniging/lidbedrijf-zoeken?page=208
Van der Zeeuw Projectontwikkeling B.V.,BOESINGHELIEDE,IJweg 507 J 2143 CL BOESINGHELIEDE,IJweg 507 J 2143 CL BOESINGHELIEDE,023-5551551,//www.vanderzeeuwvastgoed.nl,https://www.bouwendnederland.nl/vereniging/lidbedrijf-zoeken?page=208
Van der Zeeuw Vastgoed B.V.,BOESINGHELIEDE,IJweg 507 j 2143 CL BOESINGHELIEDE,IJweg 507 j 2143 CL BOESINGHELIEDE,020-3377416,//www.vanderzeeuwvastgoed.nl,https://www.bouwendnederland.nl/vereniging/lidbedrijf-zoeken?page=208
van Dijck Bouw,SON EN BREUGEL,Amerikalaan 58  5691 KE SON EN BREUGEL,Amerikalaan 58  5691 KE SON EN BREUGEL,,,https://www.bouwendnederland.nl/vereniging/lidbedrijf-zoeken?page=208
Van Dijk Bouw Volendam,VOLENDAM,Postbus 218  1130 AE VOLENDAM,De Toek 4  1131 PB VOLENDAM,0299-398139,//www.vandijkvolendam.nl,https://www.bouwendnederland.nl/vereniging/lidbedrijf-zoeken?page=208
Van Dijk Bouwgroep B.V.,HARDENBERG,J C Kellerlaan 22  7772 SG HARDENBERG,J C Kellerlaan 22  7772 SG HARDENBERG,0523-610867,//www.vandijkgroep.com,https://www.bouwendnederland.nl/vereniging/lidbedrijf-zoeken?page=208
Van Dijk Maasland bv,MAASLAND,Postbus 254  3140 AG MAASSLUIS,Oude Veiling 4  3155 EN MAASLAND,010-5991818,//www.vandijkmaasland.nl,https://www.bouwendnederland.nl/vereniging/lidbedrijf-zoeken?page=208
Van Dijk Maasland Groep B.V.,MAASLAND,Postbus 254  3140 AG MAASSLUIS,Oude Veiling 4  3155 EN MAASLAND,010-5991818,//www.vandijkmaasland.nl,https://www.bouwendnederland.nl/vereniging/lidbedrijf-zoeken?page=208
Van Dillen Bouwgroep B.V.,CULEMBORG,Industrieweg 8  4104 AR CULEMBORG,Industrieweg 8  4104 AR CULEMBORG,0345-509060,,https://www.bouwendnederland.nl/vereniging/lidbedrijf-zoeken?page=208
Van Dillen Groep B.V.,CULEMBORG,Industrieweg 8  4104 AR CULEMBORG,Industrieweg 8  4104 AR CULEMBORG,,,https://www.bouwendnederland.nl/vereniging/lidbedrijf-zoeken?page=208
Van Dinther Bouwbedrijf B.V.,SCHAIJK,Runstraat 65  5374 AB SCHAIJK,Runstraat 65  5374 AB SCHAIJK,0486-461851,//www.vandintherbouwbedrijf.nl,https://www.bouwendnederland.nl/vereniging/lidbedrijf-zoeken?page=208
Van Doorn Geldermalsen B.V.,GELDERMALSEN,Laageinde 15 a 4191 NR GELDERMALSEN,Laageinde 15 a 4191 NR GELDERMALSEN,0345-571141,//www.vandoorngeldermalsen.nl,https://www.bouwendnederland.nl/vereniging/lidbedrijf-zoeken?page=208
Van Doorn Verkeer B.V.,GELDERMALSEN,Bosmanskamp 31  4191 MS GELDERMALSEN,Bosmanskamp 31  4191 MS GELDERMALSEN,0345-612252,//www.doverbv.nl,https://www.bouwendnederland.nl/vereniging/lidbedrijf-zoeken?page=208
Van Doorne Holding B.V.,HELMOND,Varenschut 3  5705 DK HELMOND,Varenschut 3  5705 DK HELMOND,0492-525890,//www.csvgroep.nl,https://www.bouwendnederland.nl/vereniging/lidbedrijf-zoeken?page=208
Van Dorp Infra B.V.,BERLICUM NB,De Ploeg 16  5258 EZ BERLICUM NB,De Ploeg 16  5258 EZ BERLICUM NB,,,https://www.bouwendnederland.nl/vereniging/lidbedrijf-zoeken?page=208
Van Dorp Infra netwerken B.V.,BERLICUM NB,De Ploeg 16  5258 EZ BERLICUM NB,De Ploeg 16  5258 EZ BERLICUM NB,,,https://www.bouwendnederland.nl/vereniging/lidbedrijf-zoeken?page=209
Van Dorp Infrabedrijven B.V.,BERLICUM NB,De Ploeg 16  5258 EZ BERLICUM NB,De Ploeg 16  5258 EZ BERLICUM NB,073-5031410,//www.steen.nl,https://www.bouwendnederland.nl/vereniging/lidbedrijf-zoeken?page=209
Van Dorst Bouw en Ontwikkeling B.V.,ROSMALEN,Nieuwendijk 16  5241 BB ROSMALEN,Nieuwendijk 16  5241 BB ROSMALEN,073-5222219,//www.vandorstbouwenontwikkeling.nl,https://www.bouwendnederland.nl/vereniging/lidbedrijf-zoeken?page=209
Van Driel Bouw B.V.,BARENDRECHT,Riga 4 a 2993 LW BARENDRECHT,Riga 4 a 2993 LW BARENDRECHT,0852-739721,//www.vandrielbouwbv.nl,https://www.bouwendnederland.nl/vereniging/lidbedrijf-zoeken?page=209
Van Driesten-Harskamp Bouwbedrijf B.V.,HARSKAMP,Westenengseweg 24  6732 GJ HARSKAMP,Westenengseweg 24  6732 GJ HARSKAMP,0318-461651,//www.driesten.nl,https://www.bouwendnederland.nl/vereniging/lidbedrijf-zoeken?page=209
Van Duijvenbode bouwbedrijf,KATWIJK ZH,Dwarsstraat 9  2225 GL KATWIJK ZH,Dwarsstraat 9  2225 GL KATWIJK ZH,071-4076886,//www.vanduijvenbodebouw.nl,https://www.bouwendnederland.nl/vereniging/lidbedrijf-zoeken?page=209
Van Egmond Bouw en Montagebedrijf BV,NOORDWIJKERHOUT,Pletterij 32  2211 JT NOORDWIJKERHOUT,Pletterij 22  2211 JT NOORDWIJKERHOUT,025-2255525,//www.vanegmondmontage.nl,https://www.bouwendnederland.nl/vereniging/lidbedrijf-zoeken?page=209
Van Eijk Bouwbedrijf B.V.,TILBURG,Vierbundersweg 48  5047 TN TILBURG,Vierbundersweg 48  5047 TN TILBURG,0162-319401,//www.bouwbedrijfvaneijk.nl,https://www.bouwendnederland.nl/vereniging/lidbedrijf-zoeken?page=209
van Eijk Infra-en Milieutechniek B.V.,LEIDEN,Admiraal Helfrichweg 11  2315 VC LEIDEN,Admiraal Helfrichweg 11  2315 VC LEIDEN,071-5223791,//vaneijkleiden.nl,https://www.bouwendnederland.nl/vereniging/lidbedrijf-zoeken?page=209
Van Eijmeren Vastgoedzorg en Onderhoud B.V.,BARENDRECHT,Zwolseweg 37 a 2994 LB BARENDRECHT,Zwolseweg 37 a 2994 LB BARENDRECHT,0174-213019,//www.vaneijmerenmaasland.nl,https://www.bouwendnederland.nl/vereniging/lidbedrijf-zoeken?page=209
Van Engelen Metselwerken B.V.,GILZE,Den Bulk 16  5126 PW GILZE,Den Bulk 16  5126 PW GILZE,0161-452803,//www.vanengelenmetselwerken.nl,https://www.bouwendnederland.nl/vereniging/lidbedrijf-zoeken?page=209
Van Erp Dollevoet B.V.,OSS,Veersemeer 5  5347 JN OSS,Grevelingenmeer 25  5347 JP OSS,0412-492485,//http://www.vanerpdollevoet.nl,https://www.bouwendnederland.nl/vereniging/lidbedrijf-zoeken?page=209
van Erp Glaswerken B.V.,OSS,Amsteleindstraat 27 C 5345 HA OSS,Amsteleindstraat 27 C 5345 HA OSS,0412-632237,//www.vanerpglas.nl,https://www.bouwendnederland.nl/vereniging/lidbedrijf-zoeken?page=209
Van Essen Glas B.V.,ALMELO,Twentepoort Oost 47  7609 RG ALMELO,Twentepoort Oost 47  7609 RG ALMELO,0546-852476,//www.vanessenglas.com,https://www.bouwendnederland.nl/vereniging/lidbedrijf-zoeken?page=209
Van Gameren Aannemersbedrijf B.V.,GENDT,Henri Dunantstraat 17  6691 EK GENDT,Henri Dunantstraat 17  6691 EK GENDT,026-3250254,//www.vangamerenbouw.nl,https://www.bouwendnederland.nl/vereniging/lidbedrijf-zoeken?page=209
Van Gelder Groep B.V.,ELBURG,Postbus 29  8080 AA ELBURG,J.P. Broekhovenstraat 36  8081 HC ELBURG,0525-659888,//www.vangelder.com,https://www.bouwendnederland.nl/vereniging/lidbedrijf-zoeken?page=209
Van Gelder Hattem 1 B.V.,HATTEM,Postbus 56  8080 AB ELBURG,Burg Moslaan 11  8051 CP HATTEM,052-5659888,,https://www.bouwendnederland.nl/vereniging/lidbedrijf-zoeken?page=209
Van Gelder Installatietechniek B.V.,HATTEM,Postbus 56  8080 AB ELBURG,2e Industrieweg 1  8051 CM HATTEM,038-4431400,//www.gelder.com,https://www.bouwendnederland.nl/vereniging/lidbedrijf-zoeken?page=209
"Van Gelder Kabel-, Leiding- en Montagewerken B.V.",NIJKERK GLD,Postbus 1136  3860 BC NIJKERK GLD,Sluiswachter 18  3861 SN NIJKERK GLD,088-1154000,//www.vangelder.com,https://www.bouwendnederland.nl/vereniging/lidbedrijf-zoeken?page=209
"Van Gelder Kabel-, Leiding- en Montagewerken Regio Zwolle",ZWOLLE,Conradstraat 19  8013 RN ZWOLLE,Conradstraat 19  8013 RN ZWOLLE,,,https://www.bouwendnederland.nl/vereniging/lidbedrijf-zoeken?page=209
Van Gelder Rail BV,HATTEM,Postbus 15  8050 AA HATTEM,2e Industrieweg 2  8051 CM HATTEM,038-4431422,//www.gelder.com,https://www.bouwendnederland.nl/vereniging/lidbedrijf-zoeken?page=210
Van Gelder Telecom B.V.,HATTEM,Postbus 15  8050 AA HATTEM,2e Industrieweg 1  8051 CM HATTEM,038-4448060,,https://www.bouwendnederland.nl/vereniging/lidbedrijf-zoeken?page=210
Van Gelder Verkeerstechniek B.V.,HATTEM,Postbus 20  8050 AA HATTEM,Burg. Moslaan 11  8051 CP HATTEM,038-4431456,//www.gelder.com,https://www.bouwendnederland.nl/vereniging/lidbedrijf-zoeken?page=210
Van Geleuken Energie en Water B.V.,VELDDRIEL,Postbus 18  5330 AA KERKDRIEL,Oude Weistraat 17  5334 LK VELDDRIEL,,,https://www.bouwendnederland.nl/vereniging/lidbedrijf-zoeken?page=210
Van Geleuken Infra,Kelpen-Oler,Ellerweg  13 a 6037 RR Kelpen-Oler,Ellerweg 13 a 6037 RR Kelpen-Oler,0495-652750,//www.geleuken.com,https://www.bouwendnederland.nl/vereniging/lidbedrijf-zoeken?page=210
Van Gils Deuren B.V.,BREDA,Vossenberg 14  4825 BH BREDA,Vossenberg 14  4825 BH BREDA,0162-682692,//www.vangilsdeuren.nl,https://www.bouwendnederland.nl/vereniging/lidbedrijf-zoeken?page=210
Van Gisteren Bouw B.V.,LEUTH,Bredestraat 39  6578 AT LEUTH,Bredestraat 39  6578 AT LEUTH,,,https://www.bouwendnederland.nl/vereniging/lidbedrijf-zoeken?page=210
van Grinsven Grondboringen en Bronbemaling,WILBERTOORD,Wethouder Lindersstraat 130  5455 GN WILBERTOORD,Wethouder Lindersstraat 130  5455 GN WILBERTOORD,0485-380247,//www.bemaling.com,https://www.bouwendnederland.nl/vereniging/lidbedrijf-zoeken?page=210
Van Grootheest Projekten B.V.,EDE GLD,Postbus 204  6710 BE EDE GLD,Argonstraat 26  6718 WT EDE GLD,0318-419015,//https://www.grootheest.nl/footer/grootheest-projekten,https://www.bouwendnederland.nl/vereniging/lidbedrijf-zoeken?page=210
Van Grunsven Beheer B.V.,ERP,Postbus 36  5469 ZG ERP,Hoogstraat 21  5469 EL ERP,0413-211841,//www.grunsvengroep.nl,https://www.bouwendnederland.nl/vereniging/lidbedrijf-zoeken?page=210
Van Grunsven Materieel B.V.,ERP,Postbus 36  5469 ZG ERP,Hoogstraat 21  5469 EL ERP,,,https://www.bouwendnederland.nl/vereniging/lidbedrijf-zoeken?page=210
Van Hattum en Blankevoort B.V.,VIANEN UT,Postbus 399  4130 EJ VIANEN UT,Lange Dreef 13  4131 NJ VIANEN UT,088-1865100,//www.vhbinfra.nl,https://www.bouwendnederland.nl/vereniging/lidbedrijf-zoeken?page=210
Van Hattum en Blankevoort B.V. Regio Noord,DIEMEN,Postbus 292  1110 AG AMSTERDAM,Wisselwerking 52  1112 XR DIEMEN,023-5387434,//www.vhbinfra.nl,https://www.bouwendnederland.nl/vereniging/lidbedrijf-zoeken?page=210
"Van Hattum en Blankevoort B.V., Regio Zuid",PAPENDRECHT,Rietgorsweg 6  3356 LJ PAPENDRECHT,Rietgorsweg 6  3356 LJ PAPENDRECHT,078-6441299,//www.vhbinfra.nl,https://www.bouwendnederland.nl/vereniging/lidbedrijf-zoeken?page=210
Van Herk Bouw B.V.,SCHOONHOVEN,Industrieweg 3  2871 JE SCHOONHOVEN,Industrieweg 3  2871 JE SCHOONHOVEN,0182-382695,//www.vanherkbouw.nl,https://www.bouwendnederland.nl/vereniging/lidbedrijf-zoeken?page=210
Van Herk Groep B.V.,SLIEDRECHT,Stationspark 1100  3364 DA SLIEDRECHT,Stationspark 1100  3364 DA SLIEDRECHT,088-4401000,//www.stout.nl,https://www.bouwendnederland.nl/vereniging/lidbedrijf-zoeken?page=210
Van Herk Holding Lopik B.V.,LOPIK,Tiendweg 32  3411 NB LOPIK,Tiendweg 32  3411 NB LOPIK,0182-382695,//www.vanherkbouw.nl,https://www.bouwendnederland.nl/vereniging/lidbedrijf-zoeken?page=210
Van Heteren Recreatie B.V.,HENGELO OV,Boortorenweg 15  7554 RS HENGELO OV,Boortorenweg 15  7554 RS HENGELO OV,74-2045100,//www.vanheterenrecreatietechniek.com,https://www.bouwendnederland.nl/vereniging/lidbedrijf-zoeken?page=210
Van Heteren Weg- en Waterbouw B.V.,HENGELO OV,Boortorenweg 15  7554 RS HENGELO OV,Boortorenweg 15  7554 RS HENGELO OV,074-7630908,//www.vanheteren.com,https://www.bouwendnederland.nl/vereniging/lidbedrijf-zoeken?page=210
Van Heur Bouw & Onderhoud B.V.,KELPEN-OLER,Ellerweg 1  6037 RR KELPEN-OLER,Ellerweg 1  6037 RR KELPEN-OLER,0495-651225,//www.vanheurkelpen.nl,https://www.bouwendnederland.nl/vereniging/lidbedrijf-zoeken?page=210
van Heur Bouwservice Baexem B.V.,BAEXEM,St. Antoniusstraat 8 /8A 6095 AK BAEXEM,St. Antoniusstraat 8 /8A 6095 AK BAEXEM,0475-452424,//www.vanheurbaexem.nl,https://www.bouwendnederland.nl/vereniging/lidbedrijf-zoeken?page=211
Van Heusen Bouw & Projectontwikkeling B.V.,BREDA,Weidehek 30 b 4824 AS BREDA,Weidehek 30 b 4824 AS BREDA,076-5419300,//www.vanheusenbouw.nl,https://www.bouwendnederland.nl/vereniging/lidbedrijf-zoeken?page=211
Van Hoek Bouw B.V.,ZWOLLE,Bohemenstraat 3  8028 SB ZWOLLE,Bohemenstraat 3  8028 SB ZWOLLE,038-7600600,//www.vanhoekbouw.nl,https://www.bouwendnederland.nl/vereniging/lidbedrijf-zoeken?page=211
Van Hout Afbouwprojecten B.V.,HELMOND,Basstraat 42  5702 SH HELMOND,Basstraat 42  5702 SH HELMOND,,,https://www.bouwendnederland.nl/vereniging/lidbedrijf-zoeken?page=211
Van Hout Bouwbedrijf Oss B.V.,OSS,Gotenweg 13k K 5342 PP OSS,Gotenweg 13 k 5342 PP OSS,0412-234100,//www.vhb-oss.nl,https://www.bouwendnederland.nl/vereniging/lidbedrijf-zoeken?page=211
Van Hout's Aannemingsmaatschappij B.V.,SCHAIJK,Industriepark 2 a 5374 CM SCHAIJK,Industriepark 2 a 5374 CM SCHAIJK,0486-462554,//www.vanhout-schaijk.nl,https://www.bouwendnederland.nl/vereniging/lidbedrijf-zoeken?page=211
van Houwelingen machinale houtbewerking,GIESSENBURG,Bovenkerkseweg 19  3381 KA GIESSENBURG,Bovenkerkseweg 19  3381 KA GIESSENBURG,0184-652540,//www.avh-machinalehoutbewerking.nl,https://www.bouwendnederland.nl/vereniging/lidbedrijf-zoeken?page=211
Van Huizen Totaalbouw,BARENDRECHT,Ebweg 69 -71 2991 LS BARENDRECHT,Ebweg 69 -71 2991 LS BARENDRECHT,0180-690389,//www.huizentotaalbouw.nl,https://www.bouwendnederland.nl/vereniging/lidbedrijf-zoeken?page=211
VAN HULTEN-KROL Bouwmanagement,BREDA,Postbus 357  5140 AJ WAALWIJK,Hofhage 7  4813 XL BREDA,0416-332605,//www.vanhultenkrol.nl,https://www.bouwendnederland.nl/vereniging/lidbedrijf-zoeken?page=211
Van Idee Tot Oplevering (VITO) B.V.,WATERINGEN,Maasdijkseweg 128  2291 PJ WATERINGEN,Maasdijkseweg 128  2291 PJ WATERINGEN,0174-254325,//www.vitobouw.nl,https://www.bouwendnederland.nl/vereniging/lidbedrijf-zoeken?page=211
Van Kaam Bouw,IJMUIDEN,Wijk aan Zeeerweg 100  1972 NT IJMUIDEN,Wijk aan Zeeerweg 100  1972 NT IJMUIDEN,06-10962408,//www.vankaambouw.nl,https://www.bouwendnederland.nl/vereniging/lidbedrijf-zoeken?page=211
Van Kerckhoven Bouw B.V.,KLOOSTERZANDE,Pres Rooseveltstraat 7  4587 LA KLOOSTERZANDE,President Rooseveltstraat 7  4587 LA KLOOSTERZANDE,0114-681920,//www.vankerckhovenbouw.nl,https://www.bouwendnederland.nl/vereniging/lidbedrijf-zoeken?page=211
Van Kessel Bouw B.V.,GELDERMALSEN,Rijnstraat 50  4191 CM GELDERMALSEN,Rijnstraat 50  4191 CM GELDERMALSEN,0345-585610,//www.vankesselbouw.com,https://www.bouwendnederland.nl/vereniging/lidbedrijf-zoeken?page=211
Van Kessel SCO B.V.,BUREN GLD,Kornedijk 7 a 4116 CE BUREN GLD,Kornedijk 7 a 4116 CE BUREN GLD,0344-578520,//www.kesselsport-cultuur.nl,https://www.bouwendnederland.nl/vereniging/lidbedrijf-zoeken?page=211
Van Kessel Wegenbouw B.V.,GORINCHEM,Zuiderlingedijk 9 A 4207 GL GORINCHEM,Zuiderlingedijk 9  4207 GL GORINCHEM,0345-574136,//www.vankesselwegenbouw.nl,https://www.bouwendnederland.nl/vereniging/lidbedrijf-zoeken?page=211
Van Kesteren Aannemingsbedrijf B.V.,GROESBEEK,Ambachtsweg 16  6562 AV GROESBEEK,Ambachtsweg 16  6562 AV GROESBEEK,024-3975454,//www.vankesterenbv.nl,https://www.bouwendnederland.nl/vereniging/lidbedrijf-zoeken?page=211
Van Kesteren Schilders,VOORHOUT,Herenstraat 36  2215 KH VOORHOUT,Herenstraat  36  2215 KH VOORHOUT,0252-211779,//www.vankesterenschilders.nl,https://www.bouwendnederland.nl/vereniging/lidbedrijf-zoeken?page=211
Van Lagen Metselwerken B.V.,TERSCHUUR,Brunesengweg 25  3784 WE TERSCHUUR,Brunesengweg 25  3784 WE TERSCHUUR,0342-462664,//www.vanlagen.nl,https://www.bouwendnederland.nl/vereniging/lidbedrijf-zoeken?page=211
Van Leent Bouwbedrijf,'S-GRAVENZANDE,Koningin Julianaweg 146  2691 GH 'S-GRAVENZANDE,Koningin Julianaweg 146  2691 GH 'S-GRAVENZANDE,0174-247417,//www.vanleent-bouw.nl,https://www.bouwendnederland.nl/vereniging/lidbedrijf-zoeken?page=211
Van Leeuwen's Bouwbedrijf B.V.,AMSTELVEEN,Heemraadschapslaan 83  1181 VA AMSTELVEEN,Heemraadschapslaan 83  1181 VA AMSTELVEEN,020-6413940,//www.vlbb.nl,https://www.bouwendnederland.nl/vereniging/lidbedrijf-zoeken?page=211
Van Lenthe Dalfsen Grondverzet B.V.,DALFSEN,Koelmansstraat 73  7722 LW DALFSEN,Koelmansstraat 73  7722 LW DALFSEN,0529-401215,//www.vanlenthedalfsen.nl,https://www.bouwendnederland.nl/vereniging/lidbedrijf-zoeken?page=212
Van Leur Holding B.V.,UTRECHT,Nautilusweg 16  3542 AV UTRECHT,Nautilusweg 16  3542 AV UTRECHT,,,https://www.bouwendnederland.nl/vereniging/lidbedrijf-zoeken?page=212
Van Lith Bouwbedrijf B.V.,BEVERWIJK,Jan de Windstraat 1  1945 SX BEVERWIJK,Jan de Windstraat 1  1945 SX BEVERWIJK,0251-240904,//www.vanlithbeverwijk.nl,https://www.bouwendnederland.nl/vereniging/lidbedrijf-zoeken?page=212
Van Lith Bouwgroep B.V.,BEVERWIJK,Jan de Windstraat 1  1945 SX BEVERWIJK,Jan de Windstraat 1  1945 SX BEVERWIJK,0251-240904,//www.vanlithbeverwijk.nl,https://www.bouwendnederland.nl/vereniging/lidbedrijf-zoeken?page=212
Van Mensvoort Veghel bv,VEGHEL,Udenseweg 16  5464 VA VEGHEL,Udenseweg 16  5464 VA VEGHEL,0413-341810,//www.vanmensvoortveghel.nl,https://www.bouwendnederland.nl/vereniging/lidbedrijf-zoeken?page=212
Van Mierlo Beheer B.V.,MAASDIJK,Postbus 218  3140 AE MAASSLUIS,Aartsdijkweg 1  2676 LE MAASDIJK,0174-540150,,https://www.bouwendnederland.nl/vereniging/lidbedrijf-zoeken?page=212
Van Mierlo Bouw B.V.,MAASDIJK,Aartsdijkweg 1  2676 LE MAASDIJK,Aartsdijkweg 1  2676 LE MAASDIJK,0174-522300,//www.vmierlo.nl,https://www.bouwendnederland.nl/vereniging/lidbedrijf-zoeken?page=212
Van Mierlo Bouwmaatschappij B.V.,MAASDIJK,Postbus 218  3140 AE MAASSLUIS,Aartsdijkweg 1  2676 LE MAASDIJK,0174-522300,//www.vmierlo.nl,https://www.bouwendnederland.nl/vereniging/lidbedrijf-zoeken?page=212
Van Mierlo Bouwprojecten B.V.,MAASDIJK,Aartsdijkweg 1  2676 LE MAASDIJK,Aartsdijkweg 1  2676 LE MAASDIJK,0174-522300,//www.vmierlo.nl,https://www.bouwendnederland.nl/vereniging/lidbedrijf-zoeken?page=212
Van Mierlo Dinkq B.V.,WATERINGEN,Klopperman 4  2292 JD WATERINGEN,Klopperman 4  2292 JD WATERINGEN,088-7141414,//www.vmierlo-dinkq.nl,https://www.bouwendnederland.nl/vereniging/lidbedrijf-zoeken?page=212
Van Mierlo Renovatieprojecten B.V.,MAASDIJK,Aartsdijkweg 1  2676 LE MAASDIJK,Aartsdijkweg 1  2676 LE MAASDIJK,0174-522300,//www.vmierlo.nl,https://www.bouwendnederland.nl/vereniging/lidbedrijf-zoeken?page=212
Van Miltenburg Bouw & Onderhoud,DE MEERN,Strijkviertel 63  3454 PK DE MEERN,Strijkviertel 63  3454 PK DE MEERN,030-2322824,//www.vanmiltenburg.nl,https://www.bouwendnederland.nl/vereniging/lidbedrijf-zoeken?page=212
Van Mourik Bouw B.V.,OPHEMERT,De Geer 18  4061 RR OPHEMERT,De Geer 18  4061 RR OPHEMERT,0344-651262,//www.mourikbouw.nl,https://www.bouwendnederland.nl/vereniging/lidbedrijf-zoeken?page=212
Van Nieuwenhoven International B.V.,Heel,Oosterveldstraat 29  6097 BR HEEL,Oosterveldstraat  29  6097 BR Heel,0645-231812,//www.nieuwenhoven.nl,https://www.bouwendnederland.nl/vereniging/lidbedrijf-zoeken?page=212
Van Noordenne Glasprojecten,HARDINXVELD-GIESSENDAM,Transportweg 75  3371 MA HARDINXVELD-GIESSENDAM,Transportweg 75  3371 MA HARDINXVELD-GIESSENDAM,0184-675835,//www.noordennegroep.nl,https://www.bouwendnederland.nl/vereniging/lidbedrijf-zoeken?page=212
Van Oord Dredging and Marine Contractors bv,ROTTERDAM,Postbus 8574  3009 AN ROTTERDAM,Schaardijk 211  3063 NH ROTTERDAM,010-4478444,//www.vanoord.com,https://www.bouwendnederland.nl/vereniging/lidbedrijf-zoeken?page=212
Van Oord N.V.,ROTTERDAM,Postbus 8574  3009 AN ROTTERDAM,Schaardijk 211  3063 NH ROTTERDAM,088-8260000,//https://www.vanoord.com/,https://www.bouwendnederland.nl/vereniging/lidbedrijf-zoeken?page=212
Van Oord Nederland B.V.,ROTTERDAM,Postbus 44137  3006 HC ROTTERDAM,Schaardijk 211  3063 NH ROTTERDAM,0888-265300,//www.vanoord.com,https://www.bouwendnederland.nl/vereniging/lidbedrijf-zoeken?page=212
VAN OORSCHOT BOUW,OOSTZAAN,De Heul 32 A 1511 AK OOSTZAAN,De Heul 32 A 1511 AK OOSTZAAN,06-51810521,//www.van-oorschot.com,https://www.bouwendnederland.nl/vereniging/lidbedrijf-zoeken?page=212
Van Os en Van den Berg B.V.,AMSTERDAM-DUIVENDRECHT,Pieter Braaijweg 59  1114 AJ AMSTERDAM-DUIVENDRECHT,Pieter Braaijweg 59  1114 AJ AMSTERDAM-DUIVENDRECHT,020-4634589,//www.vovb.nl,https://www.bouwendnederland.nl/vereniging/lidbedrijf-zoeken?page=212
van Panhuis Bouw B.V.,ERMELO,Jagerserf 30  3851 SM ERMELO,Jagerserf 30  3851 SM ERMELO,034-1562824,//www.vanpanhuisbouw.nl,https://www.bouwendnederland.nl/vereniging/lidbedrijf-zoeken?page=213
Van Pijkeren Bouw,OMMEN,Brink 31  7731 TD OMMEN,Brink 31  7731 TD OMMEN,0529-452775,//www.vanpijkerenbouw.nl,https://www.bouwendnederland.nl/vereniging/lidbedrijf-zoeken?page=213
Van Pijkeren Woningbouw B.V.,DALFSEN,Hessenweg 10  7722 PK DALFSEN,Hessenweg 10  7722 PK DALFSEN,0529-432233,//www.bouwvanpijkeren.nl,https://www.bouwendnederland.nl/vereniging/lidbedrijf-zoeken?page=213
Van Raaijen Infra,ALMERE,De Binderij 54  1321 EK ALMERE,De Binderij 54  1321 EK ALMERE,036-5470369,//www.vanraaijeninfra.nl,https://www.bouwendnederland.nl/vereniging/lidbedrijf-zoeken?page=213
van Reenen Glasmontage B.V.,DRACHTEN,Pyriet 23  9207 GK DRACHTEN,De Hemmen 6  9206 AG DRACHTEN,0512-541800,//www.vanreenenglas.nl,https://www.bouwendnederland.nl/vereniging/lidbedrijf-zoeken?page=213
Van Rennes Bouw B.V.,WAGENINGEN,Postbus 184  6700 AD WAGENINGEN,Nudepark 160  6702 DX WAGENINGEN,0317-422066,//www.van-rennes.nl,https://www.bouwendnederland.nl/vereniging/lidbedrijf-zoeken?page=213
Van Rhijn Bouw B.V.,KATWIJK ZH,Valkenburgseweg 62  2223 KE KATWIJK ZH,Valkenburgseweg 62  2223 KE KATWIJK ZH,071-4016041,//www.vanrhijnbouw.nl,https://www.bouwendnederland.nl/vereniging/lidbedrijf-zoeken?page=213
Van Rhijn Bouw Renovatie & Onderhoud B.V.,NIEUW-VENNEP,Schillingweg 55  2153 PL NIEUW-VENNEP,Schillingweg 55  2153 PL NIEUW-VENNEP,0252-672429,//www.vanrhijnbouw.nl,https://www.bouwendnederland.nl/vereniging/lidbedrijf-zoeken?page=213
Van Rhijn Groep B.V.,KATWIJK ZH,Valkenburgseweg 62  2223 KE KATWIJK ZH,Valkenburgseweg 62  2223 KE KATWIJK ZH,071-4016041,//www.vanrhijnbouw.nl,https://www.bouwendnederland.nl/vereniging/lidbedrijf-zoeken?page=213
Van Rijnsoever bv,MONTFOORT,Heeswijk 155 a 3417 GP MONTFOORT,Heeswijk 155 a 3417 GP MONTFOORT,030-2882979,//www.vanrijnsoever.nl,https://www.bouwendnederland.nl/vereniging/lidbedrijf-zoeken?page=213
Van Roey Nederland B.V.,ROTTERDAM,Oostmalsesteenweg  261  2310 Rijkevorsel-Belgie,Fascinatio Boulevard 216  3065 WB ROTTERDAM,3-3401711,//https://www.groepvanroey.be/nl,https://www.bouwendnederland.nl/vereniging/lidbedrijf-zoeken?page=213
Van Rooijen-Balk Materieel B.V,IJSSELSTEIN UT,Lage Dijk-Noord 5  3401 VA IJSSELSTEIN UT,Lage Dijk-Noord 5  3401 VA IJSSELSTEIN UT,030-6874244,//https://www.vanrooijen-balk.nl/,https://www.bouwendnederland.nl/vereniging/lidbedrijf-zoeken?page=213
Van Roon Rail B.V.,ASPEREN,Engweg 9  4147 BR ASPEREN,Engweg 9  4147 BR ASPEREN,0345-510250,//www.vanroonasperen.nl,https://www.bouwendnederland.nl/vereniging/lidbedrijf-zoeken?page=213
Van Santvoort Bouw B.V.,VELDHOVEN,De Plank 89  5504 EE VELDHOVEN,De Plank 89  5504 EE VELDHOVEN,040-2531818,//www.van-santvoort.com,https://www.bouwendnederland.nl/vereniging/lidbedrijf-zoeken?page=213
Van Schaik Voor Straatwerk B.V.,KOCKENGEN,Wagendijk 1 a 3628 EP KOCKENGEN,Wagendijk 1 a 3628 EP KOCKENGEN,0346-241255,//www.vanschaikvoorstraatwerk.nl,https://www.bouwendnederland.nl/vereniging/lidbedrijf-zoeken?page=213
Van Schoonhoven Infra B.V.,LEUSDEN,Postbus 52  3830 AB LEUSDEN,Ambachtsweg 1  3831 KA LEUSDEN,033-4941538,//www.vanschoonhoveninfra.nl,https://www.bouwendnederland.nl/vereniging/lidbedrijf-zoeken?page=213
Van Spijker Infrabouw BV,MEPPEL,Pieter Mastebroekweg 4  7942 JZ MEPPEL,Pieter Mastebroekweg 4  7942 JZ MEPPEL,0522-252589,//www.vsib.nl,https://www.bouwendnederland.nl/vereniging/lidbedrijf-zoeken?page=213
Van Straten Geleiderail B.V.,BUREN GLD,Kornedijk 7 a 4116 CE BUREN GLD,Kornedijk 7 a 4116 CE BUREN GLD,0344-578505,,https://www.bouwendnederland.nl/vereniging/lidbedrijf-zoeken?page=213
Van Tienen Aannemingsbedrijf B.V.,NIJMEGEN,Groesbeeksedwarsweg 276 a 6521 DV NIJMEGEN,Groesbeeksedwarsweg 276 a 6521 DV NIJMEGEN,024-3230060,//www.vantienennijmegen.nl,https://www.bouwendnederland.nl/vereniging/lidbedrijf-zoeken?page=213
Van Tongeren Bouw B.V.,BEEKBERGEN,Dorpstraat 4  7361 AV BEEKBERGEN,Dorpstraat  4  7361 AV BEEKBERGEN,055-5061387,//www.vantongerenbouw.nl,https://www.bouwendnederland.nl/vereniging/lidbedrijf-zoeken?page=213
Van Tongeren Watertechniek BV,Apeldoorn,Pyrietstraat 1  1812 SC ALKMAAR,Zwaansprengweg 9  7332 BE Apeldoorn,072-2100249,,https://www.bouwendnederland.nl/vereniging/lidbedrijf-zoeken?page=214
Van Ulft Bouw en Timmerwerken,VENLO,Minckelersstraat 12 B 5916 PE VENLO,Minckelersstraat 12 B 5916 PE VENLO,077-2086043,//www.van-ulft.nl,https://www.bouwendnederland.nl/vereniging/lidbedrijf-zoeken?page=214
Van Velzen Materieel B.V.,ALKMAAR,Pyrietstraat 1  1812 SC ALKMAAR,Pyrietstraat 1  1812 SC ALKMAAR,,,https://www.bouwendnederland.nl/vereniging/lidbedrijf-zoeken?page=214
van Verseveld Infra,ELST UT,Rijksstraatweg 209  3921 AG ELST UT,Rijksstraatweg 209  3921 AG ELST UT,0318-505665,//www.vanverseveldinfra.nl,https://www.bouwendnederland.nl/vereniging/lidbedrijf-zoeken?page=214
Van Vliet Bouw B.V.,ALPHEN AAN DEN RIJN,Steekterweg 75 d 2407 BE ALPHEN AAN DEN RIJN,Steekterweg 75 d 2407 BE ALPHEN AAN DEN RIJN,0172-520280,//www.van-vliet-bouw.nl,https://www.bouwendnederland.nl/vereniging/lidbedrijf-zoeken?page=214
Van Voskuilen Infratechniek B.V.,WOUDENBERG,Galileilaan 40  6716 BP EDE GLD,Stationsweg West 10  3931 ES WOUDENBERG,033-2859950,//www.voskuilen.nl,https://www.bouwendnederland.nl/vereniging/lidbedrijf-zoeken?page=214
Van Vulpen,GORINCHEM,Postbus 231  4200 AE GORINCHEM,Papland 8  4206 CL GORINCHEM,0183-645060,//www.vanvulpen.eu,https://www.bouwendnederland.nl/vereniging/lidbedrijf-zoeken?page=214
Van Waning Bouw B.V.,CAPELLE AAN DEN IJSSEL,Rivium 2e Straat 36  2909 LG CAPELLE AAN DEN IJSSEL,Rivium 2e Straat 36  2909 LG CAPELLE AAN DEN IJSSEL,010-7990100,//www.vanwaning.nl,https://www.bouwendnederland.nl/vereniging/lidbedrijf-zoeken?page=214
Van Wanrooij Bouwbedrijf bv,GEFFEN,Postbus 4  5386 ZG GEFFEN,Broekstraat 2  5386 KD GEFFEN,073-5340400,//www.vanwanrooij.nl,https://www.bouwendnederland.nl/vereniging/lidbedrijf-zoeken?page=214
Van Wanrooij Bouwontwikkeling B.V.,'S-HERTOGENBOSCH,Magistratenlaan 24  5223 MD 'S-HERTOGENBOSCH,Magistratenlaan 24  5223 MD 'S-HERTOGENBOSCH,,,https://www.bouwendnederland.nl/vereniging/lidbedrijf-zoeken?page=214
Van Wanrooij Projectontwikkeling bv,GEFFEN,Postbus 4  5386 ZG GEFFEN,Broekstraat 2  5386 KD GEFFEN,073-5340400,//www.vanwanrooij.nl,https://www.bouwendnederland.nl/vereniging/lidbedrijf-zoeken?page=214
Van Wanrooij Timmerfabriek bv,GEFFEN,Postbus 4  5386 ZG GEFFEN,Broekstraat 2  5386 KD GEFFEN,073-5340400,//www.vanwanrooij.nl,https://www.bouwendnederland.nl/vereniging/lidbedrijf-zoeken?page=214
Van Weenen Bouwbedrijf B.V.,ZUIDLAND,Scheijdelveweg 7  r 3214 VN ZUIDLAND,Scheijdelveweg 7  r 3214 VN ZUIDLAND,0181-479720,//www.vanweenenbouw.nl,https://www.bouwendnederland.nl/vereniging/lidbedrijf-zoeken?page=214
Van Werven Infra B.V.,OLDEBROEK,Postbus 14  8096 ZG OLDEBROEK,Zuiderzeestraatweg 74  8096 CB OLDEBROEK,0525-631441,//www.vanwerven.nl,https://www.bouwendnederland.nl/vereniging/lidbedrijf-zoeken?page=214
Van Wetten Bouwbedrijf B.V.,LIEROP,Stipdonk 50  5715 PD LIEROP,Stipdonk 50  5715 PD LIEROP,,,https://www.bouwendnederland.nl/vereniging/lidbedrijf-zoeken?page=214
Van Wiggen Bouw BV,VIANEN UT,Lexmondsestraatweg 5  4133 LA VIANEN UT,Lexmondsestraatweg 5  4133 LA VIANEN UT,0347-371593,//www.vanwiggenbouw.nl,https://www.bouwendnederland.nl/vereniging/lidbedrijf-zoeken?page=214
Van Wijk Bouw B.V.,ASPEREN,2e Industrieweg 1 d 4147 CS ASPEREN,2e Industrieweg 1 d 4147 CS ASPEREN,0345-523222,//www.vanwijkbouw.nl,https://www.bouwendnederland.nl/vereniging/lidbedrijf-zoeken?page=214
Van Wijk Vastgoedonderhoud B.V.,DE MEERN,Postbus 2164  3500 GD UTRECHT,Strijkviertel 59  3454 PK DE MEERN,088-9995000,//www.vanwijkvgo.nl,https://www.bouwendnederland.nl/vereniging/lidbedrijf-zoeken?page=214
Van Wijk Wegenbouw B.V.,ALPHEN AAN DEN RIJN,Postbus 112  2410 AC BODEGRAVEN,Steekterweg 69  2407 BE ALPHEN AAN DEN RIJN,0172-651156,//www.vanwijk-wegenbouw.nl,https://www.bouwendnederland.nl/vereniging/lidbedrijf-zoeken?page=214
Van Wijnen Amsterdam B.V.,DIEMEN,Diemerhof 32  1112 XN DIEMEN,Diemerhof 32  1112 XN DIEMEN,020-3644000,//www.vanwijnen.nl,https://www.bouwendnederland.nl/vereniging/lidbedrijf-zoeken?page=214
Van Wijnen Arnhem B.V.,ARNHEM,Van Oldenbarneveldtstr 117  6827 AM ARNHEM,Van Oldenbarneveldtstraat 117  6827 AM ARNHEM,026-3535000,//www.vanwijnen.nl,https://www.bouwendnederland.nl/vereniging/lidbedrijf-zoeken?page=215
Van Wijnen Bouw Dalfsen,DALFSEN,Hessenweg 63 a 7722 PJ DALFSEN,Hessenweg 63 a 7722 PJ DALFSEN,0529-431384,//www.vanwijnenbouwdalfsen.nl,https://www.bouwendnederland.nl/vereniging/lidbedrijf-zoeken?page=215
Van Wijnen Breda,BREDA,Van de Reijtstraat 51  4814 NE BREDA,Van de Reijtstraat 51  4814 NE BREDA,076-5621940,,https://www.bouwendnederland.nl/vereniging/lidbedrijf-zoeken?page=215
Van Wijnen Deventer B.V.,DEVENTER,Visbystraat 5  7418 BE DEVENTER,Visbystraat 5  7418 BE DEVENTER,0570-633333,//www.vanwijnen.nl,https://www.bouwendnederland.nl/vereniging/lidbedrijf-zoeken?page=215
Van Wijnen Deventer B.V. Onderhoud en Beheer,DEVENTER,Visbystraat 5  7418 BE DEVENTER,Visbystraat 5  7418 BE DEVENTER,0570-633333,//www.vanwijnen.nl,https://www.bouwendnederland.nl/vereniging/lidbedrijf-zoeken?page=215
Van Wijnen Deventer B.V. Onderhoud en Beheer Brummen,BRUMMEN,Mercuriusweg 16  6971 GV BRUMMEN,Mercuriusweg 16  6971 GV BRUMMEN,0575-564600,//www.vanwijnen.nl,https://www.bouwendnederland.nl/vereniging/lidbedrijf-zoeken?page=215
Van Wijnen Dordrecht b.v.,DORDRECHT,Postbus 729  3300 AS DORDRECHT,Calandstraat 4  3316 EA DORDRECHT,078-6333911,//www.vanwijnen.nl,https://www.bouwendnederland.nl/vereniging/lidbedrijf-zoeken?page=215
Van Wijnen Eibergen B.V.,EIBERGEN,Kiefte 4  7151 HZ EIBERGEN,Kiefte 4  7151 HZ EIBERGEN,0545-250100,//www.vanwijnen.nl,https://www.bouwendnederland.nl/vereniging/lidbedrijf-zoeken?page=215
Van Wijnen Gorredijk B.V.,GORREDIJK,Badweg 42  8401 BL GORREDIJK,Badweg 42  8401 BL GORREDIJK,0513-467654,//www.vanwijnen.nl,https://www.bouwendnederland.nl/vereniging/lidbedrijf-zoeken?page=215
Van Wijnen Groep  B.V.,BAARN,Postbus 76  3740 AB BAARN,Baarnsche dijk 14  3741 LS BAARN,035-5482828,//www.vanwijnen.nl,https://www.bouwendnederland.nl/vereniging/lidbedrijf-zoeken?page=215
Van Wijnen Groep Projectontwikkeling b.v.,BAARN,Postbus 76  3740 AB BAARN,Baarnsche dijk 14  3741 LS BAARN,035-5482828,//www.vanwijnen.nl,https://www.bouwendnederland.nl/vereniging/lidbedrijf-zoeken?page=215
Van Wijnen Groningen b.v.,GRONINGEN,Kieler Bocht 19  9723 JA GRONINGEN,Kieler Bocht 19  9723 JA GRONINGEN,050-7502200,//www.vanwijnen.nl,https://www.bouwendnederland.nl/vereniging/lidbedrijf-zoeken?page=215
Van Wijnen Haarlemmermeer b.v.,HOOFDDORP,Postbus 3054  2130 KB HOOFDDORP,Opaallaan 14  2132 XT HOOFDDORP,023-5764000,//www.vanwijnen.nl,https://www.bouwendnederland.nl/vereniging/lidbedrijf-zoeken?page=215
Van Wijnen Heerhugowaard B.V.,HEERHUGOWAARD,Galileistraat 21  1704 SE HEERHUGOWAARD,Galileistraat 21  1704 SE HEERHUGOWAARD,072-7503500,//www.vanwijnen.nl,https://www.bouwendnederland.nl/vereniging/lidbedrijf-zoeken?page=215
Van Wijnen Holding N.V.,BAARN,Postbus 76  3740 AB BAARN,Baarnsche dijk 14  3741 LS BAARN,035-5482828,//www.vanwijnen.nl,https://www.bouwendnederland.nl/vereniging/lidbedrijf-zoeken?page=215
Van Wijnen Lelystad B.V.,LELYSTAD,Pascallaan 36 a 8218 NJ LELYSTAD,Pascallaan 36 A 8218 NJ LELYSTAD,0320-230300,//www.vanwijnen.nl,https://www.bouwendnederland.nl/vereniging/lidbedrijf-zoeken?page=215
Van Wijnen Materieel B.V.,BAARN,Postbus 76  3740 AB BAARN,Baarnsche dijk 14  3741 LS BAARN,,,https://www.bouwendnederland.nl/vereniging/lidbedrijf-zoeken?page=215
Van Wijnen Midden B.V.,HARDERWIJK,Postbus 151  3840 AD HARDERWIJK,Deventerweg 4 A 3843 GD HARDERWIJK,0341-553644,//www.vanwijnen.nl,https://www.bouwendnederland.nl/vereniging/lidbedrijf-zoeken?page=215
Van Wijnen Noord B.V.,HEERENVEEN,K R Poststraat 101  8441 EN HEERENVEEN,K R Poststraat 101  8441 EN HEERENVEEN,0513-439100,//www.vanwijnen.nl,https://www.bouwendnederland.nl/vereniging/lidbedrijf-zoeken?page=215
Van Wijnen Oost B.V.,ARNHEM,Van Oldenbarneveldtstr 117  6827 AM ARNHEM,Van Oldenbarneveldtstraat 117  6827 AM ARNHEM,026-3535000,//www.vanwijnen.nl,https://www.bouwendnederland.nl/vereniging/lidbedrijf-zoeken?page=215
Van Wijnen Overige Activiteiten,BAARN,Baarnsche dijk 14  3741 LS BAARN,Baarnsche dijk 14  3741 LS BAARN,035-5482828,//www.vanwijnen.nl,https://www.bouwendnederland.nl/vereniging/lidbedrijf-zoeken?page=216
Van Wijnen Projectontwikkeling,BAARN,Baarnsche dijk 14  3741 LS BAARN,Baarnsche dijk 14  3741 LS BAARN,035-5482828,//www.vanwijnen.nl,https://www.bouwendnederland.nl/vereniging/lidbedrijf-zoeken?page=216
Van Wijnen Projectontwikkeling Noord B.V.,HEERENVEEN,K R Poststraat 101  8441 EN HEERENVEEN,K R Poststraat 101  8441 EN HEERENVEEN,0513-439100,//www.vanwijnen.nl,https://www.bouwendnederland.nl/vereniging/lidbedrijf-zoeken?page=216
Van Wijnen Projectontwikkeling Oost B.V.,ARNHEM,Van Oldenbarneveldtstr 117  6827 AM ARNHEM,Van Oldenbarneveldtstraat 117  6827 AM ARNHEM,026-7503600,//www.vanwijnen.nl,https://www.bouwendnederland.nl/vereniging/lidbedrijf-zoeken?page=216
Van Wijnen Projectontwikkeling West B.V.,DORDRECHT,Postbus 764  3300 AT DORDRECHT,Calandstraat 4  3316 EA DORDRECHT,078-6333911,//www.vanwijnen.nl,https://www.bouwendnederland.nl/vereniging/lidbedrijf-zoeken?page=216
Van Wijnen Projectontwikkeling Zuid B.V.,ROSMALEN,Postbus 46  5240 AA ROSMALEN,Heikampweg 6  5249 JX ROSMALEN,073-5219014,//www.vanwijnen.nl,https://www.bouwendnederland.nl/vereniging/lidbedrijf-zoeken?page=216
Van Wijnen Recreatiebouw B.V.,DEVENTER,Visbystraat 5  7418 BE DEVENTER,Visbystraat 5  7418 BE DEVENTER,0570-690660,//www.vanwijnen.nl,https://www.bouwendnederland.nl/vereniging/lidbedrijf-zoeken?page=216
Van Wijnen Rosmalen B.V.,ROSMALEN,Postbus 46  5240 AA ROSMALEN,Heikampweg 6  5249 JX ROSMALEN,073-5219014,//www.vanwijnen.nl,https://www.bouwendnederland.nl/vereniging/lidbedrijf-zoeken?page=216
Van Wijnen Rosmalen B.V. onderhoud en beheer Helmond,HELMOND,Postbus 46  5240 AA ROSMALEN,Marshallstraat 18 J 5705 CN HELMOND,073-5219014,//www.vanwijnen.nl,https://www.bouwendnederland.nl/vereniging/lidbedrijf-zoeken?page=216
Van Wijnen Rosmalen B.V. onderhoud en beheer Oss,OSS,Dommelstraat 39  5347 JK OSS,Dommelstraat 39  5347 JK OSS,0412-632046,,https://www.bouwendnederland.nl/vereniging/lidbedrijf-zoeken?page=216
Van Wijnen Sittard B.V.,SITTARD,Postbus 5110  6130 PC SITTARD,Milieuparkweg 1  6136 KP SITTARD,046-4204500,//www.vanwijnen.nl,https://www.bouwendnederland.nl/vereniging/lidbedrijf-zoeken?page=216
Van Wijnen Stolwijk B.V.,STOLWIJK,Postbus 45  2820 AA STOLWIJK,Benedenkerkseweg 48  2821 LD STOLWIJK,0182-348000,//www.vanwijnen.nl,https://www.bouwendnederland.nl/vereniging/lidbedrijf-zoeken?page=216
Van Wijnen Utrecht B.V.,UTRECHT,Manitobadreef 9  3565 CH UTRECHT,Manitobadreef 9  3565 CH UTRECHT,030-2124900,,https://www.bouwendnederland.nl/vereniging/lidbedrijf-zoeken?page=216
Van Wijnen Vastgoedbeheer B.V. ( regio Zuid ),BAARN,Postbus 76  3740 AB BAARN,Baarnsche dijk 14  3741 LS BAARN,035-5482828,//www.vanwijnen.nl,https://www.bouwendnederland.nl/vereniging/lidbedrijf-zoeken?page=216
Van Wijnen West b.v.,DORDRECHT,Postbus 729  3300 AS DORDRECHT,Calandstraat 4  3316 EA DORDRECHT,078-6333911,//www.vanwijnen.nl,https://www.bouwendnederland.nl/vereniging/lidbedrijf-zoeken?page=216
Van Wijnen Zuid b.v.,'S-HERTOGENBOSCH,Postbus 2314  5202 CH 'S-HERTOGENBOSCH,Utopialaan 54  5232 CE 'S-HERTOGENBOSCH,073-5219014,//www.vanwijnen.nl,https://www.bouwendnederland.nl/vereniging/lidbedrijf-zoeken?page=216
Van Wijnen Zwolle B.V.,ZWOLLE,Pascalweg 10  8013 RC ZWOLLE,Pascalweg 10  8013 RC ZWOLLE,038-4297630,//www.vanwijnen.nl,https://www.bouwendnederland.nl/vereniging/lidbedrijf-zoeken?page=216
van Zalingen Glas,HEESCH,Voorste Groes 3  5384 VJ HEESCH,Voorste Groes 3  5384 VJ HEESCH,024-6455737,//www.vanzalingenglas.nl,https://www.bouwendnederland.nl/vereniging/lidbedrijf-zoeken?page=216
Van Zanten Bouw B.V.,VLAARDINGEN,Postbus 101  3130 AC VLAARDINGEN,Beugsloepweg 11  3133 KV VLAARDINGEN,010-4343433,//www.vanzantenbouw.nl,https://www.bouwendnederland.nl/vereniging/lidbedrijf-zoeken?page=216
Van Zantvoort Bouwbedrijf B.V,GEFFEN,Heesterseweg 33  5386 KT GEFFEN,Heesterseweg 33  5386 KT GEFFEN,073-5325086,//www.vanzantvoortbouwbedrijf.nl,https://www.bouwendnederland.nl/vereniging/lidbedrijf-zoeken?page=216
Vanags.nl B.V.,HEERHUGOWAARD,Newtonstraat 11 a 1704 SB HEERHUGOWAARD,Newtonstraat 11 a 1704 SB HEERHUGOWAARD,020-6170800,//www.vanags.nl,https://www.bouwendnederland.nl/vereniging/lidbedrijf-zoeken?page=217
Vandaglas B.V Almelo,ALMELO,Windmolen 17  7609 NN ALMELO,Windmolen 17  7609 NN ALMELO,0546-824111,//www.glassolutions.nl,https://www.bouwendnederland.nl/vereniging/lidbedrijf-zoeken?page=217
Vandaglas B.V.,ARNHEM,Meander 451  6825 MD ARNHEM,Meander 451  6825 MD ARNHEM,026-3690067,//www.vandaglas.com,https://www.bouwendnederland.nl/vereniging/lidbedrijf-zoeken?page=217
Vandaglas B.V. Arnhem Gevelbouw,ARNHEM,Meander 451  6825 MD ARNHEM,Meander 451  6825 MD ARNHEM,026-3629161,//www.glassolutions.nl,https://www.bouwendnederland.nl/vereniging/lidbedrijf-zoeken?page=217
Vandaglas B.V. Noord,EMMEN,Phileas Foggstraat 64  7825 AL EMMEN,Phileas Foggstraat 64  7825 AL EMMEN,0591-630582,//www.vandaglas.nl,https://www.bouwendnederland.nl/vereniging/lidbedrijf-zoeken?page=217
Vandaglas B.V. noordwest,AMSTERDAM,Jarmuiden 16  1046 AD AMSTERDAM,Jarmuiden 16  1046 AD AMSTERDAM,020-6132551,//www.vandaglas.nl,https://www.bouwendnederland.nl/vereniging/lidbedrijf-zoeken?page=217
Vandaglas B.V. productie Emmen,EMMEN,Phileas Foggstraat 64  7825 AL EMMEN,Phileas Foggstraat 64  7825 AL EMMEN,0591-631616,//www.vandaglas.nl,https://www.bouwendnederland.nl/vereniging/lidbedrijf-zoeken?page=217
Vandaglas B.V. productie Swallow,SWALMEN,Gevaren 11  6071 BP SWALMEN,Gevaren 11  6071 BP SWALMEN,0475-503131,//www.vandaglas.nl,https://www.bouwendnederland.nl/vereniging/lidbedrijf-zoeken?page=217
VanderHelm Aannemingsbedrijf B.V.,BERKEL EN RODENRIJS,Nobelsingel 2  2652 XA BERKEL EN RODENRIJS,Nobelsingel 2  2652 XA BERKEL EN RODENRIJS,010-2492460,//https://vdhelm.nl/,https://www.bouwendnederland.nl/vereniging/lidbedrijf-zoeken?page=217
VanderHelm Bedrijven B.V.,BERKEL EN RODENRIJS,Nobelsingel 2  2652 XA BERKEL EN RODENRIJS,Nobelsingel 2  2652 XA BERKEL EN RODENRIJS,010-2492460,//www.vdhelm.nl,https://www.bouwendnederland.nl/vereniging/lidbedrijf-zoeken?page=217
VanderHelm Milieubeheer B.V.,BERKEL EN RODENRIJS,Nobelsingel 2  2652 XA BERKEL EN RODENRIJS,Nobelsingel 2  2652 XA BERKEL EN RODENRIJS,010-2492460,//vdhelm.nl,https://www.bouwendnederland.nl/vereniging/lidbedrijf-zoeken?page=217
VanderHelm Projecten B.V.,BERKEL EN RODENRIJS,Nobelsingel 2  2652 XA BERKEL EN RODENRIJS,Nobelsingel 2  2652 XA BERKEL EN RODENRIJS,010-2492460,//www.vdhelm.nl,https://www.bouwendnederland.nl/vereniging/lidbedrijf-zoeken?page=217
VANDERKLOGT BOUW BV,HASSELT,Industrieweg 11  8061 RB HASSELT,Industrieweg 11  8061 RB HASSELT,,,https://www.bouwendnederland.nl/vereniging/lidbedrijf-zoeken?page=217
Vargas Building Projects,HAARLEM,Van Eedenstraat 1  2012 EL HAARLEM,Van Eedenstraat 1  2012 EL HAARLEM,,,https://www.bouwendnederland.nl/vereniging/lidbedrijf-zoeken?page=217
Vastbouw B.V.,DUIVENDRECHT,Postbus 334  1115 ZG DUIVENDRECHT,Industrieweg 25  1115 AD DUIVENDRECHT,020-6901733,//www.vastbouw.nl,https://www.bouwendnederland.nl/vereniging/lidbedrijf-zoeken?page=217
Vastbouw B.V. Vestiging Amerfsoort,AMERSFOORT,Spacelab 12  3824 MR AMERSFOORT,Spacelab 12  3824 MR AMERSFOORT,033-2992150,//www.vastbouw.nl,https://www.bouwendnederland.nl/vereniging/lidbedrijf-zoeken?page=217
Vastbouw BV,RIJSSEN,Postbus 240  7460 AE RIJSSEN,Spoelerstraat 2  7461 TW RIJSSEN,0548-539999,//www.vastbouw.nl,https://www.bouwendnederland.nl/vereniging/lidbedrijf-zoeken?page=217
Vastbouw BV afd. Utiliteitsbouw,RIJSSEN,Postbus 240  7460 AE RIJSSEN,Spoelerstraat 2  7461 TW RIJSSEN,0548-539999,//https://vastbouw.nl/,https://www.bouwendnederland.nl/vereniging/lidbedrijf-zoeken?page=217
Vastbouw BV Vestiging Enschede,ENSCHEDE,Lonnekerbrugstraat 120  7547 AM ENSCHEDE,Lonnekerbrugstraat 120  7547 AM ENSCHEDE,053-4343580,//www.vastbouw.nl,https://www.bouwendnederland.nl/vereniging/lidbedrijf-zoeken?page=217
Vastbouw BV Vestiging Oost,RIJSSEN,Postbus 240  7460 AE RIJSSEN,Spoelerstraat 2  7461 TW RIJSSEN,0548-539999,//www.vastbouw.nl,https://www.bouwendnederland.nl/vereniging/lidbedrijf-zoeken?page=217
Vastbouw Nederland Holding BV,RIJSSEN,Postbus 240  7460 AE RIJSSEN,Spoelerstraat 2  7461 TW RIJSSEN,0548-539999,//www.vastbouw.nl,https://www.bouwendnederland.nl/vereniging/lidbedrijf-zoeken?page=218
Vastbouw Vastgoedontwikkeling B.V.,BUNSCHOTEN SPAKENBURG,Rontgenweg 2  3752 LJ BUNSCHOTEN-SPAKENBURG,Röntgenweg 2  3752 LJ BUNSCHOTEN SPAKENBURG,033-2992150,//www.vastbouw-vastgoedontwikkeling.nl,https://www.bouwendnederland.nl/vereniging/lidbedrijf-zoeken?page=218
Vastbouw Vestiging Arnhem,ARNHEM,Bethanienstraat 220  6826 TJ ARNHEM,Bethanienstraat 220  6826 TJ ARNHEM,026-3217809,,https://www.bouwendnederland.nl/vereniging/lidbedrijf-zoeken?page=218
Vastgoedmaatschappij Eldering B.V.,GRONINGEN,U T Delfaweg 17  9745 EN GRONINGEN,U T Delfiaweg 17  9745 EN GRONINGEN,050-5566433,//www.edv.nl,https://www.bouwendnederland.nl/vereniging/lidbedrijf-zoeken?page=218
Vastgoedontwikkeling Holding Droste B.V.,HENGELO OV,Postbus 686  7550 AR HENGELO OV,Wegtersweg 7 -23 7556 BP HENGELO OV,074-2551551,//www.droste-bv.nl,https://www.bouwendnederland.nl/vereniging/lidbedrijf-zoeken?page=218
VB Bouw Breda B.V.,BREDA,St. Ignatiusstraat 271  4817 KK BREDA,St. Ignatiusstraat 271  4817 KK BREDA,076-3039350,//https://vbbouw.nl,https://www.bouwendnederland.nl/vereniging/lidbedrijf-zoeken?page=218
VB Bouw Holding B.V.,SON,Kanaaldijk-Zuid 1  5691 NL SON EN BREUGEL,Kanaaldijk Zuid 1  5691 NL SON,0499-483483,//www.vbgroep.com,https://www.bouwendnederland.nl/vereniging/lidbedrijf-zoeken?page=218
VB Bouw- en Ontwikkel Holding BV,EINDHOVEN,Postbus 2320  5600 CH EINDHOVEN,Elzentlaan 29  5611 LH EINDHOVEN,040-2135133,//www.vbgroep.com,https://www.bouwendnederland.nl/vereniging/lidbedrijf-zoeken?page=218
VB Groep B.V.,EINDHOVEN,Postbus 2320  5600 CH EINDHOVEN,Elzentlaan 29  5611 LH EINDHOVEN,040-2135133,//www.vbgroep.com,https://www.bouwendnederland.nl/vereniging/lidbedrijf-zoeken?page=218
VBMS,PAPENDRECHT,Rosmolenweg 20  3356 LK PAPENDRECHT,Rosmolenweg 20  3356 LK PAPENDRECHT,078-6417500,//www.vbms.com,https://www.bouwendnederland.nl/vereniging/lidbedrijf-zoeken?page=218
VBS Investments B.V.,VOORSCHOTEN,Papelaan 85 GG 2252 EG VOORSCHOTEN,Papelaan 85 GG 2252 EG VOORSCHOTEN,,,https://www.bouwendnederland.nl/vereniging/lidbedrijf-zoeken?page=218
VBS Renovaties B.V.,VOORSCHOTEN,Papelaan 85 GG 2252 EG VOORSCHOTEN,Papelaan 85 GG 2252 EG VOORSCHOTEN,,,https://www.bouwendnederland.nl/vereniging/lidbedrijf-zoeken?page=218
VBS Vastgoed & Ontwikkeling B.V.,VOORSCHOTEN,Papelaan 85 GG 2252 EG VOORSCHOTEN,Papelaan 85 GG 2252 EG VOORSCHOTEN,071-7821823,//www.vbsvo.nl,https://www.bouwendnederland.nl/vereniging/lidbedrijf-zoeken?page=218
VBW Klussenbedrijf,KATWIJK ZH,Duindoornlaan 34 K218 2225 RT KATWIJK ZH,Duindoornlaan 34 K218 2225 RT KATWIJK ZH,,,https://www.bouwendnederland.nl/vereniging/lidbedrijf-zoeken?page=218
VBW Realisatie B.V.,EINDHOVEN,Hurksestraat 19 kantoor 3.67 5652 AH EINDHOVEN,Hurksestraat 19 kantoor 3.67 5652 AH EINDHOVEN,,,https://www.bouwendnederland.nl/vereniging/lidbedrijf-zoeken?page=218
VD Ontwerp en Realisatie B.V.,Deventer,Zutphenselaan 24  7418 HK DEVENTER,Kluwerweg 24 24  7418 HK Deventer,0570-238500,//www.vd-bouw.nl,https://www.bouwendnederland.nl/vereniging/lidbedrijf-zoeken?page=218
VDK Projecten B.V.,AKERSLOOT,Kerklaan 36  1921 BL AKERSLOOT,Kerklaan 36  1921 BL AKERSLOOT,0251-672569,//www.vdkprojecten.nl/,https://www.bouwendnederland.nl/vereniging/lidbedrijf-zoeken?page=218
VDK Vastgoed B.V.,AKERSLOOT,Kerklaan 36  1921 BL AKERSLOOT,Kerklaan 36  1921 BL AKERSLOOT,0251-672569,//https://www.vdkvastgoed.nl/,https://www.bouwendnederland.nl/vereniging/lidbedrijf-zoeken?page=218
VDK Vastgoed Projecten B.V.,AKERSLOOT,Kerklaan 36  1921 BL AKERSLOOT,Kerklaan 36  1921 BL AKERSLOOT,0317-357692,//https://www.vdkprojecten.nl/,https://www.bouwendnederland.nl/vereniging/lidbedrijf-zoeken?page=218
VDL Bouw en Onderhoud BV,Loosdrecht,De Zodde 14  1231MB HILVERSUM,Zodde 14  1231MB Loosdrecht,035-6267109,//www.vdl-onderhoud.nl,https://www.bouwendnederland.nl/vereniging/lidbedrijf-zoeken?page=218
VDP dakbedekking,HOOGVLIET ROTTERDAM,Dorpsstraat 302  3191 VH HOOGVLIET ROTTERDAM,Dorpsstraat 302  3191 VH HOOGVLIET ROTTERDAM,,,https://www.bouwendnederland.nl/vereniging/lidbedrijf-zoeken?page=219
VDR Bouwgroep B.V.,DEVENTER,Dortmundstraat 30  7418 BH DEVENTER,Dortmundstraat 30  7418 BH DEVENTER,0570-690900,//www.vdrbouwgroep.nl,https://www.bouwendnederland.nl/vereniging/lidbedrijf-zoeken?page=219
VDR Holding N.V.,DEVENTER,Dortmundstraat 30  7418 BH DEVENTER,Dortmundstraat 30  7418 BH DEVENTER,,,https://www.bouwendnederland.nl/vereniging/lidbedrijf-zoeken?page=219
Vébé Bouw B.V.,ZALTBOMMEL,Doornepol 1  A 5301 LV ZALTBOMMEL,Doornepol 1  A 5301 LV ZALTBOMMEL,0418-516006,//www.vebebedrijven.nl,https://www.bouwendnederland.nl/vereniging/lidbedrijf-zoeken?page=219
Vedder Infra Management B.V.,BUNSCHOTEN-SPAKENBURG,Bonte Poort 20  3751 LG BUNSCHOTEN-SPAKENBURG,Bonte Poort 20  3751 LG BUNSCHOTEN-SPAKENBURG,,,https://www.bouwendnederland.nl/vereniging/lidbedrijf-zoeken?page=219
Veenhuis Bouwbedrijf,ZELHEM,Varsseveldseweg 128  7003 AA DOETINCHEM,Gildenweg 2  7021 BR ZELHEM,0314-621803,//www.veenhuisbouw.nl,https://www.bouwendnederland.nl/vereniging/lidbedrijf-zoeken?page=219
Veenstra Betonboor- en Zaagbedrijf B.V.,GROOTEGAST,Legolaan 10  9861 AT GROOTEGAST,Legolaan 10  9861 AT GROOTEGAST,0594-613257,//www.vbz-grootegast.nl,https://www.bouwendnederland.nl/vereniging/lidbedrijf-zoeken?page=219
Veenstra houtbouw,DE VEENHOOP,Drachtster Heawei 29 a 9215 VS DE VEENHOOP,Drachtster Heawei 29 a 9215 VS DE VEENHOOP,,,https://www.bouwendnederland.nl/vereniging/lidbedrijf-zoeken?page=219
Vegter Waterbouw B.V.,VEENDAM,Jan Kokweg 60  9641 KT VEENDAM,Jan Kokweg 60  9641 KT VEENDAM,0598-724202,//www.vegterwaterbouw.nl,https://www.bouwendnederland.nl/vereniging/lidbedrijf-zoeken?page=219
Vehoec Aannemers B.V.,WATERINGEN,'s-Gravenzandseweg 15  2291 PE WATERINGEN,'s-Gravenzandseweg 15  2291 PE WATERINGEN,0174-293109,//www.vehoecaannemers.nl,https://www.bouwendnederland.nl/vereniging/lidbedrijf-zoeken?page=219
Veldhoen + Company,MAASTRICHT,Meerssenerweg 166  6222 AK MAASTRICHT,Meerssenerweg 166  6222 AK MAASTRICHT,043-3638989,,https://www.bouwendnederland.nl/vereniging/lidbedrijf-zoeken?page=219
Veldhuis Klarenbeek B.V.,KLARENBEEK,Brinkenweg 36  7381 BC KLARENBEEK,Brinkenweg 36  7381 BK KLARENBEEK,055-3011937,//www.veldhuisklarenbeek.nl,https://www.bouwendnederland.nl/vereniging/lidbedrijf-zoeken?page=219
Veldman Bouw B.V.,RAALTE,Zompstraat 17  8102 HX RAALTE,Zompstraat 17  8102 HX RAALTE,0572-382980,//www.veldmantechniek.nl,https://www.bouwendnederland.nl/vereniging/lidbedrijf-zoeken?page=219
Veldwijk Aannemersbedrijf B.V.,CRUQUIUS,Spaarneweg 83  2142 EP CRUQUIUS,Spaarneweg 83  2142 EP CRUQUIUS,023-5326400,//www.veldwijk.nl,https://www.bouwendnederland.nl/vereniging/lidbedrijf-zoeken?page=219
Velosolutions Benelux,EINDHOVEN,Hurksestraat 60  5652 AL EINDHOVEN,Hurksestraat 60  5652 AL EINDHOVEN,,,https://www.bouwendnederland.nl/vereniging/lidbedrijf-zoeken?page=219
Veluwezoom Verkerk Bouw B.V.,ZEVENAAR,Edisonstraat 88  6902 PK ZEVENAAR,Edisonstraat 88  6902 PK ZEVENAAR,0316-221845,//www.veluwezoomverkerk.nl,https://www.bouwendnederland.nl/vereniging/lidbedrijf-zoeken?page=219
Venema Bouw B.V.,HAREN GN,Felland Noord 7 a 9753 TB HAREN GN,Felland Noord 7 a 9753 TB HAREN GN,050-4061201,//www.venemabouw.nl,https://www.bouwendnederland.nl/vereniging/lidbedrijf-zoeken?page=219
Venlose Glasindustrie B.V.,BELFELD,Craenakker 10  5951 CC BELFELD,Craenakker 10  5951 CC BELFELD,077-3741111,//www.venloseglasindustrie.nl,https://www.bouwendnederland.nl/vereniging/lidbedrijf-zoeken?page=219
Verbakel Bouwbedrijf B.V.,POELDIJK,Jupiter 26  2685 LR POELDIJK,Jupiter 26  2685 LR POELDIJK,0174-244950,//www.verbakel.nl,https://www.bouwendnederland.nl/vereniging/lidbedrijf-zoeken?page=219
Verbeek Aannemersbedrijf  B.V.,UTRECHT,Computerweg 13  3542 DP UTRECHT,Computerweg 13  3542 DP UTRECHT,0348-412093,//www.kramer-bouw.nl,https://www.bouwendnederland.nl/vereniging/lidbedrijf-zoeken?page=219
Verbij Bouw- en Molenmakersbedrijf B.V.,HOOGMADE,Van Klaverweijdeweg 25  2355 AA HOOGMADE,Van Klaverweijdeweg 25  2355 AA HOOGMADE,071-5018478,//www.verbij.nl,https://www.bouwendnederland.nl/vereniging/lidbedrijf-zoeken?page=220
Verbij Hoogmade B.V.,HOOGMADE,Van Klaverweijdeweg 25  2355 AA HOOGMADE,Van Klaverweijdeweg 25  2355 AA HOOGMADE,071-5018478,//www.verbij.nl,https://www.bouwendnederland.nl/vereniging/lidbedrijf-zoeken?page=220
Verbree Boogzinkers B.V.,NIEUWEGEIN,Utrechthaven 6  3433 PN NIEUWEGEIN,Utrechthaven 6  3433 PN NIEUWEGEIN,030-2765685,//www.verbreeboogzinkers.nl,https://www.bouwendnederland.nl/vereniging/lidbedrijf-zoeken?page=220
Verdee Infra B.V.,CAPELLE AAN DEN IJSSEL,Postbus 95369  2509 CJ 'S-GRAVENHAGE,Molenbaan 2  2908 LM CAPELLE AAN DEN IJSSEL,085-0080869,//www.verdee.nl,https://www.bouwendnederland.nl/vereniging/lidbedrijf-zoeken?page=220
Verduyn Bouw B.V.,WOERDEN,Industrieweg 3  3442 AE WOERDEN,Industrieweg 3  3442 AE WOERDEN,,,https://www.bouwendnederland.nl/vereniging/lidbedrijf-zoeken?page=220
Verenigd opleidingsbedrijf RTC Bouw,HARDENBERG,Parkweg 3  7772 XP HARDENBERG,Parkweg 3  7772 XP HARDENBERG,0523-264403,//www.rtc-bouw.nl,https://www.bouwendnederland.nl/vereniging/lidbedrijf-zoeken?page=220
Vereniging InfraVak,HOLTEN,Produktieweg 13  7451 PR HOLTEN,Produktieweg 13  7451 PR HOLTEN,0548-370550,//www.infravak.nl,https://www.bouwendnederland.nl/vereniging/lidbedrijf-zoeken?page=220
Verglasco B.V.,WINTERSWIJK,Kastanjelaan 78 -80 7101 LZ WINTERSWIJK,Kastanjelaan 78 -80 7101 LZ WINTERSWIJK,0543-512475,//www.verglasco.nl,https://www.bouwendnederland.nl/vereniging/lidbedrijf-zoeken?page=220
Verhaar Bouw B.V.,HENDRIK-IDO-AMBACHT,Crezeepolder 3  3341 LA HENDRIK-IDO-AMBACHT,Crezeepolder 3  3341 LA HENDRIK-IDO-AMBACHT,078-3031857,//www.verhaarbouw.nl,https://www.bouwendnederland.nl/vereniging/lidbedrijf-zoeken?page=220
Verhoeven Bouw t V.O.F.,ROTTERDAM,Van Heukelomstraat 202  3067 PM ROTTERDAM,Overschieseweg 104  3044 EH ROTTERDAM,010-4231160,//www.verhoevenbouwt.nl,https://www.bouwendnederland.nl/vereniging/lidbedrijf-zoeken?page=220
Verhoeven Bouw-en Onderhoudsbedrijf B.V.,UDEN,Vluchtoord 16  5406 XP UDEN,Vluchtoord 16  5406 XP UDEN,0413-260237,//www.bouwverhoeven.nl,https://www.bouwendnederland.nl/vereniging/lidbedrijf-zoeken?page=220
Verhoeven bouwbedrijf B.V.,MOERGESTEL,Industrieweg 23 B 5066 XJ MOERGESTEL,Industrieweg 23 B 5066 XJ MOERGESTEL,013-5282373,//www.verhoeven-bouw.nl,https://www.bouwendnederland.nl/vereniging/lidbedrijf-zoeken?page=220
Verkaart Bouwbedrijf B.V.,STEENBERGEN NB,Bronkhorststraat 4  4651 SZ STEENBERGEN NB,Bronkhorststraat 4  4651 SZ STEENBERGEN NB,0167-566641,//www.bouwbedrijfverkaart.nl,https://www.bouwendnederland.nl/vereniging/lidbedrijf-zoeken?page=220
Verkley B.V.,DRACHTEN,Postbus 190  9200 AD DRACHTEN,Curielaan 4  9207 HB DRACHTEN,0512-582900,//www.verkley.nl,https://www.bouwendnederland.nl/vereniging/lidbedrijf-zoeken?page=220
Verkley Services B.V.,DRACHTEN,Postbus 190  9200 AD DRACHTEN,De Giek 21  9206 AS DRACHTEN,051-2582900,,https://www.bouwendnederland.nl/vereniging/lidbedrijf-zoeken?page=220
Verkoelen Dakspecialisten Hellende daken B.V.,WEERT,Celsiusstraat 19  6003 DG WEERT,Celsiusstraat 19  6003 DG WEERT,0495-543000,//www.verkoelen.nl,https://www.bouwendnederland.nl/vereniging/lidbedrijf-zoeken?page=220
Vermeulen Onderhoudsgroep BV,ETTEN-LEUR,Postbus 294  4870 AG ETTEN-LEUR,Vlaanderbos 3  4874 LS ETTEN-LEUR,076-5035205,//www.vermeulengroep.nl,https://www.bouwendnederland.nl/vereniging/lidbedrijf-zoeken?page=220
Verschoor Bouwservice B.V.,WATERINGEN,Postbus 126  2290 AC WATERINGEN,Barbier 2  2292 JP WATERINGEN,0174-389200,//http://www.verschoorgroep.com,https://www.bouwendnederland.nl/vereniging/lidbedrijf-zoeken?page=220
Verschoor Installaties B.V.,WATERINGEN,Barbier 2  2292 JP WATERINGEN,Barbier 2  2292 JP WATERINGEN,,,https://www.bouwendnederland.nl/vereniging/lidbedrijf-zoeken?page=220
Verschuren Pipeline Services B.V.,ZALTBOMMEL,Veilingweg 7  5301 KM ZALTBOMMEL,Veilingweg 7  5301 KM ZALTBOMMEL,,,https://www.bouwendnederland.nl/vereniging/lidbedrijf-zoeken?page=220
Versluys Multitechnieken B.V.,BODEGRAVEN,Postbus 47  2410 AA BODEGRAVEN,Dammekant 89 -91 2411 CB BODEGRAVEN,0172-619235,,https://www.bouwendnederland.nl/vereniging/lidbedrijf-zoeken?page=221
Versluys Verkeerstechniek B.V.,ROTTERDAM,Van Riemsdijkweg 52  3088 HD ROTTERDAM,Van Riemsdijkweg 52  3088 HD ROTTERDAM,010-2929241,,https://www.bouwendnederland.nl/vereniging/lidbedrijf-zoeken?page=221
Versluys Verkeerstechniek B.V.,BODEGRAVEN,Engelandweg 3  2411 NS BODEGRAVEN,Engelandweg 3  2411 NS BODEGRAVEN,071-2614097,,https://www.bouwendnederland.nl/vereniging/lidbedrijf-zoeken?page=221
Versteeg Glas B.V.,HENGELO OV,Wegtersweg 32  7556 BR HENGELO OV,Wegtersweg 32  7556 BR HENGELO OV,074-2912207,//www.versteeg.com,https://www.bouwendnederland.nl/vereniging/lidbedrijf-zoeken?page=221
Verweij Aannemersbedrijf B.V.,WAARDENBURG,Industrieweg 4  4181 CB WAARDENBURG,Industrieweg 4  4181 CB WAARDENBURG,0418-652131,//www.aannemersbedrijfverweij.nl,https://www.bouwendnederland.nl/vereniging/lidbedrijf-zoeken?page=221
Vestebouw B.V.,WATERINGEN,Klopperman 33  2292 JE WATERINGEN,Klopperman 33  2292 JE WATERINGEN,0174-387821,//www.vestebouw.nl,https://www.bouwendnederland.nl/vereniging/lidbedrijf-zoeken?page=221
Vesting Bouw B.V.,HOORN,Nieuwe Steen 25  1625 HV HOORN,Nieuwe Steen 25  1625 HV HOORN,0229-222066,//www.vestingbouw.nl,https://www.bouwendnederland.nl/vereniging/lidbedrijf-zoeken?page=221
Vetrotech Saint - Gobain Benelux,NEDERWEERT,Hulsenweg 21  6031 SP NEDERWEERT,Hulsenweg 21  6031 SP NEDERWEERT,0495-574435,//www.vetrotech.com,https://www.bouwendnederland.nl/vereniging/lidbedrijf-zoeken?page=221
VGB Asfalt B.V.,UDEN,Bovenstraat 5  5405 BD UDEN,Bovenstraat 5  5405 BD UDEN,0413-321390,//www.vgbasfalt.nl,https://www.bouwendnederland.nl/vereniging/lidbedrijf-zoeken?page=221
Vialis B.V.,HOUTEN,Loodsboot 15  3991 CJ HOUTEN,Loodsboot 15  3991 CJ HOUTEN,023-5189191,//www.vialis.nl,https://www.bouwendnederland.nl/vereniging/lidbedrijf-zoeken?page=221
Vink + Veenman B.V. bouw- en ontw.mij.,NIEUWKOOP,Nieuwveenseweg 32  2421 LD NIEUWKOOP,Nieuwveenseweg 32  2421 LD NIEUWKOOP,0172-236688,//www.vinkenveenman.nl,https://www.bouwendnederland.nl/vereniging/lidbedrijf-zoeken?page=221
Vink Aannemingsmaatschappij B.V.,BARNEVELD,Valkseweg 62  3771 RG BARNEVELD,Valkseweg 62  3771 RG BARNEVELD,088-4403440,//www.vinkaannemingsmaatschappij.nl,https://www.bouwendnederland.nl/vereniging/lidbedrijf-zoeken?page=221
Vink Bakker Bouw B.V.,HARDERWIJK,Graaf Ottolaan 5  3843 AK HARDERWIJK,Graaf Ottolaan 5  3843 AK HARDERWIJK,0341-423232,//www.vinkbakkerbouw.nl,https://www.bouwendnederland.nl/vereniging/lidbedrijf-zoeken?page=221
Vink Bouw B.V.,NIEUWKOOP,Nieuwveenseweg 55  2421 LB NIEUWKOOP,Nieuwveenseweg 55  2421 LB NIEUWKOOP,0172-520260,//www.vinkbouw.nl,https://www.bouwendnederland.nl/vereniging/lidbedrijf-zoeken?page=221
Vinke Vastbouw,VOLLENHOVE,Productieweg 1 A 8325 EZ VOLLENHOVE,Productieweg 1 A 8325 EZ VOLLENHOVE,038-3867088,//www.vastbouw.nl,https://www.bouwendnederland.nl/vereniging/lidbedrijf-zoeken?page=221
VIOS Bouw Amsterdam B.V.,AMSTERDAM,Keienbergweg 50 C-D 1101 GC AMSTERDAM,Keienbergweg 50 C-D 1101 GC AMSTERDAM,020-6373783,//www.vios-bouw.nl,https://www.bouwendnederland.nl/vereniging/lidbedrijf-zoeken?page=221
VIOS Bouw Utrecht B.V.,HOUTEN,Peppelkade 52  3992 AK HOUTEN,Peppelkade 52  3992 AK HOUTEN,030-6372729,//www.elberse.nl,https://www.bouwendnederland.nl/vereniging/lidbedrijf-zoeken?page=221
VIOS Bouw Utrecht B.V.,UTRECHT,Californiedreef 28 -32 3565 BM UTRECHT,Californiedreef 28 -32 3565 BM UTRECHT,030-2627872,//www.vios-bouw.nl,https://www.bouwendnederland.nl/vereniging/lidbedrijf-zoeken?page=221
VIOS Bouwgroep BV,UTRECHT,Californiedreef 28 -32 3565 BM UTRECHT,Californiedreef 28 -32 3565 BM UTRECHT,030-2627872,//www.vios-bouw.nl,https://www.bouwendnederland.nl/vereniging/lidbedrijf-zoeken?page=221
Vironi B.V.,WESTERHOVEN,Braambos 18 a 5563 AB WESTERHOVEN,Braambos 18 a 5563 AB WESTERHOVEN,,,https://www.bouwendnederland.nl/vereniging/lidbedrijf-zoeken?page=221
Visie Bouw B.V.,VELSEN-NOORD,Lijndenweg 6  1951 NC VELSEN-NOORD,Lijndenweg 6  1951 NC VELSEN-NOORD,0251-229342,//www.visiebouw.nl,https://www.bouwendnederland.nl/vereniging/lidbedrijf-zoeken?page=222
Visschers Bouw B.V.,NULAND,Postbus 11  5390 AA NULAND,Duyn en Daelseweg 7  5391 EC NULAND,073-5324151,//www.visschersbouw.nl,https://www.bouwendnederland.nl/vereniging/lidbedrijf-zoeken?page=222
Visser & Smit Bouw B.V.,ROTTERDAM,Waalhaven Z.z. 11  3089 JH ROTTERDAM,Waalhaven Z.z. 11  3089 JH ROTTERDAM,010-3131000,//www.visserensmitbouw.nl,https://www.bouwendnederland.nl/vereniging/lidbedrijf-zoeken?page=222
Visser & Smit Bouw bv,GRONINGEN,Gotenburgweg 50  9723 TM GRONINGEN,Gotenburgweg 50  9723 TM GRONINGEN,050-5495495,//www.visserensmitbouw.nl,https://www.bouwendnederland.nl/vereniging/lidbedrijf-zoeken?page=222
Visser & Smit Hanab B.V.,PAPENDRECHT,Rietgorsweg 6  3356 LJ PAPENDRECHT,Rietgorsweg 6  3356 LJ PAPENDRECHT,078-6417222,//www.vshanab.nl,https://www.bouwendnederland.nl/vereniging/lidbedrijf-zoeken?page=222
Visser Bouw Advies Beheer B.V.,ZEIST,Postbus 777  3700 AT ZEIST,Kwikstaartlaan 34  3704 GS ZEIST,030-6960641,//www.visser-bab.nl,https://www.bouwendnederland.nl/vereniging/lidbedrijf-zoeken?page=222
Visser Spiegels & Glas,DUIVEN,Segment 10  6921 RH DUIVEN,Segment 10  6921 RH DUIVEN,026-4425671,//www.visserglas.nl,https://www.bouwendnederland.nl/vereniging/lidbedrijf-zoeken?page=222
Vitaal ZorgVast,BUNNIK,Postbus 4052  3502 HB UTRECHT,Runnenburg 13  3981 AZ BUNNIK,030-6598614,//www.vitaalzorgvast.nl,https://www.bouwendnederland.nl/vereniging/lidbedrijf-zoeken?page=222
VKB Bouw Volendam,VOLENDAM,Berend Demmerstraat 14  1131 EE VOLENDAM,Berend Demmerstraat 14  1131 EE VOLENDAM,,,https://www.bouwendnederland.nl/vereniging/lidbedrijf-zoeken?page=222
VKP B.V.,KAPELLE,Kloosterpoort 1  4421 SN KAPELLE,Kloosterpoort 1  4421 SN KAPELLE,0113-330855,//www.vkpbouw.nl,https://www.bouwendnederland.nl/vereniging/lidbedrijf-zoeken?page=222
Vlaander Bouw BV,AXEL,Meekrapweg 14  4571 RX AXEL,Meekrapweg 14  4571 RX AXEL,0115-561661,//www.vlaandergroep.nl,https://www.bouwendnederland.nl/vereniging/lidbedrijf-zoeken?page=222
Vlassak Aannemingsmaatschappij B.V.,BUDEL,Postbus 2013  6020 AA BUDEL,'t Inne 14  6021 DA BUDEL,0495-491229,//www.vlassak.nl,https://www.bouwendnederland.nl/vereniging/lidbedrijf-zoeken?page=222
Vlassak Holding B.V.,BUDEL,'t Inne 14  6021 DA BUDEL,'t Inne 14  6021 DA BUDEL,,,https://www.bouwendnederland.nl/vereniging/lidbedrijf-zoeken?page=222
VMV Projecten B.V.,RENSWOUDE,Parallelweg 3  3927 BZ RENSWOUDE,Parallelweg 3  3927 BZ RENSWOUDE,0343-492299,//www.vmvprojecten.nl,https://www.bouwendnederland.nl/vereniging/lidbedrijf-zoeken?page=222
VOBEL B.V.,ALKMAAR,Postbus 374  1800 AJ ALKMAAR,Postbus 374  1800 AJ ALKMAAR,072-5118833,//www.vbmontwikkeling.nl,https://www.bouwendnederland.nl/vereniging/lidbedrijf-zoeken?page=222
Vobi Holding B.V.,Mijdrecht,Communicatieweg 3  3641 SG MIJDRECHT,Communicatieweg 3  3641 SG Mijdrecht,0297-261231,//www.vobi.nl,https://www.bouwendnederland.nl/vereniging/lidbedrijf-zoeken?page=222
VoBo Tilburg B.V.,TILBURG,Sweelincklaan 710  5012 BK TILBURG,Sweelincklaan 710  5012 BK TILBURG,013-5499509,//www.vanderweegen.nl,https://www.bouwendnederland.nl/vereniging/lidbedrijf-zoeken?page=222
Vochtstop B.V.,RIJSWIJK ZH,Nijverheidsstraat 70  2288 BB RIJSWIJK ZH,Nijverheidsstraat 70  2288 BB RIJSWIJK ZH,015-5160612,//www.vochtstop.nl,https://www.bouwendnederland.nl/vereniging/lidbedrijf-zoeken?page=222
Vodam B.V.,VOLENDAM,Damcoogh 115  1132 EC VOLENDAM,Damcoogh 115  1132 EC VOLENDAM,0299-480266,//www.vodam.nl,https://www.bouwendnederland.nl/vereniging/lidbedrijf-zoeken?page=222
Voegbedrijf Heldoorn B.V.,IJSSELMUIDEN,Veldoven 19 b 8271 RT IJSSELMUIDEN,Veldoven 19 b 8271 RT IJSSELMUIDEN,038-3557879,//www.voegbedrijfheldoorn.nl,https://www.bouwendnederland.nl/vereniging/lidbedrijf-zoeken?page=222
Voets Wegenbouw Loosbroek B.V.,LOOSBROEK,Krommedelseweg 23  a 5472 PL LOOSBROEK,Krommedelseweg 23  a 5472 PL LOOSBROEK,0413-229605,//www.voetswegenbouw.nl,https://www.bouwendnederland.nl/vereniging/lidbedrijf-zoeken?page=223
VOF Gebroeders Barendregt,RHOON,Essendijk 38  3161 EE RHOON,Essendijk 38  3161 EE RHOON,010-5015638,//www.gebr-barendregt.nl,https://www.bouwendnederland.nl/vereniging/lidbedrijf-zoeken?page=223
VOF Hovens Bouwservice,VENLO,Voltastraat 6  5928 PD VENLO,Voltastraat 6  5928 PD VENLO,077-3820230,//www.hovenssloopbedrijf.nl,https://www.bouwendnederland.nl/vereniging/lidbedrijf-zoeken?page=223
Vogel  B.V.,ZWIJNDRECHT,Wattstraat 40  3335 LV ZWIJNDRECHT,Wattstraat 40  3335 LV ZWIJNDRECHT,078-6100400,//www.vogel-bv.nl,https://www.bouwendnederland.nl/vereniging/lidbedrijf-zoeken?page=223
Volker InfraDesign,VIANEN UT,Postbus 200  4130 EE VIANEN UT,Lange Dreef 19  4131 NJ VIANEN UT,088-1303700,//www.volkerinfradesign.nl,https://www.bouwendnederland.nl/vereniging/lidbedrijf-zoeken?page=223
Volker Stevin Materieel b.v.,DORDRECHT,Postbus 1192  3300 BD DORDRECHT,Donker Duyvisweg 75  3316 BL DORDRECHT,078-6546300,//www.vsmaterieel.nl,https://www.bouwendnederland.nl/vereniging/lidbedrijf-zoeken?page=223
"Volker Stevin Materieel b.v., Vestiging 't Harde",STAPHORST,Westerparallelweg 24 a 7951 LL STAPHORST,Westerparallelweg 24 a 7951 LL STAPHORST,0525-659500,//www.vsmaterieel.nl,https://www.bouwendnederland.nl/vereniging/lidbedrijf-zoeken?page=223
"Volker Stevin Materieel b.v., Vestiging Dordrecht",DORDRECHT,Postbus 1192  3300 BD DORDRECHT,Donker Duyvisweg 75  3316 BL DORDRECHT,078-6546300,//www.vsmaterieel.nl,https://www.bouwendnederland.nl/vereniging/lidbedrijf-zoeken?page=223
"Volker Stevin Materieel b.v., Vestiging Groningen",STAPHORST,Westerparallelweg 24 a 7951 LL STAPHORST,Westerparallelweg 24 a 7951 LL STAPHORST,050-5956600,//www.vsmaterieel.nl,https://www.bouwendnederland.nl/vereniging/lidbedrijf-zoeken?page=223
"Volker Stevin Materieel b.v., Vestiging Nuth",NUTH,Thermiekstraat 21  6361 HB NUTH,Thermiekstraat 21  6361 HB NUTH,045-5658700,//www.vsmaterieel.nl,https://www.bouwendnederland.nl/vereniging/lidbedrijf-zoeken?page=223
Volker Wessel Spoorwegbouw,VIANEN UT,Lange Dreef 7  4131 NJ VIANEN UT,Lange Dreef 7  4131 NJ VIANEN UT,0347-354444,//www.volkerrail.nl,https://www.bouwendnederland.nl/vereniging/lidbedrijf-zoeken?page=223
Volker Wessel Stevin Industriele Bouw,AMERSFOORT,Podium 9  3826 PA AMERSFOORT,Podium 9  3826 PA AMERSFOORT,088-1866186,//www.volkerwessels.com,https://www.bouwendnederland.nl/vereniging/lidbedrijf-zoeken?page=223
Volker Wessel Stevin Transportinfra Leidingen,PAPENDRECHT,Rietgorsweg 6  3356 LJ PAPENDRECHT,Rietgorsweg 6  3356 LJ PAPENDRECHT,088-1860420,//http://www.vskr.nl,https://www.bouwendnederland.nl/vereniging/lidbedrijf-zoeken?page=223
Volker Wessel Verkeers- en railtechniek,AMERSFOORT,Podium 9  3826 PA AMERSFOORT,Podium 9  3826 PA AMERSFOORT,088-1866186,//www.volkerwessels.com,https://www.bouwendnederland.nl/vereniging/lidbedrijf-zoeken?page=223
Volker Wessel Verkeerstechniek,HOUTEN,Loodsboot 15  3991 CJ HOUTEN,Loodsboot 15  3991 CJ HOUTEN,030-6943500,//www.vialis.nl,https://www.bouwendnederland.nl/vereniging/lidbedrijf-zoeken?page=223
Volker Wessels Bouwmaterieel B.V.,OOSTERHOUT NB,Damweg 16  4905 BS OOSTERHOUT NB,Damweg 16  4905 BS OOSTERHOUT NB,0162-480880,//www.materieeldienst.nl,https://www.bouwendnederland.nl/vereniging/lidbedrijf-zoeken?page=223
Volker Wessels Bouwmaterieel bv,RIJSSEN,Postbus 286  7460 AG RIJSSEN,Enterstraat 202  7460 AG RIJSSEN,0548-513960,//www.materieeldienst.nl,https://www.bouwendnederland.nl/vereniging/lidbedrijf-zoeken?page=223
Volker Wessels Industriele Bouw & Bouwtoelevering bv,AMERSFOORT,Podium 9  3826 PA AMERSFOORT,Podium 9  3826 PA AMERSFOORT,088-1866186,//www.volkerwessels.com,https://www.bouwendnederland.nl/vereniging/lidbedrijf-zoeken?page=223
Volker Wessels Nederland B.V.,RIJSSEN,Reggesingel 10  7461 BA RIJSSEN,Reggesingel 10  7461 BA RIJSSEN,0881-866186,//www.volkerwessels.com,https://www.bouwendnederland.nl/vereniging/lidbedrijf-zoeken?page=223
Volker Wessels Risk & Insurance,PAPENDRECHT,Rietgorsweg 6  3356 LJ PAPENDRECHT,Rietgorsweg 6  3356 LJ PAPENDRECHT,088-1866186,//www.wvcri-pkc.nl,https://www.bouwendnederland.nl/vereniging/lidbedrijf-zoeken?page=223
Volker Wessels Stevin B & V Nederland bv,RIJSSEN,Postbus 370  7460 AJ RIJSSEN,Reggesingel 4  7461 BA RIJSSEN,0548-540250,,https://www.bouwendnederland.nl/vereniging/lidbedrijf-zoeken?page=224
Volker Wessels Stevin Beton- en Waterbouw infra bv,VIANEN UT,Lange Dreef 19  4131 NJ VIANEN UT,Lange Dreef 19  4131 NJ VIANEN UT,0347-357300,//www.volkerwessels.com,https://www.bouwendnederland.nl/vereniging/lidbedrijf-zoeken?page=224
Volker Wessels Stevin Infra B.V.,VIANEN UT,Lange Dreef 7  4131 NJ VIANEN UT,Lange Dreef 7  4131 NJ VIANEN UT,034-7357300,,https://www.bouwendnederland.nl/vereniging/lidbedrijf-zoeken?page=224
Volker Wessels Stevin Materieelbeheer en Dienstverlening,DORDRECHT,Donker Duyvisweg 75  3316 BL DORDRECHT,Donker Duyvisweg 75  3316 BL DORDRECHT,078-6546300,//www.vsmaterieel.nl,https://www.bouwendnederland.nl/vereniging/lidbedrijf-zoeken?page=224
Volker Wessels Stevin Verkeersinfra bv,VIANEN UT,Lange Dreef 9  4131 NJ VIANEN UT,Lange Dreef 9  4131 NJ VIANEN UT,0347-357300,//www.volkerwessels.com,https://www.bouwendnederland.nl/vereniging/lidbedrijf-zoeken?page=224
Volker Wessels Technische Installatie,VIANEN UT,Postbus 47  4130 EA VIANEN UT,Lange Dreef 7  4131 NJ VIANEN UT,0347-357300,//www.volkerwessels.com,https://www.bouwendnederland.nl/vereniging/lidbedrijf-zoeken?page=224
Volker Wessels Telecom Infratechniek B.V.,NIEUWEGEIN,Ravenswade 4 a 3439 LD NIEUWEGEIN,Ravenswade 4 a 3439 LD NIEUWEGEIN,088-1860666,//www.vwtelecom.com,https://www.bouwendnederland.nl/vereniging/lidbedrijf-zoeken?page=224
Volkerink Bouw B.V.,BENTELO,Suetersweg 5 S 7497 MZ BENTELO,Suetersweg 5 A 7497 MZ BENTELO,,,https://www.bouwendnederland.nl/vereniging/lidbedrijf-zoeken?page=224
VolkerRail Nederland B.V.,VIANEN UT,Postbus 240  4130 EE VIANEN UT,Lange Dreef 7  4131 NJ VIANEN UT,0347-354444,//www.volkerrail.nl,https://www.bouwendnederland.nl/vereniging/lidbedrijf-zoeken?page=224
VolkerWessels Bouw & Vastgoedontwikkeling BV,RIJSSEN,Postbus 370  7460 AJ RIJSSEN,Reggesingel 4  7461 BA RIJSSEN,0548-540250,//www.vwvastgoed.nl,https://www.bouwendnederland.nl/vereniging/lidbedrijf-zoeken?page=224
VolkerWessels Bouw & Vastgoedontwikkeling ICT B.V.,RIJSSEN,Reggesingel 4  7461 BA RIJSSEN,Reggesingel 4  7461 BA RIJSSEN,0548-540250,,https://www.bouwendnederland.nl/vereniging/lidbedrijf-zoeken?page=224
VolkerWessels Bouw & Vastgoedontwikkeling Noord bv,GRONINGEN,Hereplein 9 -10 9711 GA GRONINGEN,Hereplein 9 -10 9711 GA GRONINGEN,050-3185333,//www.volkerwessels.com,https://www.bouwendnederland.nl/vereniging/lidbedrijf-zoeken?page=224
VolkerWessels Bouw & Vastgoedontwikkeling West bv,RIJSWIJK ZH,Laan van Vredenoord 14  2289 DJ RIJSWIJK ZH,Laan van Vredenoord 14  2289 DJ RIJSWIJK ZH,070-4144310,//www.vw-bvgo-west.nl,https://www.bouwendnederland.nl/vereniging/lidbedrijf-zoeken?page=224
VolkerWessels Bouw & Vastgoedontwikkeling Zuid B.V.,TILBURG,Postbus 31007  6370 AA LANDGRAAF,Haya van Somerenstraat 4 01 5032 MK TILBURG,045-5700200,//www.vwvastgoed.nl,https://www.bouwendnederland.nl/vereniging/lidbedrijf-zoeken?page=224
VolkerWessels Bouw & Vastgoedontwikkeling Zuid bv,TILBURG,Postbus 4118  5004 JC TILBURG,Haya van Somerenstraat 4 -01 5032 MK TILBURG,013-5422063,//www.volkerwessels.com,https://www.bouwendnederland.nl/vereniging/lidbedrijf-zoeken?page=224
VolkerWessels Infra Competence Centre B.V.,VIANEN UT,Postbus 200  4130 EE VIANEN UT,Lange Dreef 13  4131 NJ VIANEN UT,034-7357650,//www.vwicc.nl,https://www.bouwendnederland.nl/vereniging/lidbedrijf-zoeken?page=224
VolkerWessels Integraal B.V.,VIANEN UT,Postbus 160  4130 ED VIANEN UT,Lange Dreef 11 G 4131 NJ VIANEN UT,0881-869750,//www.volkerwessels.com,https://www.bouwendnederland.nl/vereniging/lidbedrijf-zoeken?page=224
VolkerWessels Vastgoed B.V.,NIEUWEGEIN,Postbus 9034  3430 RA NIEUWEGEIN,Ringwade 9  3439 LM NIEUWEGEIN,0881-866868,//www.vwvastgoed.nl,https://www.bouwendnederland.nl/vereniging/lidbedrijf-zoeken?page=224
Vonk Aannemersbedrijf B.V.,BERGSCHENHOEK,Weg en Bos 80 unit 1.04 2661 GZ BERGSCHENHOEK,Weg en Bos 80 unit 1.04 2661 GZ BERGSCHENHOEK,010-7512100,//www.aannemersbedrijfvonk.nl,https://www.bouwendnederland.nl/vereniging/lidbedrijf-zoeken?page=224
Voorbij Funderingstechniek B.V.,NEDERWEERT,Postbus 20701  1001 NS AMSTERDAM,Hulsenweg 9  6031 SP NEDERWEERT,020-4077100,//www.voorbijfunderingstechniek.nl,https://www.bouwendnederland.nl/vereniging/lidbedrijf-zoeken?page=224
Voorbij Prefab Beton B.V.,AMSTERDAM,Postbus 20562  1001 NN AMSTERDAM,Sicilieweg 61  1045 AX AMSTERDAM,020-4077000,//www.voorbij-prefabbeton.nl,https://www.bouwendnederland.nl/vereniging/lidbedrijf-zoeken?page=225
Voorinfra B.V.,VAASSEN,Radeweg 25  8171 MD VAASSEN,Radeweg 25  8171 MD VAASSEN,055-2032068,//www.voorinfra.nl,https://www.bouwendnederland.nl/vereniging/lidbedrijf-zoeken?page=225
Voortbouw B.V.,POELDIJK,Jupiter 67  2685 LV POELDIJK,Leeuwenhorstlaan 21 links 2685 KZ POELDIJK,0174-752739,//www.voortbouw.nl,https://www.bouwendnederland.nl/vereniging/lidbedrijf-zoeken?page=225
Vorm 2050 B.V.,ROTTERDAM,Schiehaven 13  3024 EC ROTTERDAM,Schiehaven 13  3024 EC ROTTERDAM,010-6421300,,https://www.bouwendnederland.nl/vereniging/lidbedrijf-zoeken?page=225
VORM Bouw B.V.,ROTTERDAM,Schiehaven 13  3024 EC ROTTERDAM,Schiehaven 13  3024 EC ROTTERDAM,010-6421300,//www.vorm.nl,https://www.bouwendnederland.nl/vereniging/lidbedrijf-zoeken?page=225
VORM Holding B.V.,ROTTERDAM,Schiehaven 13  3024 EC ROTTERDAM,Schiehaven 13  3024 EC ROTTERDAM,010-6421300,//www.vorm.nl,https://www.bouwendnederland.nl/vereniging/lidbedrijf-zoeken?page=225
VORM Materieel B.V.,ROTTERDAM,Postbus 16  3350 AA PAPENDRECHT,Schiehaven 13  3024 EC ROTTERDAM,010-6421300,//www.vorm.nl,https://www.bouwendnederland.nl/vereniging/lidbedrijf-zoeken?page=225
VORM Ontwikkeling B.V.,ROTTERDAM,Postbus 16  3350 AA PAPENDRECHT,Schiehaven 13  3024 EC ROTTERDAM,010-6421300,//www.vorm.nl,https://www.bouwendnederland.nl/vereniging/lidbedrijf-zoeken?page=225
VORM Transformatie en Ontwikkeling B.V.,ROTTERDAM,Postbus 16  3350 AA PAPENDRECHT,Schiehaven 13  3024 EC ROTTERDAM,010-6421300,//www.vorm.nl,https://www.bouwendnederland.nl/vereniging/lidbedrijf-zoeken?page=225
VORM Transformatie en Renovatie B.V.,ROTTERDAM,Postbus 16  3350 AA PAPENDRECHT,Schiehaven 13  3024 EC ROTTERDAM,010-6421300,//www.vorm.nl,https://www.bouwendnederland.nl/vereniging/lidbedrijf-zoeken?page=225
VORM Vastgoedonderhoud B.V.,ROTTERDAM,Postbus 16  3350 AA PAPENDRECHT,Schiehaven 13  3024 EC ROTTERDAM,010-6421300,//www.vorm.nl,https://www.bouwendnederland.nl/vereniging/lidbedrijf-zoeken?page=225
Vos Bouwbedrijf,VEEN,Nieuwstraat  9  4264 RE VEEN,Nieuwstraat  9  4264 RE VEEN,,,https://www.bouwendnederland.nl/vereniging/lidbedrijf-zoeken?page=225
Vos Bouwbedrijf B.V.,WEERT,Ringselvenweg 1  6002 SW WEERT,Ringselvenweg 1  6002 SW WEERT,0495-541967,//www.vosbouwbedrijf.nl,https://www.bouwendnederland.nl/vereniging/lidbedrijf-zoeken?page=225
Vos' Ontwikkeling B.V.,ALKMAAR,Postbus 374  1800 AJ ALKMAAR,Edisonweg 3  1821 BN ALKMAAR,072-5118833,//www.vbmontwikkeling.nl,https://www.bouwendnederland.nl/vereniging/lidbedrijf-zoeken?page=225
Vosbouw Vroomshoop B.V.,VROOMSHOOP,Linderflier 55  7681 ZK VROOMSHOOP,Linderflier 55  7681 ZK VROOMSHOOP,0546-641397,//Vosbouw Vroomshoop B.V.,https://www.bouwendnederland.nl/vereniging/lidbedrijf-zoeken?page=225
VPM Glas B.V.,NIEUWERKERK AD IJSSEL,Hoogeveenenweg 13  2913 LV NIEUWERKERK AD IJSSEL,Hoogeveenenweg 13  2913 LV NIEUWERKERK AD IJSSEL,0180-324585,//www.vpmglas.nl,https://www.bouwendnederland.nl/vereniging/lidbedrijf-zoeken?page=225
Vreeswijk & Koebrugge Bouwmaatschappij B.V.,HUIZEN,Goederenweg 21  1271 EH HUIZEN,Goederenweg 21  1271 EH HUIZEN,035-5253910,//www.v-k.nl,https://www.bouwendnederland.nl/vereniging/lidbedrijf-zoeken?page=225
Vriesbouw h.o Ommeland Bouw B.V.,SCHILDWOLDE,Hoofdweg 181 A 9626 AD SCHILDWOLDE,Hoofdweg 181 A 9626 AD SCHILDWOLDE,050-3111815,//www.vriesbouw.eu,https://www.bouwendnederland.nl/vereniging/lidbedrijf-zoeken?page=225
Vrolick Vastgoed en Faciliteiten B.V.,HAARLEM,Pieter Goedkoopweg 30  2031 EL HAARLEM,Pieter Goedkoopweg 30  2031 EL HAARLEM,0235-314892,//www.vrolick.nl,https://www.bouwendnederland.nl/vereniging/lidbedrijf-zoeken?page=225
Vrolijk Groep B.V.,BREDA,Edisonstraat 60  4816 AX BREDA,Edisonstraat 60  4816 AX BREDA,076-2092000,,https://www.bouwendnederland.nl/vereniging/lidbedrijf-zoeken?page=225
Vromans Bouw B.V.,GOIRLE,Wim Rotherlaan 18  5051 JS GOIRLE,Wim Rotherlaan 18  5051 JS GOIRLE,013-5181955,//www.vromansbouw.nu,https://www.bouwendnederland.nl/vereniging/lidbedrijf-zoeken?page=226
Vromans van Hal B.V.,ALPHEN NB,Belsebaan 13  5131 PH ALPHEN NB,Belsebaan 13  5131 PH ALPHEN NB,013-5081530,//www.vromansvanhal.nl,https://www.bouwendnederland.nl/vereniging/lidbedrijf-zoeken?page=226
VSP Bouw en Timmerindustrie,RIJSSEN,Reggesingel 52  7461 AK RIJSSEN,Reggesingel 52  7461 AK RIJSSEN,0548-517595,//www.bouwmensen.nl/rijssen,https://www.bouwendnederland.nl/vereniging/lidbedrijf-zoeken?page=226
Vuijst Isolatie,NAARDEN,Westwalstraat 19  1411 PC NAARDEN,Westwalstraat 19  1411 PC NAARDEN,,,https://www.bouwendnederland.nl/vereniging/lidbedrijf-zoeken?page=226
VVS Bouw B.V.,EPE,Hammerstraat 10 B 8161 PH EPE,Hammerstraat 10 B 8161 PH EPE,0578-769056,//www.vvsbouw.nl,https://www.bouwendnederland.nl/vereniging/lidbedrijf-zoeken?page=226
VZ Beheer B.V.,UTRECHT,Postbus 8079  3503 RB UTRECHT,Nevadadreef 58  3565 CC UTRECHT,030-2631111,,https://www.bouwendnederland.nl/vereniging/lidbedrijf-zoeken?page=226
W. Groothuis B.V.,GENEMUIDEN,Postbus 64  8280 AB GENEMUIDEN,Spoelstraat 10  8281 JT GENEMUIDEN,038-3855161,//www.groothuisbouwgroep.nl,https://www.bouwendnederland.nl/vereniging/lidbedrijf-zoeken?page=226
W. Hartman & Zonen B.V.,ROTTERDAM,Zomerhofstraat 66  3032 CM ROTTERDAM,Zomerhofstraat 66  3032 CM ROTTERDAM,010-4661534,//www.hartman-zonen.nl,https://www.bouwendnederland.nl/vereniging/lidbedrijf-zoeken?page=226
W. le Comte Bestratingen B.V.,HEERJANSDAM,Industrieweg 2 e 2995 BE HEERJANSDAM,Industrieweg 2 e 2995 BE HEERJANSDAM,010-4830101,//www.wlecomte.nl,https://www.bouwendnederland.nl/vereniging/lidbedrijf-zoeken?page=226
W. Pothuizen Bouw B.V.,VINKEVEEN,Baambrugse Zuwe 17  3645 AA VINKEVEEN,Baambrugse Zuwe 17  3645 AA VINKEVEEN,,,https://www.bouwendnederland.nl/vereniging/lidbedrijf-zoeken?page=226
W. Prins Beheer B.V.,'T HARDE,Nijverheidsweg 20  8084 GW 'T HARDE,Nijverheidsweg 20  8084 GW 'T HARDE,0525-653211,,https://www.bouwendnederland.nl/vereniging/lidbedrijf-zoeken?page=226
W. Tap Aannemingsbedrijf,HOORN NH,Koepoortsweg 60  1624 AG HOORN NH,Koepoortsweg 60  1624 AG HOORN NH,0229-215489,//www.wtap.nl,https://www.bouwendnederland.nl/vereniging/lidbedrijf-zoeken?page=226
W. Tijmstra Bouw B.V.,ILPENDAM,Fuutstraat 23  1452 XE ILPENDAM,Fuutstraat 23  1452 XE ILPENDAM,0299-648178,//www.tijmstrabouw.nl,https://www.bouwendnederland.nl/vereniging/lidbedrijf-zoeken?page=226
W. van den Heuvel & Zn. bv,ZOETERMEER,Edisonstraat 50  2723 RP ZOETERMEER,Edisonstraat 50  2723 RP ZOETERMEER,079-3410341,,https://www.bouwendnederland.nl/vereniging/lidbedrijf-zoeken?page=226
W. Verschoor Groep B.V.,WATERINGEN,Barbier 2  2292 JP WATERINGEN,Barbier 2  2292 JP WATERINGEN,,,https://www.bouwendnederland.nl/vereniging/lidbedrijf-zoeken?page=226
W. Zweers Holding B.V.,EERBEEK,Postbus 50  6960 AB EERBEEK,Coldenhovenseweg 86  6961 EG EERBEEK,0313-659127,//www.zweersbouw.nl,https://www.bouwendnederland.nl/vereniging/lidbedrijf-zoeken?page=226
W.A. van Engeland en Zonen B.V.,APELDOORN,2e Wormenseweg 53 a 7331 VC APELDOORN,2e Wormenseweg 53 a 7331 VC APELDOORN,055-5333230,//www.vanengeland.nl,https://www.bouwendnederland.nl/vereniging/lidbedrijf-zoeken?page=226
W.G. Moermans B.V.,GELEEN,Kampstraat 16  6163 HG GELEEN,Kampstraat 16  6163 HG GELEEN,046-4747424,//www.moermans.nl,https://www.bouwendnederland.nl/vereniging/lidbedrijf-zoeken?page=226
W.T.O. Wim Traa Onderhoud B.V.,AMERSFOORT,Verhoevenstraat 18  3818 PM AMERSFOORT,Verhoevenstraat 18  3818 PM AMERSFOORT,033-4613711,//www.wimtraaonderhoud.nl,https://www.bouwendnederland.nl/vereniging/lidbedrijf-zoeken?page=226
Wacom Ingenieursbureau,ALPHEN AAN DEN RIJN,Koperweg 8  2401 LH ALPHEN AAN DEN RIJN,Koperweg 8  2401 LH ALPHEN AAN DEN RIJN,0172-469511,//www.vanderwerffgroep.nl,https://www.bouwendnederland.nl/vereniging/lidbedrijf-zoeken?page=226
Wagemakers Bouw en Ontwikkeling B.V.,OSS,Postbus 243  5340 AE OSS,Galliërsweg 21  5349 AT OSS,0412-622423,,https://www.bouwendnederland.nl/vereniging/lidbedrijf-zoeken?page=227
WalGlas,VLISSINGEN,Handelsweg 7  4387 PC VLISSINGEN,Handelsweg 7  4387 PC VLISSINGEN,0118-466878,//www.walglas.nl,https://www.bouwendnederland.nl/vereniging/lidbedrijf-zoeken?page=227
Wallcare Nederland BV,MAASSLUIS,Zwarte Zee 31  3144 DE MAASSLUIS,Zwarte Zee 31  3144 DE MAASSLUIS,0174-513300,//www.wallcare.nl,https://www.bouwendnederland.nl/vereniging/lidbedrijf-zoeken?page=227
WAM & Van Duren Bouw B.V.,WINTERSWIJK,Parallelweg 100  7102 DH WINTERSWIJK,Parallelweg 100  7102 DH WINTERSWIJK,0543-514652,//www.wamenvanduren.nl,https://www.bouwendnederland.nl/vereniging/lidbedrijf-zoeken?page=227
WAM & Van Duren Bouwgroep B.V.,WINTERSWIJK,Parallelweg 100  7102 DH WINTERSWIJK,Parallelweg 100  7102 DH WINTERSWIJK,0543-514652,//www.wamenvanduren.nl,https://www.bouwendnederland.nl/vereniging/lidbedrijf-zoeken?page=227
WAM & Van Duren Bouwprojecten bv,WINTERSWIJK,Parallelweg 100  7102 DH WINTERSWIJK,Parallelweg 100  7102 DH WINTERSWIJK,0543-514652,//www.wamenvanduren.nl,https://www.bouwendnederland.nl/vereniging/lidbedrijf-zoeken?page=227
WAM & Van Duren Bouwservice B.V.,WINTERSWIJK,Parallelweg 100  7102 DH WINTERSWIJK,Parallelweg 100  7102 DH WINTERSWIJK,0543-514652,//www.wamenvanduren.nl,https://www.bouwendnederland.nl/vereniging/lidbedrijf-zoeken?page=227
WAM & Van Duren Materieel B.V.,WINTERSWIJK,Parallelweg 100  7102 DH WINTERSWIJK,Parallelweg 100  7102 DH WINTERSWIJK,0543-514652,//www.wamenvanduren.nl,https://www.bouwendnederland.nl/vereniging/lidbedrijf-zoeken?page=227
Wanten Bouw B.V.,SEVENUM,Berghemweg 11  5975 RJ SEVENUM,Berghemweg 11  5975 RJ SEVENUM,077-4672149,//www.wantenbouw.nl,https://www.bouwendnederland.nl/vereniging/lidbedrijf-zoeken?page=227
"Water, Wegen en Grondwerken W. Lavèn B.V.",UTRECHT,Nijverheidsweg 18 R 3534 AM UTRECHT,Nijverheidsweg 18 R 3534 AM UTRECHT,030-2439348,//www.lavenbv.nl,https://www.bouwendnederland.nl/vereniging/lidbedrijf-zoeken?page=227
Waterproofing SLS B.V.,STADSKANAAL,Postbus 245  9500 AE STADSKANAAL,Tinnegieter 31  9502 EX STADSKANAAL,0599-696333,,https://www.bouwendnederland.nl/vereniging/lidbedrijf-zoeken?page=227
WATT Infra netinpassingen B.V.,EINDHOVEN,Achtseweg Zuid 151 E 5651 GW EINDHOVEN,Achtseweg Zuid 151 E 5651 GW EINDHOVEN,,,https://www.bouwendnederland.nl/vereniging/lidbedrijf-zoeken?page=227
WBC Bouw B.V.,WINTERSWIJK,Postbus 278  7100 AG WINTERSWIJK,Snelliusstraat 10  7102 ED WINTERSWIJK,0543-551010,//www.wbc.nl,https://www.bouwendnederland.nl/vereniging/lidbedrijf-zoeken?page=227
WBM Wassenaarse Bouwmaatschappij B.V.,WASSENAAR,Marineweg 8  2241 TX WASSENAAR,Marineweg 8  2241 TX WASSENAAR,070-5118200,//www.wassenaarsebouwmaatschappij.nl,https://www.bouwendnederland.nl/vereniging/lidbedrijf-zoeken?page=227
WBS Infra B.V.,SNEEK,Breewijd 44  8602 CK SNEEK,Breewijd 44  8602 CK SNEEK,0515-426798,//www.wbs-infra.nl,https://www.bouwendnederland.nl/vereniging/lidbedrijf-zoeken?page=227
Weboma Beheer B.V.,WATERINGEN,Stoelmatter 16  2292 JL WATERINGEN,Stoelmatter 16  2292 JL WATERINGEN,0174-225600,//www.weboma.nl,https://www.bouwendnederland.nl/vereniging/lidbedrijf-zoeken?page=227
Weboma Bouw Holding B.V.,WATERINGEN,Stoelmatter 16  2292 JL WATERINGEN,Stoelmatter 16  2292 JL WATERINGEN,,,https://www.bouwendnederland.nl/vereniging/lidbedrijf-zoeken?page=227
WeComplete,Hilversum,Beetslaan 13  1215 AK HILVERSUM,Vreelandseweg 40 A 1216 CH Hilversum,004-7876,//www.wecomplete.nl,https://www.bouwendnederland.nl/vereniging/lidbedrijf-zoeken?page=227
Weever Bouw B.V.,KAMPEN,Haatlanderdijk 6  8263 AR KAMPEN,Haatlanderdijk 6  8263 AR KAMPEN,038-3332010,//www.weever.nl,https://www.bouwendnederland.nl/vereniging/lidbedrijf-zoeken?page=227
Wegenbouw De Wilde B.V.,GRONINGEN,Ulgersmaweg 30 a 9731 BT GRONINGEN,Ulgersmaweg 30 a 9731 BT GRONINGEN,050-5494080,//www.dewilde-wegenbouw.nl,https://www.bouwendnederland.nl/vereniging/lidbedrijf-zoeken?page=227
Wegenbouw Lansink B.V. Saasveld,SAASVELD,Loodijk 2  7597 NV SAASVELD,Loodijk 2  7597 NV SAASVELD,074-3494766,//www.lansink-wegenbouw.nl,https://www.bouwendnederland.nl/vereniging/lidbedrijf-zoeken?page=228
Wegenbouwbedrijf J. Rutte bv,AMSTERDAM,Postbus 9587  1006 GB AMSTERDAM,Osdorperweg 588  1067 SZ AMSTERDAM,020-2805950,//www.ruttegroep.nl,https://www.bouwendnederland.nl/vereniging/lidbedrijf-zoeken?page=228
Wegro Bouwbedrijf B.V.,HARDERWIJK,Gelreweg 38  3843 AN HARDERWIJK,Gelreweg 38  3843 AN HARDERWIJK,0341-412054,//www.wegrobouwbedrijf.nl,https://www.bouwendnederland.nl/vereniging/lidbedrijf-zoeken?page=228
Wegwijsrent B.V.,GRIJPSKERK,Postbus 6  9843 ZG GRIJPSKERK,Kievitsweg 13  9843 HA GRIJPSKERK,059-4280123,//www.wegwijsrent.nl,https://www.bouwendnederland.nl/vereniging/lidbedrijf-zoeken?page=228
Weidenaar Bouw- en Aannemersbedrijf,DOKKUM,Hazelaar 2  9103 RH DOKKUM,Hazelaar 2  9103 RH DOKKUM,0519-294846,//www.weidenaarbouw.nl,https://www.bouwendnederland.nl/vereniging/lidbedrijf-zoeken?page=228
Weijers BTS B.V.,GENDT,Willem Alexanderstraat 8  6691 EE GENDT,Willem Alexanderstraat 8  6691 EE GENDT,0481-729722,//http://www.bg-totaalbouw.nl/,https://www.bouwendnederland.nl/vereniging/lidbedrijf-zoeken?page=228
Weijers Faassen Bouw B.V.,VELDHOVEN,Zandven 1  5508 RN VELDHOVEN,Zandven 1  5508 RN VELDHOVEN,040-2351778,//www.weijers-faassen-bouw.nl,https://www.bouwendnederland.nl/vereniging/lidbedrijf-zoeken?page=228
Weijman Groep B.V.,VEENENDAAL,Postbus 1111  3900 BC VEENENDAAL,De Smalle Zijde 45  3903 LM VEENENDAAL,0318-554477,//www.weijman.nl,https://www.bouwendnederland.nl/vereniging/lidbedrijf-zoeken?page=228
Weijman Vastgoedonderhoud B.V.,VEENENDAAL,Postbus 1111  3900 BC VEENENDAAL,De Smalle Zijde 45  3903 LM VEENENDAAL,0318-554477,//www.weijman.nl,https://www.bouwendnederland.nl/vereniging/lidbedrijf-zoeken?page=228
Welling Bouw | Onderhoud B.V.,WIJCHEN,Edisonstraat 20  6604 BV WIJCHEN,Edisonstraat 20  6604 BV WIJCHEN,024-6488444,//www.welling.nl,https://www.bouwendnederland.nl/vereniging/lidbedrijf-zoeken?page=228
Welstand Bouw B.V.,HENDRIK-IDO-AMBACHT,Grotenoord 22  3341 LT HENDRIK-IDO-AMBACHT,Grotenoord 22  3341 LT HENDRIK-IDO-AMBACHT,078-6919835,//www.micasa.nl,https://www.bouwendnederland.nl/vereniging/lidbedrijf-zoeken?page=228
Welstand Groep B.V.,HENDRIK-IDO-AMBACHT,Grotenoord 22  3341 LT HENDRIK-IDO-AMBACHT,Grotenoord 22  3341 LT HENDRIK-IDO-AMBACHT,078-6919835,//www.micasa.nl,https://www.bouwendnederland.nl/vereniging/lidbedrijf-zoeken?page=228
Wemac B.V.,GRIJPSKERK,Postbus 6  9843 ZG GRIJPSKERK,Kievitsweg 13  9843 HA GRIJPSKERK,0594-213439,,https://www.bouwendnederland.nl/vereniging/lidbedrijf-zoeken?page=228
Wens Interieur B.V.,Den Hoorn,Produktieweg 56  2382 PD Zoeterwoude,Kalmoeskade 2 B 2635 CS Den Hoorn,088-2501501,//www.wensinterieur.nl,https://www.bouwendnederland.nl/vereniging/lidbedrijf-zoeken?page=228
Wensing van Ooijen B.V.,LICHTENVOORDE,Op den Akker 6  7131 EB LICHTENVOORDE,Buys Ballotstraat 13 d 7131 PN LICHTENVOORDE,0544-785947,//www.wensingvanooijen.nl,https://www.bouwendnederland.nl/vereniging/lidbedrijf-zoeken?page=228
Werk-kracht.nl B.V.,ALPHEN AAN DEN RIJN,Rontgenweg 18  2408 AB ALPHEN AAN DEN RIJN,Röntgenweg 18 a 2408 AB ALPHEN AAN DEN RIJN,0172-427080,//www.werk-kracht.nl,https://www.bouwendnederland.nl/vereniging/lidbedrijf-zoeken?page=228
Werksaam B.V.,VOLENDAM,Postbus 141  1130 AC VOLENDAM,Morseweg 63  1131 PH VOLENDAM,0299-361525,,https://www.bouwendnederland.nl/vereniging/lidbedrijf-zoeken?page=228
Wesselink Bouw en Restauratie B.V.,WEERSELO,Bornsestraat 4  7595 LG WEERSELO,Bornsestraat 4  7595 LG WEERSELO,0541-661265,,https://www.bouwendnederland.nl/vereniging/lidbedrijf-zoeken?page=228
Wessels Vastgoedonderhoud B.V.,SITTARD,Baandert 14  6136 ER SITTARD,Baandert 14  6136 ER SITTARD,088-9377357,//www.wessels.cc,https://www.bouwendnederland.nl/vereniging/lidbedrijf-zoeken?page=228
West-Friesland Bouw,HEM,Groeneweg 8  1607 MK HEM,Groeneweg 8  1607 MK HEM,0228-851047,//www.wfbouw.nl,https://www.bouwendnederland.nl/vereniging/lidbedrijf-zoeken?page=228
Weste Bezit Mij B.V.,WASSENAAR,Van Halsstraat 28  2241 KT WASSENAAR,Van Halsstraat 28  2241 KT WASSENAAR,070-5176253,//www.wbmwas.nl,https://www.bouwendnederland.nl/vereniging/lidbedrijf-zoeken?page=229
Weterings Bouwbedrijf B.V.,RAAMSDONKSVEER,Rembrandtlaan 66 A 4941 ZA RAAMSDONKSVEER,Rembrandtlaan 66 A 4941 ZA RAAMSDONKSVEER,0162-513044,//www.weteringsbouwbedrijf.nl,https://www.bouwendnederland.nl/vereniging/lidbedrijf-zoeken?page=229
WETO Betonwerken B.V.,KOOTWIJKERBROEK,Kerkweg 7 a 3774 BR KOOTWIJKERBROEK,Kerkweg 7 a 3774 BR KOOTWIJKERBROEK,034-2442861,,https://www.bouwendnederland.nl/vereniging/lidbedrijf-zoeken?page=229
WETO Holding B.V.,KOOTWIJKERBROEK,Kerkweg 7 a 3774 BR KOOTWIJKERBROEK,Kerkweg 7 a 3774 BR KOOTWIJKERBROEK,034-2442861,,https://www.bouwendnederland.nl/vereniging/lidbedrijf-zoeken?page=229
Wever Amsterdam B.V.,AMSTERDAM,Prinseneiland 87  1013 LM AMSTERDAM,Prinseneiland 87  1013 LM AMSTERDAM,020-6247045,//www.weverbouw.nl,https://www.bouwendnederland.nl/vereniging/lidbedrijf-zoeken?page=229
Wever Bouwgroep b.v.,WAARLAND,Smeetsweg 8  1738 DK WAARLAND,Smeetsweg 8  1738 DK WAARLAND,0226-421739,//www.weverbouw.nl,https://www.bouwendnederland.nl/vereniging/lidbedrijf-zoeken?page=229
WH Bedrijfs-en bouwondersteuning,BRITSUM,Aldlansdyk 3  9055 NG BRITSUM,Aldlansdyk 3  9055 NG BRITSUM,058-2571036,,https://www.bouwendnederland.nl/vereniging/lidbedrijf-zoeken?page=229
Wiela B.V.,NOORDWIJKERHOUT,Gieterij 45  2211 WC NOORDWIJKERHOUT,Gieterij 45  2211 WC NOORDWIJKERHOUT,0252-374809,//www.wiela.nl,https://www.bouwendnederland.nl/vereniging/lidbedrijf-zoeken?page=229
Wielens Bouwbedrijf en Asbestsanering,HAAKSBERGEN,Binnenveldweg 40 Wielens Bouwbedrijf 7482NB Haaksbergen,Binnenveldweg 40  7482 NB HAAKSBERGEN,074-3575574,//www.wielensbv.nl,https://www.bouwendnederland.nl/vereniging/lidbedrijf-zoeken?page=229
Wiers Waterbouw B.V.,ZWARTSLUIS,Wolvenjacht 1  8064 PB ZWARTSLUIS,Wolvenjacht 1  8064 PB ZWARTSLUIS,038-3866281,//www.wierswaterbouw.nl,https://www.bouwendnederland.nl/vereniging/lidbedrijf-zoeken?page=229
Wiha B.V.,DINXPERLO,Helmkamp 57  7091 HS DINXPERLO,Helmkamp 57  7091 HS DINXPERLO,0315-686428,//www.wiha-bv.nl,https://www.bouwendnederland.nl/vereniging/lidbedrijf-zoeken?page=229
Wijcker Infra b.v.,BEVERWIJK,Wijkermeerweg 38  1948 NW BEVERWIJK,Wijkermeerweg 38  1948 NW BEVERWIJK,0251-225133,//www.wijckerinfra.nl,https://www.bouwendnederland.nl/vereniging/lidbedrijf-zoeken?page=229
Wijk Isolatie,NIEUW-BUINEN,Zuidelijke Tweederdeweg 20  9521 LA NIEUW-BUINEN,Zuidelijke Tweederdeweg 20  9521 LA NIEUW-BUINEN,,,https://www.bouwendnederland.nl/vereniging/lidbedrijf-zoeken?page=229
Wijmat Noord B.V.,GORREDIJK,Badweg 42  8401 BL GORREDIJK,Badweg 42  8401 BL GORREDIJK,0513-467654,//www.vanwijnen.nl,https://www.bouwendnederland.nl/vereniging/lidbedrijf-zoeken?page=229
Wijmat West B.V.,DORDRECHT,Postbus 155  3300 AD DORDRECHT,Jacobus Lipsweg 30  3316 BP DORDRECHT,078-6163811,//www.vanwijnen.nl,https://www.bouwendnederland.nl/vereniging/lidbedrijf-zoeken?page=229
Wijnker Bouw B.V.,SCHAGEN,Haringhuizerweg 1  1742 NS SCHAGEN,Haringhuizerweg 1  1742 NS SCHAGEN,0224-292828,//www.wijnkerbouw.nl,https://www.bouwendnederland.nl/vereniging/lidbedrijf-zoeken?page=229
Wijs Bouw B.V.,ZWANENBURG,Dennenlaan 198  1161 CW ZWANENBURG,Dennenlaan 198  1161 CW ZWANENBURG,,,https://www.bouwendnederland.nl/vereniging/lidbedrijf-zoeken?page=229
Wilbeek Bouw en Onderhoud BV,HOEVELAKEN,De Beek 8  3871 MS HOEVELAKEN,De Beek 8  3871 MS HOEVELAKEN,033-4519157,//www.wilbeek.nl,https://www.bouwendnederland.nl/vereniging/lidbedrijf-zoeken?page=229
Wilchem B.V.,PAPENDRECHT,Postbus 1066  3350 CB PAPENDRECHT,Burgemeester Keijzerweg 12  3352 AR PAPENDRECHT,078-6413988,//www.wilchem.nl,https://www.bouwendnederland.nl/vereniging/lidbedrijf-zoeken?page=229
Wildeboer Bouw B.V.,SCHOORL,Machinestraat 2  1749 DT WARMENHUIZEN,Heereweg 63  1871 EE SCHOORL,072-5091475,//www.wildeboer-bouw.nl,https://www.bouwendnederland.nl/vereniging/lidbedrijf-zoeken?page=229
Willems Bouw Beheer B.V.,VENLO,Faunalaan 32  5928 RZ VENLO,Faunalaan 32  5928 RZ VENLO,077-3261160,//www.bouwbedrijf-willems.nl,https://www.bouwendnederland.nl/vereniging/lidbedrijf-zoeken?page=230
Willems Bouwbedrijf B.V.,VENLO,Faunalaan 32  5928 RZ VENLO,Faunalaan 32  5928 RZ VENLO,077-3261160,//www.bouwbedrijf-willems.nl,https://www.bouwendnederland.nl/vereniging/lidbedrijf-zoeken?page=230
Willemsz Bouwbedrijf B.V.,SPRANG-CAPELLE,Berkhaag 2  5161 CC SPRANG-CAPELLE,Berkhaag 2  5161 CC SPRANG-CAPELLE,0416-272326,//www.willemsz.nl,https://www.bouwendnederland.nl/vereniging/lidbedrijf-zoeken?page=230
Wilting Groep B.V.,VEENDAM,Lloydsweg 5  9641 KJ VEENDAM,Lloydsweg 5  9641 KJ VEENDAM,0598-627139,//www.wiltinggroep.nl,https://www.bouwendnederland.nl/vereniging/lidbedrijf-zoeken?page=230
Wimmer Glas/ Service Glasherstel Limburg,HAELEN,Windmolenbosweg 1  6081 PE HAELEN,Windmolenbosweg 1  6081 PE HAELEN,0475-386115,//www.wimmerglas.nl,https://www.bouwendnederland.nl/vereniging/lidbedrijf-zoeken?page=230
Winters bouw & ontwikkeling B.V.,BREDA,Rat Verleghstraat 116  4815 PT BREDA,Rat Verleghstraat 116  4815 PT BREDA,076-5653250,//www.wintersbouw.nl,https://www.bouwendnederland.nl/vereniging/lidbedrijf-zoeken?page=230
Wissel Bouw B.V.,EPE,Blekersweg 16 A 8162 RK EPE,Blekersweg 16 A 8162 RK EPE,0578-614301,//www.wissel-bouw.nl,https://www.bouwendnederland.nl/vereniging/lidbedrijf-zoeken?page=230
Wits Bouw & Onderhoud,UTRECHT,Postbus 40373  3504 AD UTRECHT,Maarssenbroeksedijk 11 a 3542 DL UTRECHT,030-2448227,//www.wits.nl/wits-bedrijf/wits-utrecht,https://www.bouwendnederland.nl/vereniging/lidbedrijf-zoeken?page=230
Wits Midden B.V.,UTRECHT,Postbus 40373  3504 AD UTRECHT,Maarssenbroeksedijk 11 a 3542 DL UTRECHT,030-2448227,//www.wits.nl,https://www.bouwendnederland.nl/vereniging/lidbedrijf-zoeken?page=230
Wits Utrecht B.V.,UTRECHT,Postbus 40373  3504 AD UTRECHT,Maarssenbroeksedijk 11 a 3542 DL UTRECHT,030-2448227,//www.wits.nl,https://www.bouwendnederland.nl/vereniging/lidbedrijf-zoeken?page=230
Witte Bouw & Aannemersbedrijf B.V.,AMSTERDAM,Monitorstraat 23  1033 RM AMSTERDAM,Monitorstraat 23  1033 RM AMSTERDAM,020-6343638,//www.wittebouw.nl,https://www.bouwendnederland.nl/vereniging/lidbedrijf-zoeken?page=230
WJ-Projects B.V.,AMSTERDAM,Nieuwe Hemweg 50  1013 CX AMSTERDAM,Nieuwe Hemweg 50  1013 CX AMSTERDAM,020-6848194,//www.wj-projects.nl,https://www.bouwendnederland.nl/vereniging/lidbedrijf-zoeken?page=230
WMR Rinsumageest B.V.,RINSUMAGEEST,Van Aylvawei 40  9105 KT RINSUMAGEAST,Van Aylvawei  40  9105 KT RINSUMAGEEST,0511-425050,//www.wmr.nl,https://www.bouwendnederland.nl/vereniging/lidbedrijf-zoeken?page=230
Woldstreek Materieel B.V.,SCHILDWOLDE,Denemarken 11  9621 TM SLOCHTEREN,Hoofdweg 181 A 9626 AD SCHILDWOLDE,,,https://www.bouwendnederland.nl/vereniging/lidbedrijf-zoeken?page=230
Wolf Glas & Kozijnen,EMMELOORD,Verlengde Gildenweg 3 e 8304 BK EMMELOORD,Verlengde Gildenweg 3 e 8304 BK EMMELOORD,0527-617847,//www.wolfglasenkozijnen.nl,https://www.bouwendnederland.nl/vereniging/lidbedrijf-zoeken?page=230
Woody World B.V.,WESTZAAN,Rak 20  1551 NA WESTZAAN,Rak 20  1551 NA WESTZAAN,085-2100599,//www.woodyworld.nl,https://www.bouwendnederland.nl/vereniging/lidbedrijf-zoeken?page=230
Woody World International B.V.,WESTZAAN,Rak 20  1551 NA WESTZAAN,Rak 20  1551 NA WESTZAAN,,,https://www.bouwendnederland.nl/vereniging/lidbedrijf-zoeken?page=230
Woody World Nederland B.V.,WESTZAAN,Rak 20  1551 NA WESTZAAN,Rak 20  1551 NA WESTZAAN,,,https://www.bouwendnederland.nl/vereniging/lidbedrijf-zoeken?page=230
Woody World Projecten 2201 B.V.,WESTZAAN,Rak 20  1551 NA WESTZAAN,Rak 20  1551 NA WESTZAAN,,,https://www.bouwendnederland.nl/vereniging/lidbedrijf-zoeken?page=230
Woody World Projecten 2202 B.V.,WESTZAAN,Rak 20  1551 NA WESTZAAN,Rak 20  1551 NA WESTZAAN,,,https://www.bouwendnederland.nl/vereniging/lidbedrijf-zoeken?page=230
Woody World Projecten 2203 B.V.,WESTZAAN,Rak 20  1551 NA WESTZAAN,Rak 20  1551 NA WESTZAAN,,,https://www.bouwendnederland.nl/vereniging/lidbedrijf-zoeken?page=231
Wouter Bouw,HOOGEZAND,Parallelweg 59  9601 HS HOOGEZAND,Parallelweg 59  9601 HS HOOGEZAND,0598-744240,//www.wouterbouw.nl,https://www.bouwendnederland.nl/vereniging/lidbedrijf-zoeken?page=231
WS-Totaalbouw,MIDDELHARNIS,Juliana van Stolberglaan 3  3241 GL MIDDELHARNIS,Juliana van Stolberglaan 3  3241 GL MIDDELHARNIS,,,https://www.bouwendnederland.nl/vereniging/lidbedrijf-zoeken?page=231
XL-Glas & Verf B.V.,WOUDENBERG,Parallelweg 54  3931 MT WOUDENBERG,Parallelweg 54  3931 MT WOUDENBERG,033-4794400,//www.xlglas.nl,https://www.bouwendnederland.nl/vereniging/lidbedrijf-zoeken?page=231
XPRS B.V.,ROOSENDAAL,Molenstraat 10  4701 JS ROOSENDAAL,Molenstraat 10  4701 JS ROOSENDAAL,0165-550545,//www.xprs.nl,https://www.bouwendnederland.nl/vereniging/lidbedrijf-zoeken?page=231
Yasbouw B.V.,DORDRECHT,Kamerlingh Onnesweg 37  3316 GK DORDRECHT,Kamerlingh Onnesweg   3316 GK DORDRECHT,078-2600066,//www.yasbouw.nl,https://www.bouwendnederland.nl/vereniging/lidbedrijf-zoeken?page=231
YM Bouw B.V.,WATERINGEN,Klopperman 53 W 2292 JE WATERINGEN,Klopperman 53 W 2292 JE WATERINGEN,,,https://www.bouwendnederland.nl/vereniging/lidbedrijf-zoeken?page=231
Your Home Services B.V.,HILVERSUM,De Bazelstraat 3  1222 RG HILVERSUM,De Bazelstraat 3  1222 RG HILVERSUM,,,https://www.bouwendnederland.nl/vereniging/lidbedrijf-zoeken?page=231
YSF Bouw B.V.,AMSTERDAM,Granidastraat 44  1055 HL AMSTERDAM,Granidastraat 44  1055 HL AMSTERDAM,020-3086646,//www.ysfbouw.nl,https://www.bouwendnederland.nl/vereniging/lidbedrijf-zoeken?page=231
Z.D.T. Bouw B.V.,WAALWIJK,Besoyensestraat 82  5141 AK WAALWIJK,Besoyensestraat 82  5141 AK WAALWIJK,0416-564639,//www.zdtbouw.nl,https://www.bouwendnederland.nl/vereniging/lidbedrijf-zoeken?page=231
Zaanderwijk Alkmaar B.V.,DE GOORN,Postbus 263  1700 AG HEERHUGOWAARD,Wieder 21  1648 GA DE GOORN,072-5623323,//www.zaanderwijk.nl,https://www.bouwendnederland.nl/vereniging/lidbedrijf-zoeken?page=231
Zaanderwijk Beheer B.V.,DE GOORN,Wieder 21  1648 GA DE GOORN,Wieder 21  1648 GA DE GOORN,072-5718151,//www.zaanderwijk.nl,https://www.bouwendnederland.nl/vereniging/lidbedrijf-zoeken?page=231
Zaanderwijk Den Burg B.V.,DE GOORN,Wieder 91  1648 GA DE GOORN,Wieder 91  1648 GA DE GOORN,072-5718151,//www.zaanderwijk.nl,https://www.bouwendnederland.nl/vereniging/lidbedrijf-zoeken?page=231
Zaanderwijk Heerenveen B.V.,LEEUWARDEN,Kelvinstraat 8  8912 BA LEEUWARDEN,Kelvinstraat 8  8912 BA LEEUWARDEN,0513-745107,//www.zaanderwijk.nl,https://www.bouwendnederland.nl/vereniging/lidbedrijf-zoeken?page=231
Zaanderwijk Urk B.V.,URK,Foksdiep 22 B 8321 MK URK,Foksdiep 22 B 8321 MK URK,0527-618480,//www.zaanderwijk.nl,https://www.bouwendnederland.nl/vereniging/lidbedrijf-zoeken?page=231
Zaanderwijk Zaandam B.V.,DE GOORN,Wieder 21  1648 GA DE GOORN,Wieder 21  1648 GA DE GOORN,075-6313413,//www.zaanderwijk.nl,https://www.bouwendnederland.nl/vereniging/lidbedrijf-zoeken?page=231
Zaanstad Funderingen B.V.,ZAANDAM,Oud Zaenden 1  1506 PE ZAANDAM,Oud Zaenden 1  1506 PE ZAANDAM,075-6124656,//www.zaanstadfunderingen.nl,https://www.bouwendnederland.nl/vereniging/lidbedrijf-zoeken?page=231
Zandenbouw B.V.,AARLE-RIXTEL,Clovishof 9  5735 PN AARLE-RIXTEL,Clovishof 9  5735 PN AARLE-RIXTEL,-06 53427385,//www.zandenbouw.nl,https://www.bouwendnederland.nl/vereniging/lidbedrijf-zoeken?page=231
Zandstra Schilderwerken B.V.,STADSKANAAL,Tinnegieter 54  9502 EX STADSKANAAL,Tinnegieter 54  9502 EX STADSKANAAL,0599-322401,//www.zandstra.nl,https://www.bouwendnederland.nl/vereniging/lidbedrijf-zoeken?page=231
Zandstra Vastgoedonderhoud B.V.,STADSKANAAL,Tinnegieter 54  9502 EX STADSKANAAL,Tinnegieter 54  9502 EX STADSKANAAL,,,https://www.bouwendnederland.nl/vereniging/lidbedrijf-zoeken?page=231
Zeelenberg's Timmerwinkel B.V.,DELFT,Einsteinweg 12  2627 BN DELFT,Einsteinweg 12  2627 BN DELFT,015-2121782,//www.bouwbedrijf-zeelenberg.nl,https://www.bouwendnederland.nl/vereniging/lidbedrijf-zoeken?page=232
Zeeuws invest,GRAAUW,Graauwsedijk 39  4569 PH GRAAUW,Graauwsedijk 39  4569 PH GRAAUW,0114-635673,,https://www.bouwendnederland.nl/vereniging/lidbedrijf-zoeken?page=232
Zeeuws Vlaamse Asfalt Centrale (ZVAC) BV,SAS VAN GENT,Losplaatsweg 1  4551 LZ SAS VAN GENT,Losplaatsweg 1  4551 LZ SAS VAN GENT,0115-841000,//www.h4a.nl,https://www.bouwendnederland.nl/vereniging/lidbedrijf-zoeken?page=232
Zegers Bouw B.V.,EDE GLD,Galvanistraat 12 -2 6716 AE EDE GLD,Galvanistraat 12 -2 6716 AE EDE GLD,088-2247700,//www.zegersbouw.nl,https://www.bouwendnederland.nl/vereniging/lidbedrijf-zoeken?page=232
Zeker Bouw NL,AMSTERDAM,Poortland 66  1046 BD AMSTERDAM,Poortland 66  1046 BD AMSTERDAM,085-0605770,//www.zekerbouw.nl,https://www.bouwendnederland.nl/vereniging/lidbedrijf-zoeken?page=232
ZekerBouw B.V.,NUENEN,Van Veldekestraat 4  5671 VD NUENEN,Van Veldekestraat 4  5671 VD NUENEN,040-2025085,//www.zeker-bouw.nl,https://www.bouwendnederland.nl/vereniging/lidbedrijf-zoeken?page=232
Zetstra  Bouw Groningen B.V.,GRONINGEN,Hoendiep 101  9743 AP GRONINGEN,Hoendiep 101  9743 AP GRONINGEN,050-3121369,//www.zetstrabouw.nl,https://www.bouwendnederland.nl/vereniging/lidbedrijf-zoeken?page=232
Zetstra Bouwbedrijf Enumatil B.V.,ENUMATIL,Westerdijk 15 -1 9811 TB ENUMATIL,Westerdijk 15 -1 9811 TB ENUMATIL,0594-503590,//www.zetstra.nl,https://www.bouwendnederland.nl/vereniging/lidbedrijf-zoeken?page=232
Zichttop B.V.,'S GRAVENMOER,Molendijk 3 a 5109 RL 'S GRAVENMOER,Molendijk 3 a 5109 RL 'S GRAVENMOER,010-3330485,//www.zichttop.nl,https://www.bouwendnederland.nl/vereniging/lidbedrijf-zoeken?page=232
Zijlstra Bouw B.V.,BERLTSUM,It Koartlan 1  9041 VB BERLTSUM,It Koartlan 1  9041 VB BERLTSUM,0518-462063,//www.zijlstrabouw.nl,https://www.bouwendnederland.nl/vereniging/lidbedrijf-zoeken?page=232
Zijlstra Infra B.V.,GIESSEN,Distributiestraat 55  4283 JN GIESSEN,Distributiestraat 55  4283 JN GIESSEN,0183-441222,//www.zijlstrainfra.nl,https://www.bouwendnederland.nl/vereniging/lidbedrijf-zoeken?page=232
Zuidema Infra en Milieu B.V.,HOOGEVEEN,Postbus 492  7900 AL HOOGEVEEN,Smirnoffstraat 14  7903 AX HOOGEVEEN,0528-280080,//www.zuidema-aannemers.nl,https://www.bouwendnederland.nl/vereniging/lidbedrijf-zoeken?page=232
Zuiver Bouw BV,HAARLEM,Wagenweg 124  2012 NJ HAARLEM,Wagenweg 124   2012 NJ HAARLEM,023-3021708,//www.zuiverbouwgroep.nl,https://www.bouwendnederland.nl/vereniging/lidbedrijf-zoeken?page=232
Zuiver Bouwgroep B.V.,HAARLEM,Wagenweg 124  2012 NJ HAARLEM,Wagenweg 124  2012 NJ HAARLEM,,,https://www.bouwendnederland.nl/vereniging/lidbedrijf-zoeken?page=232
ZVS Eemnes B.V.,EEMNES,Noordersingel 22  3755 EZ EEMNES,Noordersingel 22  3755 EZ EEMNES,035-5387986,//www.zvs.nl,https://www.bouwendnederland.nl/vereniging/lidbedrijf-zoeken?page=232
Zwaluwe Bouw- en Aannemingsbedrijf B.V.,HOOGE ZWALUWE,Postbus 253  4920 AG MADE,Thijssenweg 12  4927 PC HOOGE ZWALUWE,0168-452505,//www.zwaluwebouw.nl,https://www.bouwendnederland.nl/vereniging/lidbedrijf-zoeken?page=232
Zwarthoed aannemersbedrijf,VOLENDAM,Damcoogh 3  1132 EA VOLENDAM,Damcoogh 3  1132 EA VOLENDAM,0299-350043,,https://www.bouwendnederland.nl/vereniging/lidbedrijf-zoeken?page=232
Zwarts Bouwbedrijf Naaldwijk B.V.,NAALDWIJK,Energiestraat 2  2671 DE NAALDWIJK,Energiestraat 2  2671 DE NAALDWIJK,0174-624652,//www.zwarts.nl,https://www.bouwendnederland.nl/vereniging/lidbedrijf-zoeken?page=232
Zweep-Bouw,RODEN,1e Energieweg 15 a 9301 LK RODEN,1e Energieweg 15 a 9301 LK RODEN,,,https://www.bouwendnederland.nl/vereniging/lidbedrijf-zoeken?page=232
Zweers Ane Holding B.V.,ANE,Postbus 91  7770 AB HARDENBERG,Engeland 9  7784 CH ANE,0524-561268,,https://www.bouwendnederland.nl/vereniging/lidbedrijf-zoeken?page=232
Zweersbouw B.V.,EERBEEK,Postbus 50  6960 AB EERBEEK,Coldenhovenseweg 84  6961 EG EERBEEK,0313-659127,//www.zweersbouw.nl,https://www.bouwendnederland.nl/vereniging/lidbedrijf-zoeken?page=233
Zwetsloot Aannemers B.V.,VOORHOUT,Schoonoord 64  2215 EG VOORHOUT,Schoonoord 64  2215 EG VOORHOUT,0252-212035,//www.zwetslootaannemers.nl,https://www.bouwendnederland.nl/vereniging/lidbedrijf-zoeken?page=233
